image_id,prob,label,threshold
00049.png,0.0035667042,0,0.5
00069.png,4.374114e-08,0,0.5
00253.png,2.1716485e-14,0,0.5
00296.png,1.9719039e-06,0,0.5
00305.png,1.2280901e-10,0,0.5
00335.png,2.1531116e-08,0,0.5
00519.png,9.885937e-06,0,0.5
00642.png,2.4279803e-12,0,0.5
00728.png,2.0400427e-07,0,0.5
00771.png,3.3914167e-13,0,0.5
00807.png,9.782712e-15,0,0.5
00820.png,3.8485076e-10,0,0.5
00834.png,7.983771e-09,0,0.5
00880.png,9.76932e-08,0,0.5
01050.png,1.2368897e-09,0,0.5
01167.png,4.1678072e-07,0,0.5
01280.png,4.192398e-12,0,0.5
01557.png,1.7437335e-11,0,0.5
01560.png,1.2000703e-06,0,0.5
01602.png,6.903455e-05,0,0.5
01952.png,1.3622202e-06,0,0.5
02018.png,4.9578412e-09,0,0.5
02022.png,1.3922189e-14,0,0.5
02135.png,5.574985e-09,0,0.5
02313.png,4.6278844e-13,0,0.5
02356.png,4.6430696e-11,0,0.5
02390.png,7.1968614e-05,0,0.5
02423.png,6.467129e-10,0,0.5
02487.png,0.00065138243,0,0.5
02617.png,2.4182864e-10,0,0.5
02909.png,7.857981e-06,0,0.5
02938.png,2.7911032e-05,0,0.5
02976.png,8.450849e-13,0,0.5
03032.png,1.3427841e-10,0,0.5
03127.png,9.542158e-08,0,0.5
03199.png,1.0019221e-12,0,0.5
03294.png,1.0362787e-09,0,0.5
03505.png,1.3282424e-07,0,0.5
03527.png,5.1568802e-14,0,0.5
03634.png,3.4464504e-11,0,0.5
03655.png,1.3057662e-05,0,0.5
03679.png,1.7612495e-10,0,0.5
03693.png,9.094544e-10,0,0.5
03711.png,9.333792e-10,0,0.5
03793.png,1.1927018e-09,0,0.5
03986.png,9.263104e-07,0,0.5
04223.png,2.6559258e-07,0,0.5
04426.png,1.9174542e-09,0,0.5
04576.png,6.583138e-07,0,0.5
04656.png,5.6190576e-11,0,0.5
04828.png,8.9968424e-13,0,0.5
04991.png,1.9831347e-08,0,0.5
05105.png,1.1164096e-17,0,0.5
05148.png,8.7311285e-08,0,0.5
05339.png,7.1613036e-09,0,0.5
05450.png,4.5959864e-10,0,0.5
05454.png,8.8516226e-12,0,0.5
05560.png,1.5833614e-09,0,0.5
05687.png,2.9172135e-08,0,0.5
05830.png,6.4352634e-09,0,0.5
05888.png,2.9720835e-09,0,0.5
05961.png,1.2791447e-10,0,0.5
05970.png,7.3425444e-10,0,0.5
06062.png,5.593559e-06,0,0.5
06142.png,2.1453518e-08,0,0.5
06152.png,2.448493e-09,0,0.5
06154.png,3.669921e-09,0,0.5
06216.png,1.2379652e-06,0,0.5
06430.png,1.8500921e-07,0,0.5
06462.png,4.9509445e-06,0,0.5
06559.png,2.1471835e-10,0,0.5
06720.png,1.6079865e-12,0,0.5
06930.png,8.2932056e-15,0,0.5
07013.png,3.361018e-07,0,0.5
07057.png,2.831235e-10,0,0.5
07091.png,3.115301e-07,0,0.5
07156.png,8.782714e-10,0,0.5
07216.png,3.1401125e-11,0,0.5
07413.png,0.0011931696,0,0.5
07463.png,2.6122002e-09,0,0.5
07543.png,7.5625187e-16,0,0.5
07552.png,8.2329454e-05,0,0.5
07716.png,4.803951e-08,0,0.5
07882.png,1.994973e-06,0,0.5
08071.png,2.6696634e-08,0,0.5
08134.png,6.3996036e-10,0,0.5
08174.png,3.9832068e-16,0,0.5
08243.png,2.9921343e-12,0,0.5
08411.png,9.182277e-08,0,0.5
08556.png,7.557282e-09,0,0.5
08727.png,5.989516e-11,0,0.5
08828.png,1.447912e-12,0,0.5
08949.png,1.6848309e-12,0,0.5
08995.png,1.8278554e-12,0,0.5
09016.png,1.2051932e-11,0,0.5
09253.png,3.543858e-06,0,0.5
09346.png,2.6296763e-17,0,0.5
09372.png,6.046047e-14,0,0.5
09428.png,2.3934733e-15,0,0.5
09829.png,2.1644892e-07,0,0.5
09850.png,7.616522e-10,0,0.5
10104.png,1.769069e-08,0,0.5
10105.png,1.0044995e-12,0,0.5
10123.png,1.27918795e-11,0,0.5
10175.png,1.7225673e-07,0,0.5
10316.png,6.053978e-13,0,0.5
10320.png,1.9698543e-07,0,0.5
10378.png,6.6293896e-06,0,0.5
10386.png,8.348608e-08,0,0.5
10418.png,1.0637222e-13,0,0.5
10492.png,2.9904143e-10,0,0.5
10558.png,6.0756183e-10,0,0.5
10641.png,9.020305e-15,0,0.5
10890.png,3.5071654e-08,0,0.5
11299.png,9.951093e-10,0,0.5
11308.png,4.9019666e-10,0,0.5
11336.png,2.3134149e-14,0,0.5
11347.png,1.2812885e-10,0,0.5
11488.png,0.0032049369,0,0.5
11534.png,7.192536e-18,0,0.5
11735.png,9.683605e-05,0,0.5
11801.png,4.795684e-12,0,0.5
11975.png,5.3286464e-12,0,0.5
12150.png,2.4595461e-11,0,0.5
12307.png,8.305024e-05,0,0.5
12364.png,3.0820622e-15,0,0.5
12455.png,3.1909007e-11,0,0.5
12585.png,6.2397936e-09,0,0.5
12749.png,1.0634637e-07,0,0.5
12892.png,6.311372e-09,0,0.5
12901.png,2.8010274e-17,0,0.5
12966.png,2.1538096e-06,0,0.5
13026.png,3.955121e-08,0,0.5
13281.png,1.5563747e-09,0,0.5
13409.png,4.0595157e-08,0,0.5
13472.png,5.463759e-12,0,0.5
13527.png,9.753827e-07,0,0.5
13761.png,1.907616e-05,0,0.5
13836.png,2.6482413e-08,0,0.5
14005.png,1.482403e-13,0,0.5
14085.png,2.2642759e-07,0,0.5
14444.png,2.29131e-09,0,0.5
14542.png,1.4162475e-08,0,0.5
14651.png,2.6429756e-10,0,0.5
14798.png,1.5886339e-13,0,0.5
14864.png,5.862549e-09,0,0.5
14881.png,8.9826307e-07,0,0.5
15105.png,8.1809445e-13,0,0.5
15133.png,2.9436059e-08,0,0.5
15465.png,6.3945924e-09,0,0.5
15502.png,8.3779106e-08,0,0.5
15599.png,1.6296882e-10,0,0.5
15766.png,2.33988e-11,0,0.5
15825.png,4.6428597e-10,0,0.5
15841.png,3.7942583e-14,0,0.5
15908.png,4.119135e-12,0,0.5
15909.png,1.0319439e-08,0,0.5
15994.png,8.10705e-10,0,0.5
16108.png,4.2683863e-13,0,0.5
16190.png,0.0030320499,0,0.5
16219.png,2.7156698e-06,0,0.5
16329.png,0.11747194,0,0.5
16394.png,3.7226312e-14,0,0.5
16526.png,7.1817184e-11,0,0.5
16670.png,2.1133965e-12,0,0.5
16841.png,2.828184e-11,0,0.5
16996.png,4.1361336e-08,0,0.5
17021.png,1.2298659e-08,0,0.5
17058.png,7.486835e-10,0,0.5
17129.png,1.7955367e-08,0,0.5
17175.png,3.9818137e-06,0,0.5
17241.png,2.1100311e-06,0,0.5
17265.png,2.5457797e-11,0,0.5
17282.png,1.0132913e-13,0,0.5
17289.png,5.9241724e-08,0,0.5
17399.png,1.7670576e-05,0,0.5
17426.png,5.1299542e-09,0,0.5
17566.png,7.828157e-09,0,0.5
17613.png,1.6017536e-09,0,0.5
17680.png,0.0019967298,0,0.5
17808.png,1.1430293e-08,0,0.5
17873.png,1.5168967e-10,0,0.5
17882.png,3.2592377e-12,0,0.5
17978.png,1.3853186e-14,0,0.5
18061.png,8.9958645e-13,0,0.5
18207.png,6.005271e-10,0,0.5
18267.png,6.975629e-12,0,0.5
18560.png,4.6118714e-10,0,0.5
18641.png,1.3307039e-10,0,0.5
18724.png,4.687369e-09,0,0.5
18857.png,1.3116853e-07,0,0.5
19156.png,8.159918e-14,0,0.5
19277.png,3.8044077e-12,0,0.5
19433.png,8.6516016e-13,0,0.5
19449.png,1.6031038e-10,0,0.5
19497.png,1.6134192e-07,0,0.5
19522.png,3.3201033e-07,0,0.5
19766.png,2.7168388e-09,0,0.5
19776.png,1.4371582e-10,0,0.5
19957.png,8.495625e-11,0,0.5
00049.png,0.0031263493,0,0.5
00069.png,0.00011140125,0,0.5
00253.png,0.0011830137,0,0.5
00296.png,0.17569616,0,0.5
00305.png,0.0398618,0,0.5
00335.png,0.33922854,0,0.5
00519.png,0.0010666325,0,0.5
00642.png,0.000643452,0,0.5
00728.png,0.28118512,0,0.5
00771.png,0.21445544,0,0.5
00807.png,0.0009297073,0,0.5
00820.png,0.0003919719,0,0.5
00834.png,0.030640204,0,0.5
00880.png,0.00091815647,0,0.5
01050.png,0.00015160235,0,0.5
01167.png,9.90074e-06,0,0.5
01280.png,0.00055203045,0,0.5
01557.png,0.008749473,0,0.5
01560.png,1.5215195e-05,0,0.5
01602.png,0.06719609,0,0.5
01952.png,0.0022068534,0,0.5
02018.png,0.38800675,0,0.5
02022.png,4.0060962e-07,0,0.5
02135.png,9.96419e-05,0,0.5
02313.png,6.558799e-08,0,0.5
02356.png,0.8853115,1,0.5
02390.png,2.1387239e-09,0,0.5
02423.png,0.00013567557,0,0.5
02487.png,0.82545304,1,0.5
02617.png,0.00025876026,0,0.5
02909.png,8.689542e-07,0,0.5
02938.png,6.179362e-06,0,0.5
02976.png,0.00031413173,0,0.5
03032.png,0.26627582,0,0.5
03127.png,0.19310498,0,0.5
03199.png,6.7028486e-05,0,0.5
03294.png,6.945286e-05,0,0.5
03505.png,0.00026999298,0,0.5
03527.png,0.47254705,0,0.5
03634.png,0.98511595,1,0.5
03655.png,1.2572476e-05,0,0.5
03679.png,1.2586819e-10,0,0.5
03693.png,0.3246166,0,0.5
03711.png,0.08551785,0,0.5
03793.png,0.0003886516,0,0.5
03986.png,0.30453244,0,0.5
04223.png,0.84000176,1,0.5
04426.png,7.8821564e-08,0,0.5
04576.png,0.90925664,1,0.5
04656.png,0.9782689,1,0.5
04828.png,0.9998481,1,0.5
04991.png,2.0247751e-05,0,0.5
05105.png,0.28499916,0,0.5
05148.png,0.01921144,0,0.5
05339.png,0.0020371743,0,0.5
05450.png,0.0006062181,0,0.5
05454.png,0.13691288,0,0.5
05560.png,3.365519e-05,0,0.5
05687.png,0.009316642,0,0.5
05830.png,0.06835971,0,0.5
05888.png,8.518883e-06,0,0.5
05961.png,0.8844485,1,0.5
05970.png,6.0254565e-06,0,0.5
06062.png,0.0006941848,0,0.5
06142.png,0.6057021,1,0.5
06152.png,0.020231474,0,0.5
06154.png,2.1088683e-06,0,0.5
06216.png,0.003945929,0,0.5
06430.png,0.034575503,0,0.5
06462.png,0.67559445,1,0.5
06559.png,0.032446194,0,0.5
06720.png,2.7513774e-05,0,0.5
06930.png,0.27326128,0,0.5
07013.png,0.9286603,1,0.5
07057.png,0.67522764,1,0.5
07091.png,0.0007928799,0,0.5
07156.png,0.6478579,1,0.5
07216.png,0.91067046,1,0.5
07413.png,5.8516202e-06,0,0.5
07463.png,0.6306109,1,0.5
07543.png,0.6953096,1,0.5
07552.png,0.9676972,1,0.5
07716.png,0.014255911,0,0.5
07882.png,0.8589056,1,0.5
08071.png,0.47540855,0,0.5
08134.png,0.0017358252,0,0.5
08174.png,0.9707699,1,0.5
08243.png,0.007821474,0,0.5
08411.png,0.0002415815,0,0.5
08556.png,0.07271444,0,0.5
08727.png,0.59045166,1,0.5
08828.png,3.1223578e-06,0,0.5
08949.png,7.397232e-08,0,0.5
08995.png,0.0005570374,0,0.5
09016.png,0.00026643748,0,0.5
09253.png,8.7159285e-10,0,0.5
09346.png,0.00070106954,0,0.5
09372.png,0.046985593,0,0.5
09428.png,0.00024307938,0,0.5
09829.png,0.0011565463,0,0.5
09850.png,2.05335e-08,0,0.5
10104.png,0.0019133112,0,0.5
10105.png,0.004255084,0,0.5
10123.png,8.9599154e-05,0,0.5
10175.png,0.005349403,0,0.5
10316.png,0.0007437079,0,0.5
10320.png,0.8858834,1,0.5
10378.png,0.96270865,1,0.5
10386.png,0.6101213,1,0.5
10418.png,0.0077461274,0,0.5
10492.png,0.0005465072,0,0.5
10558.png,0.08826891,0,0.5
10641.png,0.009590502,0,0.5
10890.png,0.024319349,0,0.5
11299.png,0.021021396,0,0.5
11308.png,0.68627924,1,0.5
11336.png,0.00094719796,0,0.5
11347.png,0.00380151,0,0.5
11488.png,0.00040252553,0,0.5
11534.png,0.00012321044,0,0.5
11735.png,1.08557686e-07,0,0.5
11801.png,0.0031271414,0,0.5
11975.png,0.00016229165,0,0.5
12150.png,0.52120996,1,0.5
12307.png,0.0019898147,0,0.5
12364.png,0.0056250617,0,0.5
12455.png,0.336003,0,0.5
12585.png,0.00029501057,0,0.5
12749.png,8.952325e-08,0,0.5
12892.png,0.060204417,0,0.5
12901.png,0.84904355,1,0.5
12966.png,1.0322967e-07,0,0.5
13026.png,0.9683506,1,0.5
13281.png,0.0076420866,0,0.5
13409.png,0.83426946,1,0.5
13472.png,0.006889713,0,0.5
13527.png,0.8998017,1,0.5
13761.png,0.84176546,1,0.5
13836.png,0.17130846,0,0.5
14005.png,0.9636199,1,0.5
14085.png,0.0065223146,0,0.5
14444.png,0.018442323,0,0.5
14542.png,0.038151316,0,0.5
14651.png,0.0025075434,0,0.5
14798.png,0.0113707865,0,0.5
14864.png,4.30343e-07,0,0.5
14881.png,0.00020846307,0,0.5
15105.png,0.12237766,0,0.5
15133.png,0.0010694216,0,0.5
15465.png,0.0024004942,0,0.5
15502.png,0.0019687002,0,0.5
15599.png,0.52275985,1,0.5
15766.png,0.9298281,1,0.5
15825.png,0.98914427,1,0.5
15841.png,0.63959754,1,0.5
15908.png,0.018363507,0,0.5
15909.png,0.58757216,1,0.5
15994.png,0.15010248,0,0.5
16108.png,0.9253252,1,0.5
16190.png,0.0024409427,0,0.5
16219.png,0.9761874,1,0.5
16329.png,0.0071282964,0,0.5
16394.png,0.08920595,0,0.5
16526.png,0.00078202947,0,0.5
16670.png,0.1093034,0,0.5
16841.png,0.9973035,1,0.5
16996.png,0.035979766,0,0.5
17021.png,0.000956592,0,0.5
17058.png,0.026335293,0,0.5
17129.png,0.00023994684,0,0.5
17175.png,0.99977523,1,0.5
17241.png,0.022480141,0,0.5
17265.png,0.0010976797,0,0.5
17282.png,0.0025284884,0,0.5
17289.png,0.5037379,1,0.5
17399.png,0.99996495,1,0.5
17426.png,0.0004719842,0,0.5
17566.png,0.029240299,0,0.5
17613.png,0.13594656,0,0.5
17680.png,0.00017943147,0,0.5
17808.png,0.023171607,0,0.5
17873.png,4.5197263e-05,0,0.5
17882.png,0.0015371823,0,0.5
17978.png,8.1216254e-05,0,0.5
18061.png,0.6326481,1,0.5
18207.png,0.00011005651,0,0.5
18267.png,0.008047704,0,0.5
18560.png,0.022631587,0,0.5
18641.png,1.8486769e-10,0,0.5
18724.png,2.4744606e-05,0,0.5
18857.png,0.420789,0,0.5
19156.png,0.002261015,0,0.5
19277.png,5.123384e-06,0,0.5
19433.png,1.6955271e-05,0,0.5
19449.png,0.0679921,0,0.5
19497.png,0.00013848643,0,0.5
19522.png,0.0023647128,0,0.5
19766.png,0.49065372,0,0.5
19776.png,1.36800245e-05,0,0.5
19957.png,0.0045824214,0,0.5
00049.png,4.9172146e-09,0,0.5
00069.png,1.3174291e-08,0,0.5
00253.png,6.4915325e-06,0,0.5
00296.png,4.6593692e-07,0,0.5
00305.png,4.397218e-07,0,0.5
00335.png,1.13246365e-07,0,0.5
00519.png,1.1760553e-09,0,0.5
00642.png,3.2675422e-07,0,0.5
00728.png,1.5195791e-06,0,0.5
00771.png,3.3920406e-07,0,0.5
00807.png,1.971291e-10,0,0.5
00820.png,2.3124973e-10,0,0.5
00834.png,1.4267855e-13,0,0.5
00880.png,0.00057134236,0,0.5
01050.png,1.5543919e-14,0,0.5
01167.png,2.4585319e-12,0,0.5
01280.png,1.3916006e-05,0,0.5
01557.png,1.9879101e-08,0,0.5
01560.png,5.2881575e-07,0,0.5
01602.png,1.6568207e-14,0,0.5
01952.png,1.36026465e-05,0,0.5
02018.png,7.161591e-06,0,0.5
02022.png,1.494647e-07,0,0.5
02135.png,1.00983286e-07,0,0.5
02313.png,6.1910015e-08,0,0.5
02356.png,3.2668014e-11,0,0.5
02390.png,1.5322443e-14,0,0.5
02423.png,7.816624e-09,0,0.5
02487.png,3.1508865e-08,0,0.5
02617.png,1.0165372e-05,0,0.5
02909.png,4.955374e-09,0,0.5
02938.png,4.863244e-06,0,0.5
02976.png,1.1118835e-09,0,0.5
03032.png,0.025261734,0,0.5
03127.png,2.560601e-09,0,0.5
03199.png,9.708588e-10,0,0.5
03294.png,5.6028683e-05,0,0.5
03505.png,8.867504e-05,0,0.5
03527.png,3.7419183e-09,0,0.5
03634.png,5.950843e-08,0,0.5
03655.png,2.0741454e-06,0,0.5
03679.png,1.12297435e-10,0,0.5
03693.png,2.48255e-08,0,0.5
03711.png,5.3039885e-11,0,0.5
03793.png,6.313469e-08,0,0.5
03986.png,1.2129105e-09,0,0.5
04223.png,3.8517683e-10,0,0.5
04426.png,4.6543017e-12,0,0.5
04576.png,4.582484e-12,0,0.5
04656.png,1.4139205e-05,0,0.5
04828.png,1.5305336e-09,0,0.5
04991.png,3.5756906e-07,0,0.5
05105.png,5.1474515e-12,0,0.5
05148.png,1.1840923e-10,0,0.5
05339.png,2.6009856e-08,0,0.5
05450.png,1.2108488e-09,0,0.5
05454.png,1.8743541e-10,0,0.5
05560.png,2.7340889e-06,0,0.5
05687.png,2.561959e-09,0,0.5
05830.png,1.42034855e-08,0,0.5
05888.png,1.6670668e-09,0,0.5
05961.png,9.1587945e-14,0,0.5
05970.png,3.0240863e-05,0,0.5
06062.png,0.00061594805,0,0.5
06142.png,9.628835e-07,0,0.5
06152.png,7.292902e-09,0,0.5
06154.png,0.0002344602,0,0.5
06216.png,1.9879044e-06,0,0.5
06430.png,3.9561754e-09,0,0.5
06462.png,9.0489984e-11,0,0.5
06559.png,5.46304e-08,0,0.5
06720.png,7.308344e-09,0,0.5
06930.png,3.1114643e-05,0,0.5
07013.png,1.3726584e-08,0,0.5
07057.png,3.4272536e-09,0,0.5
07091.png,5.5711716e-08,0,0.5
07156.png,1.6061828e-10,0,0.5
07216.png,3.0030575e-10,0,0.5
07413.png,2.2522697e-09,0,0.5
07463.png,7.113171e-05,0,0.5
07543.png,1.2509102e-07,0,0.5
07552.png,3.255507e-10,0,0.5
07716.png,1.4387277e-09,0,0.5
07882.png,0.0003196723,0,0.5
08071.png,0.005064886,0,0.5
08134.png,5.5303357e-12,0,0.5
08174.png,1.0307699e-11,0,0.5
08243.png,5.513095e-12,0,0.5
08411.png,6.181798e-08,0,0.5
08556.png,5.660421e-10,0,0.5
08727.png,2.1071527e-09,0,0.5
08828.png,6.2453782e-06,0,0.5
08949.png,0.00068846374,0,0.5
08995.png,1.7297488e-10,0,0.5
09016.png,6.4700616e-06,0,0.5
09253.png,1.0325109e-08,0,0.5
09346.png,9.508875e-12,0,0.5
09372.png,2.0444163e-12,0,0.5
09428.png,2.3116065e-10,0,0.5
09829.png,2.0442117e-06,0,0.5
09850.png,4.8824665e-13,0,0.5
10104.png,1.9530042e-07,0,0.5
10105.png,1.629045e-10,0,0.5
10123.png,0.0018421524,0,0.5
10175.png,9.460766e-05,0,0.5
10316.png,1.0344545e-08,0,0.5
10320.png,5.8024238e-08,0,0.5
10378.png,4.5936687e-07,0,0.5
10386.png,3.4846874e-12,0,0.5
10418.png,3.8177257e-07,0,0.5
10492.png,0.0022407232,0,0.5
10558.png,1.4142978e-09,0,0.5
10641.png,1.170995e-08,0,0.5
10890.png,3.3025966e-09,0,0.5
11299.png,2.773814e-08,0,0.5
11308.png,2.3845097e-08,0,0.5
11336.png,3.3267349e-09,0,0.5
11347.png,4.3695336e-09,0,0.5
11488.png,1.84569e-13,0,0.5
11534.png,1.3412488e-05,0,0.5
11735.png,1.4071288e-14,0,0.5
11801.png,3.731479e-07,0,0.5
11975.png,4.1579584e-11,0,0.5
12150.png,1.0902185e-05,0,0.5
12307.png,1.1300502e-07,0,0.5
12364.png,2.338933e-12,0,0.5
12455.png,2.2040242e-08,0,0.5
12585.png,8.353418e-08,0,0.5
12749.png,0.000160844,0,0.5
12892.png,9.934603e-08,0,0.5
12901.png,9.501819e-07,0,0.5
12966.png,3.2828873e-10,0,0.5
13026.png,9.559373e-12,0,0.5
13281.png,1.0600493e-05,0,0.5
13409.png,5.6500765e-10,0,0.5
13472.png,1.2167504e-05,0,0.5
13527.png,1.5676924e-10,0,0.5
13761.png,1.3797561e-08,0,0.5
13836.png,9.7284736e-11,0,0.5
14005.png,1.5663989e-09,0,0.5
14085.png,1.0255773e-05,0,0.5
14444.png,8.8463986e-10,0,0.5
14542.png,5.0580757e-09,0,0.5
14651.png,2.519469e-10,0,0.5
14798.png,2.1150133e-06,0,0.5
14864.png,2.4890832e-12,0,0.5
14881.png,0.00039841208,0,0.5
15105.png,8.0441485e-09,0,0.5
15133.png,0.0005159832,0,0.5
15465.png,1.6339514e-07,0,0.5
15502.png,0.00091542886,0,0.5
15599.png,8.436763e-06,0,0.5
15766.png,1.0967529e-07,0,0.5
15825.png,4.8794973e-09,0,0.5
15841.png,0.00014641677,0,0.5
15908.png,4.024253e-12,0,0.5
15909.png,7.7820694e-08,0,0.5
15994.png,4.7138744e-08,0,0.5
16108.png,3.040941e-06,0,0.5
16190.png,0.00038517252,0,0.5
16219.png,9.850824e-07,0,0.5
16329.png,1.587524e-07,0,0.5
16394.png,3.0396968e-05,0,0.5
16526.png,0.0006558739,0,0.5
16670.png,1.0661431e-10,0,0.5
16841.png,2.104346e-06,0,0.5
16996.png,8.9546273e-07,0,0.5
17021.png,0.12533364,0,0.5
17058.png,1.5105658e-13,0,0.5
17129.png,9.25677e-06,0,0.5
17175.png,6.2672177e-07,0,0.5
17241.png,5.58472e-10,0,0.5
17265.png,4.695488e-08,0,0.5
17282.png,1.447275e-05,0,0.5
17289.png,6.577772e-07,0,0.5
17399.png,2.1433741e-10,0,0.5
17426.png,5.726893e-10,0,0.5
17566.png,3.2765392e-13,0,0.5
17613.png,1.3297456e-09,0,0.5
17680.png,3.8150497e-10,0,0.5
17808.png,2.6620066e-06,0,0.5
17873.png,5.0132933e-11,0,0.5
17882.png,1.4215125e-10,0,0.5
17978.png,0.0017952141,0,0.5
18061.png,9.713413e-08,0,0.5
18207.png,8.211454e-11,0,0.5
18267.png,6.658546e-14,0,0.5
18560.png,8.447647e-08,0,0.5
18641.png,1.3315887e-12,0,0.5
18724.png,6.2435046e-10,0,0.5
18857.png,1.1532869e-08,0,0.5
19156.png,2.4730136e-07,0,0.5
19277.png,2.5264862e-06,0,0.5
19433.png,2.15432e-15,0,0.5
19449.png,7.621368e-08,0,0.5
19497.png,1.09747276e-07,0,0.5
19522.png,0.00010839508,0,0.5
19766.png,1.3008871e-11,0,0.5
19776.png,3.7587964e-11,0,0.5
19957.png,9.297353e-06,0,0.5
00049.png,1.7967011e-05,0,0.5
00069.png,0.00047169006,0,0.5
00253.png,0.41393405,0,0.5
00296.png,0.025304142,0,0.5
00305.png,6.232578e-05,0,0.5
00335.png,2.290187e-09,0,0.5
00519.png,0.878946,1,0.5
00642.png,2.6634336e-07,0,0.5
00728.png,0.00689759,0,0.5
00771.png,0.060370326,0,0.5
00807.png,0.033219337,0,0.5
00820.png,0.0009378595,0,0.5
00834.png,0.083448075,0,0.5
00880.png,2.0693882e-07,0,0.5
01050.png,2.096028e-06,0,0.5
01167.png,0.00024148062,0,0.5
01280.png,0.0038305419,0,0.5
01557.png,0.63184184,1,0.5
01560.png,0.0061807614,0,0.5
01602.png,3.35793e-05,0,0.5
01952.png,0.00029796702,0,0.5
02018.png,0.005658754,0,0.5
02022.png,1.9389758e-05,0,0.5
02135.png,4.089977e-06,0,0.5
02313.png,0.008346487,0,0.5
02356.png,0.0040921196,0,0.5
02390.png,0.0038215816,0,0.5
02423.png,0.98550284,1,0.5
02487.png,0.20694068,0,0.5
02617.png,0.0195343,0,0.5
02909.png,0.015235596,0,0.5
02938.png,0.36784372,0,0.5
02976.png,0.7326926,1,0.5
03032.png,0.017247563,0,0.5
03127.png,0.000121968216,0,0.5
03199.png,3.8894676e-08,0,0.5
03294.png,0.01221072,0,0.5
03505.png,0.068564415,0,0.5
03527.png,0.00026057,0,0.5
03634.png,0.00095874805,0,0.5
03655.png,0.007794099,0,0.5
03679.png,0.0041283737,0,0.5
03693.png,0.0014912076,0,0.5
03711.png,2.3857895e-06,0,0.5
03793.png,0.00023752564,0,0.5
03986.png,3.2072726e-06,0,0.5
04223.png,0.0007052356,0,0.5
04426.png,0.14079568,0,0.5
04576.png,0.0015552471,0,0.5
04656.png,0.00029677848,0,0.5
04828.png,0.00030697358,0,0.5
04991.png,0.00039795617,0,0.5
05105.png,0.0003696247,0,0.5
05148.png,0.00022430129,0,0.5
05339.png,3.7157246e-05,0,0.5
05450.png,0.07657176,0,0.5
05454.png,5.66766e-06,0,0.5
05560.png,0.0015414153,0,0.5
05687.png,0.0005636391,0,0.5
05830.png,0.020730559,0,0.5
05888.png,0.00014173372,0,0.5
05961.png,0.0008442336,0,0.5
05970.png,1.2118347e-05,0,0.5
06062.png,0.99739516,1,0.5
06142.png,0.0016903237,0,0.5
06152.png,0.53318113,1,0.5
06154.png,0.52264917,1,0.5
06216.png,0.008655651,0,0.5
06430.png,0.013126818,0,0.5
06462.png,0.0011401545,0,0.5
06559.png,9.052115e-09,0,0.5
06720.png,6.745413e-06,0,0.5
06930.png,0.0018735772,0,0.5
07013.png,0.00010552362,0,0.5
07057.png,0.91840637,1,0.5
07091.png,0.30686012,0,0.5
07156.png,3.182625e-05,0,0.5
07216.png,4.13175e-05,0,0.5
07413.png,0.9426021,1,0.5
07463.png,0.13344838,0,0.5
07543.png,0.00016178998,0,0.5
07552.png,0.12862544,0,0.5
07716.png,0.8450586,1,0.5
07882.png,0.013007787,0,0.5
08071.png,2.5624845e-06,0,0.5
08134.png,4.214834e-05,0,0.5
08174.png,0.0090655815,0,0.5
08243.png,0.00020852707,0,0.5
08411.png,0.06227645,0,0.5
08556.png,7.0141186e-06,0,0.5
08727.png,0.004724518,0,0.5
08828.png,0.00015811746,0,0.5
08949.png,0.024534784,0,0.5
08995.png,0.05155558,0,0.5
09016.png,1.3132893e-05,0,0.5
09253.png,0.002346403,0,0.5
09346.png,0.014387766,0,0.5
09372.png,0.0031942923,0,0.5
09428.png,8.4497735e-08,0,0.5
09829.png,0.0009817078,0,0.5
09850.png,0.12285529,0,0.5
10104.png,0.0010319675,0,0.5
10105.png,6.391912e-07,0,0.5
10123.png,0.021400122,0,0.5
10175.png,0.75576574,1,0.5
10316.png,0.8846004,1,0.5
10320.png,3.659676e-05,0,0.5
10378.png,0.00056931697,0,0.5
10386.png,0.0011270237,0,0.5
10418.png,4.8563434e-06,0,0.5
10492.png,0.0010545324,0,0.5
10558.png,0.0001224035,0,0.5
10641.png,5.566313e-05,0,0.5
10890.png,6.738289e-05,0,0.5
11299.png,0.14774877,0,0.5
11308.png,3.033572e-05,0,0.5
11336.png,0.0023417373,0,0.5
11347.png,0.008478866,0,0.5
11488.png,0.00040683578,0,0.5
11534.png,0.00021469237,0,0.5
11735.png,6.2143556e-08,0,0.5
11801.png,5.1891067e-05,0,0.5
11975.png,0.31539097,0,0.5
12150.png,0.00016900063,0,0.5
12307.png,7.5189632e-06,0,0.5
12364.png,0.0014361371,0,0.5
12455.png,0.025063187,0,0.5
12585.png,3.6395424e-05,0,0.5
12749.png,0.8974478,1,0.5
12892.png,3.688769e-05,0,0.5
12901.png,3.5096423e-07,0,0.5
12966.png,0.0699275,0,0.5
13026.png,0.6344679,1,0.5
13281.png,0.0002510934,0,0.5
13409.png,9.531552e-05,0,0.5
13472.png,5.396125e-05,0,0.5
13527.png,0.5489848,1,0.5
13761.png,2.3772727e-05,0,0.5
13836.png,0.07624501,0,0.5
14005.png,0.9976922,1,0.5
14085.png,0.44005597,0,0.5
14444.png,0.12817198,0,0.5
14542.png,0.00013688057,0,0.5
14651.png,0.9311576,1,0.5
14798.png,0.012019321,0,0.5
14864.png,0.023489017,0,0.5
14881.png,0.0031472254,0,0.5
15105.png,0.0053545097,0,0.5
15133.png,0.00014033246,0,0.5
15465.png,7.4087716e-06,0,0.5
15502.png,0.00010460121,0,0.5
15599.png,4.6934024e-06,0,0.5
15766.png,0.00041875258,0,0.5
15825.png,3.3771474e-07,0,0.5
15841.png,0.035724156,0,0.5
15908.png,0.13506998,0,0.5
15909.png,9.1860414e-07,0,0.5
15994.png,0.0036632558,0,0.5
16108.png,0.61448884,1,0.5
16190.png,0.00055994117,0,0.5
16219.png,0.8560671,1,0.5
16329.png,0.018391578,0,0.5
16394.png,0.01987628,0,0.5
16526.png,2.2373839e-05,0,0.5
16670.png,0.0025781633,0,0.5
16841.png,0.002789385,0,0.5
16996.png,0.0060957274,0,0.5
17021.png,0.0007147425,0,0.5
17058.png,0.06525232,0,0.5
17129.png,0.9905503,1,0.5
17175.png,0.00015121847,0,0.5
17241.png,3.238117e-05,0,0.5
17265.png,0.684124,1,0.5
17282.png,5.5445594e-06,0,0.5
17289.png,0.026892604,0,0.5
17399.png,2.8034196e-07,0,0.5
17426.png,2.0957958e-05,0,0.5
17566.png,0.024402443,0,0.5
17613.png,0.051945955,0,0.5
17680.png,0.13800362,0,0.5
17808.png,5.966457e-06,0,0.5
17873.png,0.017913116,0,0.5
17882.png,3.3816847e-05,0,0.5
17978.png,4.89901e-05,0,0.5
18061.png,0.0060479953,0,0.5
18207.png,7.376143e-05,0,0.5
18267.png,2.9518918e-09,0,0.5
18560.png,0.4801695,0,0.5
18641.png,1.3843846e-06,0,0.5
18724.png,0.00045835265,0,0.5
18857.png,0.6030686,1,0.5
19156.png,0.0005706855,0,0.5
19277.png,0.011185408,0,0.5
19433.png,0.019059394,0,0.5
19449.png,0.2764887,0,0.5
19497.png,0.00923549,0,0.5
19522.png,0.013122222,0,0.5
19766.png,0.00040320834,0,0.5
19776.png,0.5856492,1,0.5
19957.png,0.00055888627,0,0.5
00049.png,8.741401e-10,0,0.5
00069.png,5.143595e-07,0,0.5
00253.png,0.0076559056,0,0.5
00296.png,4.021875e-08,0,0.5
00305.png,2.3415095e-07,0,0.5
00335.png,8.7331436e-08,0,0.5
00519.png,3.695501e-05,0,0.5
00642.png,0.12172582,0,0.5
00728.png,1.6589015e-10,0,0.5
00771.png,3.805058e-06,0,0.5
00807.png,5.6562414e-11,0,0.5
00820.png,1.3147328e-06,0,0.5
00834.png,0.6380171,1,0.5
00880.png,7.2437006e-06,0,0.5
01050.png,0.000576745,0,0.5
01167.png,6.712444e-05,0,0.5
01280.png,1.7833008e-05,0,0.5
01557.png,0.00036781194,0,0.5
01560.png,2.3016755e-11,0,0.5
01602.png,0.11340343,0,0.5
01952.png,0.0003190262,0,0.5
02018.png,7.2815874e-06,0,0.5
02022.png,0.47358426,0,0.5
02135.png,0.00018791275,0,0.5
02313.png,0.0056785946,0,0.5
02356.png,7.997361e-05,0,0.5
02390.png,8.336654e-09,0,0.5
02423.png,8.8478245e-08,0,0.5
02487.png,0.016582359,0,0.5
02617.png,6.260438e-10,0,0.5
02909.png,0.1016921,0,0.5
02938.png,0.01540131,0,0.5
02976.png,0.0033270072,0,0.5
03032.png,1.1204667e-05,0,0.5
03127.png,0.00030585882,0,0.5
03199.png,0.00013468521,0,0.5
03294.png,0.074107796,0,0.5
03505.png,3.6693284e-05,0,0.5
03527.png,0.0020781849,0,0.5
03634.png,2.8235747e-06,0,0.5
03655.png,8.4551827e-10,0,0.5
03679.png,0.08024624,0,0.5
03693.png,1.8334009e-05,0,0.5
03711.png,2.0679909e-05,0,0.5
03793.png,0.020307919,0,0.5
03986.png,0.014536426,0,0.5
04223.png,0.0013014005,0,0.5
04426.png,3.196374e-09,0,0.5
04576.png,0.00044771453,0,0.5
04656.png,0.007496413,0,0.5
04828.png,5.257112e-08,0,0.5
04991.png,1.5176213e-05,0,0.5
05105.png,3.2135586e-06,0,0.5
05148.png,2.9212949e-08,0,0.5
05339.png,4.874388e-06,0,0.5
05450.png,1.1703914e-05,0,0.5
05454.png,7.806069e-07,0,0.5
05560.png,0.0008247733,0,0.5
05687.png,0.01397558,0,0.5
05830.png,5.0782015e-05,0,0.5
05888.png,1.2708563e-07,0,0.5
05961.png,1.05028434e-07,0,0.5
05970.png,1.1773959e-08,0,0.5
06062.png,2.3317865e-05,0,0.5
06142.png,4.1288905e-07,0,0.5
06152.png,2.3899142e-08,0,0.5
06154.png,0.0075030853,0,0.5
06216.png,2.0935604e-05,0,0.5
06430.png,7.237668e-05,0,0.5
06462.png,4.997596e-07,0,0.5
06559.png,0.0010132303,0,0.5
06720.png,7.0255545e-08,0,0.5
06930.png,0.0001085349,0,0.5
07013.png,0.0016672908,0,0.5
07057.png,5.100892e-05,0,0.5
07091.png,3.576976e-10,0,0.5
07156.png,3.902326e-05,0,0.5
07216.png,1.4365833e-07,0,0.5
07413.png,2.199394e-06,0,0.5
07463.png,2.7100352e-05,0,0.5
07543.png,0.0004921758,0,0.5
07552.png,1.4520362e-11,0,0.5
07716.png,4.0987003e-10,0,0.5
07882.png,0.0002580431,0,0.5
08071.png,0.0034118595,0,0.5
08134.png,3.249857e-05,0,0.5
08174.png,2.7612984e-08,0,0.5
08243.png,3.3835886e-07,0,0.5
08411.png,8.574462e-06,0,0.5
08556.png,1.9122696e-11,0,0.5
08727.png,1.5773495e-07,0,0.5
08828.png,4.6332567e-05,0,0.5
08949.png,1.7044275e-05,0,0.5
08995.png,1.2867437e-06,0,0.5
09016.png,0.012216692,0,0.5
09253.png,5.2726676e-07,0,0.5
09346.png,0.00017594479,0,0.5
09372.png,0.5464121,1,0.5
09428.png,0.014811123,0,0.5
09829.png,2.8957156e-06,0,0.5
09850.png,4.278037e-09,0,0.5
10104.png,2.0834011e-06,0,0.5
10105.png,7.7796365e-05,0,0.5
10123.png,0.0011421165,0,0.5
10175.png,8.568692e-06,0,0.5
10316.png,1.2503968e-08,0,0.5
10320.png,2.244325e-05,0,0.5
10378.png,3.3721053e-09,0,0.5
10386.png,7.827604e-05,0,0.5
10418.png,3.0628275e-06,0,0.5
10492.png,0.000905381,0,0.5
10558.png,0.0008279596,0,0.5
10641.png,9.791408e-12,0,0.5
10890.png,4.423907e-05,0,0.5
11299.png,0.000254846,0,0.5
11308.png,0.010180694,0,0.5
11336.png,1.0536272e-05,0,0.5
11347.png,2.6072846e-06,0,0.5
11488.png,3.4968623e-05,0,0.5
11534.png,3.295909e-08,0,0.5
11735.png,4.7349154e-08,0,0.5
11801.png,5.19738e-06,0,0.5
11975.png,3.063181e-06,0,0.5
12150.png,0.4385923,0,0.5
12307.png,7.509158e-05,0,0.5
12364.png,0.000999266,0,0.5
12455.png,7.599664e-09,0,0.5
12585.png,2.1449631e-08,0,0.5
12749.png,1.6804246e-05,0,0.5
12892.png,0.015927013,0,0.5
12901.png,9.7662834e-08,0,0.5
12966.png,5.891707e-05,0,0.5
13026.png,6.916363e-10,0,0.5
13281.png,5.787949e-10,0,0.5
13409.png,1.9732154e-08,0,0.5
13472.png,0.00096961984,0,0.5
13527.png,2.7621631e-06,0,0.5
13761.png,2.9859133e-09,0,0.5
13836.png,5.778716e-05,0,0.5
14005.png,0.25250334,0,0.5
14085.png,6.11987e-05,0,0.5
14444.png,0.0004265172,0,0.5
14542.png,0.056789406,0,0.5
14651.png,0.0046159434,0,0.5
14798.png,4.24756e-06,0,0.5
14864.png,2.1037e-06,0,0.5
14881.png,5.7694155e-07,0,0.5
15105.png,0.0004431344,0,0.5
15133.png,0.0315778,0,0.5
15465.png,0.00029920213,0,0.5
15502.png,7.5383247e-07,0,0.5
15599.png,5.797246e-07,0,0.5
15766.png,0.00010457569,0,0.5
15825.png,0.00011803148,0,0.5
15841.png,8.117871e-06,0,0.5
15908.png,1.5696858e-06,0,0.5
15909.png,1.6976128e-05,0,0.5
15994.png,0.00022744204,0,0.5
16108.png,0.00022407855,0,0.5
16190.png,6.464829e-05,0,0.5
16219.png,8.152285e-06,0,0.5
16329.png,4.0459037e-07,0,0.5
16394.png,1.745151e-07,0,0.5
16526.png,4.5903935e-06,0,0.5
16670.png,1.18940875e-07,0,0.5
16841.png,3.551247e-05,0,0.5
16996.png,3.7402356e-12,0,0.5
17021.png,2.8376587e-07,0,0.5
17058.png,0.00020724663,0,0.5
17129.png,0.02895225,0,0.5
17175.png,0.0021646607,0,0.5
17241.png,1.06191514e-07,0,0.5
17265.png,3.719183e-07,0,0.5
17282.png,0.0059985807,0,0.5
17289.png,2.3483793e-07,0,0.5
17399.png,5.4048623e-09,0,0.5
17426.png,1.1108073e-05,0,0.5
17566.png,8.5905333e-07,0,0.5
17613.png,2.3053624e-06,0,0.5
17680.png,0.0037126355,0,0.5
17808.png,6.6450156e-07,0,0.5
17873.png,6.5004366e-09,0,0.5
17882.png,1.3283744e-06,0,0.5
17978.png,0.61514944,1,0.5
18061.png,1.8416844e-05,0,0.5
18207.png,6.6058687e-06,0,0.5
18267.png,2.167498e-05,0,0.5
18560.png,5.246599e-10,0,0.5
18641.png,3.711254e-06,0,0.5
18724.png,0.00061826984,0,0.5
18857.png,1.1768405e-07,0,0.5
19156.png,2.2417838e-05,0,0.5
19277.png,6.270183e-05,0,0.5
19433.png,2.8642572e-07,0,0.5
19449.png,3.3211262e-07,0,0.5
19497.png,0.00013489832,0,0.5
19522.png,3.2976998e-06,0,0.5
19766.png,3.280312e-07,0,0.5
19776.png,1.1004122e-05,0,0.5
19957.png,0.0131106,0,0.5
00049.png,0.9806341,1,0.5
00069.png,0.0009962678,0,0.5
00253.png,0.02681435,0,0.5
00296.png,0.0001330673,0,0.5
00305.png,0.0074331523,0,0.5
00335.png,0.05320404,0,0.5
00519.png,0.73150754,1,0.5
00642.png,0.99999654,1,0.5
00728.png,3.5937202e-05,0,0.5
00771.png,1.0,1,0.5
00807.png,0.76747596,1,0.5
00820.png,0.9369571,1,0.5
00834.png,0.99773955,1,0.5
00880.png,0.79045796,1,0.5
01050.png,0.086916514,0,0.5
01167.png,0.027919345,0,0.5
01280.png,0.9959281,1,0.5
01557.png,0.043396533,0,0.5
01560.png,0.53918725,1,0.5
01602.png,0.9559863,1,0.5
01952.png,0.9959997,1,0.5
02018.png,0.9948257,1,0.5
02022.png,0.99915373,1,0.5
02135.png,0.8388038,1,0.5
02313.png,0.00088951923,0,0.5
02356.png,0.9924852,1,0.5
02390.png,0.56094646,1,0.5
02423.png,0.93565786,1,0.5
02487.png,0.72441983,1,0.5
02617.png,0.019180506,0,0.5
02909.png,0.85952526,1,0.5
02938.png,0.7703413,1,0.5
02976.png,0.995048,1,0.5
03032.png,0.0704029,0,0.5
03127.png,3.8469934e-05,0,0.5
03199.png,0.009352537,0,0.5
03294.png,0.2994991,0,0.5
03505.png,0.11155391,0,0.5
03527.png,0.05499144,0,0.5
03634.png,0.8899731,1,0.5
03655.png,0.99962735,1,0.5
03679.png,0.19840659,0,0.5
03693.png,0.0060939277,0,0.5
03711.png,0.9645005,1,0.5
03793.png,0.00032952792,0,0.5
03986.png,0.99992585,1,0.5
04223.png,0.7099136,1,0.5
04426.png,0.00032930274,0,0.5
04576.png,0.009319363,0,0.5
04656.png,0.09231526,0,0.5
04828.png,0.39304084,0,0.5
04991.png,0.9506288,1,0.5
05105.png,0.072405815,0,0.5
05148.png,0.99868697,1,0.5
05339.png,0.9785969,1,0.5
05450.png,0.9749078,1,0.5
05454.png,0.91879684,1,0.5
05560.png,0.99883264,1,0.5
05687.png,0.0074493387,0,0.5
05830.png,0.98975664,1,0.5
05888.png,0.9810962,1,0.5
05961.png,3.0000379e-06,0,0.5
05970.png,0.0037191103,0,0.5
06062.png,0.6155467,1,0.5
06142.png,0.7817486,1,0.5
06152.png,0.51891303,1,0.5
06154.png,0.9966762,1,0.5
06216.png,0.027445834,0,0.5
06430.png,0.7187673,1,0.5
06462.png,0.9417676,1,0.5
06559.png,0.3312376,0,0.5
06720.png,0.9825234,1,0.5
06930.png,0.9968965,1,0.5
07013.png,0.99929225,1,0.5
07057.png,0.62670666,1,0.5
07091.png,0.8502539,1,0.5
07156.png,0.9607903,1,0.5
07216.png,0.49460426,0,0.5
07413.png,0.98805505,1,0.5
07463.png,0.00026384814,0,0.5
07543.png,3.3314243e-06,0,0.5
07552.png,0.9826391,1,0.5
07716.png,0.15684472,0,0.5
07882.png,0.84634197,1,0.5
08071.png,0.03800002,0,0.5
08134.png,0.025710141,0,0.5
08174.png,0.9963084,1,0.5
08243.png,0.8443932,1,0.5
08411.png,0.20516792,0,0.5
08556.png,0.0018774333,0,0.5
08727.png,0.9977296,1,0.5
08828.png,0.0024209023,0,0.5
08949.png,0.99303293,1,0.5
08995.png,0.99494874,1,0.5
09016.png,0.0030884114,0,0.5
09253.png,0.019200772,0,0.5
09346.png,0.20622268,0,0.5
09372.png,0.02846987,0,0.5
09428.png,0.009004764,0,0.5
09829.png,0.9998864,1,0.5
09850.png,0.770114,1,0.5
10104.png,0.00022900091,0,0.5
10105.png,2.382397e-06,0,0.5
10123.png,0.9990896,1,0.5
10175.png,0.17855197,0,0.5
10316.png,0.99838006,1,0.5
10320.png,0.020763546,0,0.5
10378.png,0.60906637,1,0.5
10386.png,0.98366827,1,0.5
10418.png,0.001674675,0,0.5
10492.png,0.9903467,1,0.5
10558.png,0.9957054,1,0.5
10641.png,0.0018139803,0,0.5
10890.png,0.9871177,1,0.5
11299.png,0.7993159,1,0.5
11308.png,0.0040124916,0,0.5
11336.png,0.9997025,1,0.5
11347.png,0.01772328,0,0.5
11488.png,0.9409614,1,0.5
11534.png,0.76836836,1,0.5
11735.png,0.9818417,1,0.5
11801.png,0.99985635,1,0.5
11975.png,0.9077579,1,0.5
12150.png,0.27866608,0,0.5
12307.png,0.005380322,0,0.5
12364.png,0.23700571,0,0.5
12455.png,0.9900148,1,0.5
12585.png,0.08716545,0,0.5
12749.png,0.006127498,0,0.5
12892.png,0.003043869,0,0.5
12901.png,0.30539387,0,0.5
12966.png,0.97047746,1,0.5
13026.png,0.9580548,1,0.5
13281.png,0.7162289,1,0.5
13409.png,0.76008,1,0.5
13472.png,0.8121492,1,0.5
13527.png,0.0037378736,0,0.5
13761.png,0.47791263,0,0.5
13836.png,0.64398724,1,0.5
14005.png,0.51036525,1,0.5
14085.png,0.005759856,0,0.5
14444.png,0.047187116,0,0.5
14542.png,0.16636086,0,0.5
14651.png,0.014775971,0,0.5
14798.png,0.98548186,1,0.5
14864.png,0.9989347,1,0.5
14881.png,0.050518516,0,0.5
15105.png,0.036092713,0,0.5
15133.png,0.94610447,1,0.5
15465.png,0.9935075,1,0.5
15502.png,0.6508017,1,0.5
15599.png,0.99926215,1,0.5
15766.png,0.06361269,0,0.5
15825.png,0.99904996,1,0.5
15841.png,0.9361894,1,0.5
15908.png,0.25209677,0,0.5
15909.png,0.962487,1,0.5
15994.png,0.9327652,1,0.5
16108.png,0.32871675,0,0.5
16190.png,0.8494213,1,0.5
16219.png,0.10184772,0,0.5
16329.png,0.3988653,0,0.5
16394.png,0.014965999,0,0.5
16526.png,0.5691702,1,0.5
16670.png,0.55110604,1,0.5
16841.png,0.118041545,0,0.5
16996.png,0.010759781,0,0.5
17021.png,0.9933275,1,0.5
17058.png,0.99927825,1,0.5
17129.png,6.3334096e-06,0,0.5
17175.png,0.96949065,1,0.5
17241.png,0.99942315,1,0.5
17265.png,0.9989242,1,0.5
17282.png,0.9279443,1,0.5
17289.png,0.23214412,0,0.5
17399.png,0.0061742943,0,0.5
17426.png,0.9788341,1,0.5
17566.png,8.279568e-06,0,0.5
17613.png,0.54905206,1,0.5
17680.png,0.65110976,1,0.5
17808.png,0.7480806,1,0.5
17873.png,0.61755365,1,0.5
17882.png,0.000119931705,0,0.5
17978.png,0.4831836,0,0.5
18061.png,0.52836627,1,0.5
18207.png,0.72781557,1,0.5
18267.png,0.06546963,0,0.5
18560.png,0.0023443187,0,0.5
18641.png,0.99987185,1,0.5
18724.png,0.5011617,1,0.5
18857.png,0.0068869106,0,0.5
19156.png,0.0045148004,0,0.5
19277.png,0.0014389354,0,0.5
19433.png,0.6580539,1,0.5
19449.png,0.9493992,1,0.5
19497.png,0.00036361974,0,0.5
19522.png,0.2907336,0,0.5
19766.png,0.24136235,0,0.5
19776.png,0.020150108,0,0.5
19957.png,0.094803154,0,0.5
00049.png,2.4461374e-07,0,0.5
00069.png,2.5583162e-09,0,0.5
00253.png,0.0029583387,0,0.5
00296.png,4.9575846e-07,0,0.5
00305.png,1.4175248e-13,0,0.5
00335.png,1.877559e-11,0,0.5
00519.png,3.733052e-08,0,0.5
00642.png,5.439404e-09,0,0.5
00728.png,8.1832006e-11,0,0.5
00771.png,5.048888e-10,0,0.5
00807.png,3.7739794e-09,0,0.5
00820.png,5.0801125e-12,0,0.5
00834.png,3.682699e-07,0,0.5
00880.png,2.8213898e-11,0,0.5
01050.png,1.1852491e-06,0,0.5
01167.png,7.623257e-07,0,0.5
01280.png,8.658111e-08,0,0.5
01557.png,1.4628931e-09,0,0.5
01560.png,1.5321255e-06,0,0.5
01602.png,5.4886203e-11,0,0.5
01952.png,4.144275e-08,0,0.5
02018.png,1.4642141e-12,0,0.5
02022.png,2.7850186e-10,0,0.5
02135.png,1.6208478e-06,0,0.5
02313.png,1.2877061e-06,0,0.5
02356.png,3.073836e-12,0,0.5
02390.png,3.0138546e-07,0,0.5
02423.png,4.7999944e-08,0,0.5
02487.png,3.8342796e-06,0,0.5
02617.png,5.6325437e-08,0,0.5
02909.png,6.23499e-07,0,0.5
02938.png,3.3178523e-08,0,0.5
02976.png,2.6720576e-08,0,0.5
03032.png,2.802248e-08,0,0.5
03127.png,1.0330947e-05,0,0.5
03199.png,4.9955776e-11,0,0.5
03294.png,1.437052e-13,0,0.5
03505.png,2.4016444e-08,0,0.5
03527.png,8.5188585e-06,0,0.5
03634.png,1.15590026e-07,0,0.5
03655.png,3.2872265e-08,0,0.5
03679.png,1.0543297e-09,0,0.5
03693.png,2.1767323e-06,0,0.5
03711.png,2.9535322e-06,0,0.5
03793.png,9.27171e-13,0,0.5
03986.png,2.3434078e-19,0,0.5
04223.png,2.4576552e-08,0,0.5
04426.png,8.047626e-14,0,0.5
04576.png,8.4696323e-13,0,0.5
04656.png,2.7938964e-07,0,0.5
04828.png,2.0244732e-10,0,0.5
04991.png,1.3014081e-15,0,0.5
05105.png,5.7103143e-06,0,0.5
05148.png,1.649537e-10,0,0.5
05339.png,7.279035e-12,0,0.5
05450.png,2.3133471e-15,0,0.5
05454.png,6.365742e-07,0,0.5
05560.png,7.488574e-22,0,0.5
05687.png,4.3756692e-14,0,0.5
05830.png,5.2124836e-11,0,0.5
05888.png,9.6963724e-14,0,0.5
05961.png,3.6160046e-07,0,0.5
05970.png,2.103925e-08,0,0.5
06062.png,4.1587936e-10,0,0.5
06142.png,4.0107193e-09,0,0.5
06152.png,4.3006994e-09,0,0.5
06154.png,2.480081e-05,0,0.5
06216.png,1.7737852e-16,0,0.5
06430.png,9.548126e-13,0,0.5
06462.png,2.6612705e-07,0,0.5
06559.png,8.417685e-06,0,0.5
06720.png,6.7297066e-09,0,0.5
06930.png,5.7639074e-11,0,0.5
07013.png,1.8777988e-15,0,0.5
07057.png,3.0686492e-10,0,0.5
07091.png,8.1383495e-09,0,0.5
07156.png,5.058092e-14,0,0.5
07216.png,1.2794779e-08,0,0.5
07413.png,1.0108579e-15,0,0.5
07463.png,2.4683264e-10,0,0.5
07543.png,6.838315e-10,0,0.5
07552.png,8.990407e-10,0,0.5
07716.png,7.4761747e-10,0,0.5
07882.png,2.4108061e-11,0,0.5
08071.png,1.6912606e-08,0,0.5
08134.png,1.299258e-11,0,0.5
08174.png,3.1276692e-10,0,0.5
08243.png,1.4646541e-10,0,0.5
08411.png,4.223814e-07,0,0.5
08556.png,7.150017e-06,0,0.5
08727.png,2.0363937e-06,0,0.5
08828.png,1.7959071e-07,0,0.5
08949.png,3.9061336e-09,0,0.5
08995.png,6.733199e-09,0,0.5
09016.png,1.212907e-07,0,0.5
09253.png,1.3150664e-16,0,0.5
09346.png,3.7526195e-08,0,0.5
09372.png,6.6474716e-17,0,0.5
09428.png,1.1038864e-07,0,0.5
09829.png,2.981797e-10,0,0.5
09850.png,9.9455804e-08,0,0.5
10104.png,3.152595e-11,0,0.5
10105.png,9.104011e-08,0,0.5
10123.png,9.384493e-09,0,0.5
10175.png,5.043002e-12,0,0.5
10316.png,4.3733395e-11,0,0.5
10320.png,1.3158269e-08,0,0.5
10378.png,1.2542616e-08,0,0.5
10386.png,0.00021024742,0,0.5
10418.png,1.3780865e-11,0,0.5
10492.png,4.3183365e-10,0,0.5
10558.png,4.8916107e-13,0,0.5
10641.png,2.2303519e-13,0,0.5
10890.png,1.6186288e-10,0,0.5
11299.png,4.6502535e-09,0,0.5
11308.png,3.2414384e-05,0,0.5
11336.png,1.9072534e-07,0,0.5
11347.png,3.0868037e-07,0,0.5
11488.png,1.1863873e-07,0,0.5
11534.png,1.4892777e-10,0,0.5
11735.png,5.6922566e-12,0,0.5
11801.png,4.2676565e-08,0,0.5
11975.png,1.8414781e-12,0,0.5
12150.png,4.665976e-05,0,0.5
12307.png,1.9281972e-08,0,0.5
12364.png,1.6502709e-09,0,0.5
12455.png,1.9891884e-08,0,0.5
12585.png,4.275698e-08,0,0.5
12749.png,3.767147e-09,0,0.5
12892.png,1.3543263e-06,0,0.5
12901.png,1.582357e-08,0,0.5
12966.png,2.7957035e-06,0,0.5
13026.png,2.065793e-06,0,0.5
13281.png,3.5302583e-05,0,0.5
13409.png,1.0981153e-08,0,0.5
13472.png,1.4113839e-14,0,0.5
13527.png,3.4304465e-12,0,0.5
13761.png,5.756418e-10,0,0.5
13836.png,6.249105e-05,0,0.5
14005.png,5.727494e-06,0,0.5
14085.png,6.6434422e-09,0,0.5
14444.png,9.847247e-10,0,0.5
14542.png,9.4335555e-06,0,0.5
14651.png,6.3415753e-09,0,0.5
14798.png,1.1074531e-05,0,0.5
14864.png,1.7198145e-06,0,0.5
14881.png,0.0009470743,0,0.5
15105.png,7.931053e-07,0,0.5
15133.png,8.484397e-16,0,0.5
15465.png,8.028928e-09,0,0.5
15502.png,1.3929758e-18,0,0.5
15599.png,5.389914e-06,0,0.5
15766.png,1.4590741e-05,0,0.5
15825.png,2.9201528e-08,0,0.5
15841.png,9.834164e-14,0,0.5
15908.png,1.3191168e-11,0,0.5
15909.png,5.4224265e-09,0,0.5
15994.png,2.011481e-06,0,0.5
16108.png,2.398306e-09,0,0.5
16190.png,6.634038e-05,0,0.5
16219.png,2.8692114e-07,0,0.5
16329.png,4.0520234e-10,0,0.5
16394.png,1.5853581e-10,0,0.5
16526.png,1.2912007e-09,0,0.5
16670.png,1.1763563e-12,0,0.5
16841.png,2.2826109e-10,0,0.5
16996.png,3.107535e-05,0,0.5
17021.png,1.2493877e-09,0,0.5
17058.png,9.2014396e-08,0,0.5
17129.png,2.3084306e-07,0,0.5
17175.png,1.5085619e-09,0,0.5
17241.png,1.961588e-05,0,0.5
17265.png,2.4165632e-09,0,0.5
17282.png,2.1835826e-09,0,0.5
17289.png,5.951938e-07,0,0.5
17399.png,9.322119e-05,0,0.5
17426.png,2.6424488e-05,0,0.5
17566.png,3.8337453e-10,0,0.5
17613.png,3.8534234e-13,0,0.5
17680.png,6.865884e-12,0,0.5
17808.png,4.4013877e-12,0,0.5
17873.png,6.4131063e-07,0,0.5
17882.png,2.8158254e-07,0,0.5
17978.png,2.4622452e-11,0,0.5
18061.png,1.9704059e-08,0,0.5
18207.png,1.017989e-09,0,0.5
18267.png,1.9519407e-06,0,0.5
18560.png,3.8094182e-08,0,0.5
18641.png,7.0178237e-09,0,0.5
18724.png,5.268375e-08,0,0.5
18857.png,2.6377128e-10,0,0.5
19156.png,5.2544778e-11,0,0.5
19277.png,1.6485878e-06,0,0.5
19433.png,2.2856967e-09,0,0.5
19449.png,0.0056925043,0,0.5
19497.png,8.107919e-13,0,0.5
19522.png,1.0028997e-07,0,0.5
19766.png,2.1268227e-07,0,0.5
19776.png,4.467122e-06,0,0.5
19957.png,2.7311286e-15,0,0.5
00049.png,0.0017873256,0,0.5
00069.png,0.02882861,0,0.5
00253.png,0.05637168,0,0.5
00296.png,0.0001352355,0,0.5
00305.png,0.033252258,0,0.5
00335.png,3.66531e-06,0,0.5
00519.png,0.06032661,0,0.5
00642.png,0.01576139,0,0.5
00728.png,0.0048445957,0,0.5
00771.png,0.0028514317,0,0.5
00807.png,0.6494862,1,0.5
00820.png,0.00022917915,0,0.5
00834.png,0.083245166,0,0.5
00880.png,3.0924393e-06,0,0.5
01050.png,0.07566522,0,0.5
01167.png,0.0014489458,0,0.5
01280.png,0.00019827207,0,0.5
01557.png,0.0001016881,0,0.5
01560.png,2.0157126e-05,0,0.5
01602.png,3.0145498e-05,0,0.5
01952.png,0.2189347,0,0.5
02018.png,0.0066949716,0,0.5
02022.png,0.12276438,0,0.5
02135.png,7.3344105e-05,0,0.5
02313.png,0.007314447,0,0.5
02356.png,0.0003053172,0,0.5
02390.png,0.13094717,0,0.5
02423.png,0.67082554,1,0.5
02487.png,0.027679697,0,0.5
02617.png,0.026464751,0,0.5
02909.png,8.585497e-05,0,0.5
02938.png,1.2668691e-07,0,0.5
02976.png,0.02730364,0,0.5
03032.png,0.050192967,0,0.5
03127.png,2.3078867e-07,0,0.5
03199.png,2.2317645e-05,0,0.5
03294.png,0.00016234415,0,0.5
03505.png,0.004646012,0,0.5
03527.png,0.00010008176,0,0.5
03634.png,0.018158874,0,0.5
03655.png,0.0046536457,0,0.5
03679.png,0.00063175807,0,0.5
03693.png,2.9518144e-06,0,0.5
03711.png,0.0011295474,0,0.5
03793.png,0.90396273,1,0.5
03986.png,0.066098094,0,0.5
04223.png,0.00031190316,0,0.5
04426.png,0.18168138,0,0.5
04576.png,2.5289373e-05,0,0.5
04656.png,0.0006212161,0,0.5
04828.png,0.0004825624,0,0.5
04991.png,0.008242355,0,0.5
05105.png,0.019918475,0,0.5
05148.png,0.003088802,0,0.5
05339.png,1.7254593e-05,0,0.5
05450.png,0.62470716,1,0.5
05454.png,4.6541416e-05,0,0.5
05560.png,0.0041711694,0,0.5
05687.png,0.00015322278,0,0.5
05830.png,1.7602271e-05,0,0.5
05888.png,2.2489746e-07,0,0.5
05961.png,0.0009099712,0,0.5
05970.png,4.7101723e-05,0,0.5
06062.png,0.0015906186,0,0.5
06142.png,4.431792e-06,0,0.5
06152.png,0.0013682799,0,0.5
06154.png,0.00080691755,0,0.5
06216.png,0.084102415,0,0.5
06430.png,0.1975784,0,0.5
06462.png,0.06088102,0,0.5
06559.png,0.0011509104,0,0.5
06720.png,0.0013026064,0,0.5
06930.png,2.8646979e-05,0,0.5
07013.png,0.002733425,0,0.5
07057.png,0.0010921359,0,0.5
07091.png,0.07665676,0,0.5
07156.png,7.447826e-06,0,0.5
07216.png,5.6392484e-05,0,0.5
07413.png,0.0006436041,0,0.5
07463.png,0.24639751,0,0.5
07543.png,0.89207065,1,0.5
07552.png,0.0026345167,0,0.5
07716.png,1.11140956e-07,0,0.5
07882.png,0.002979324,0,0.5
08071.png,0.003297922,0,0.5
08134.png,0.7866608,1,0.5
08174.png,0.00058477535,0,0.5
08243.png,0.00019644754,0,0.5
08411.png,0.023803242,0,0.5
08556.png,0.29641446,0,0.5
08727.png,0.00035957468,0,0.5
08828.png,0.00031575735,0,0.5
08949.png,2.4875446e-05,0,0.5
08995.png,0.033188578,0,0.5
09016.png,0.2627884,0,0.5
09253.png,0.010743339,0,0.5
09346.png,0.96183884,1,0.5
09372.png,0.39310783,0,0.5
09428.png,0.00020854577,0,0.5
09829.png,0.0037679514,0,0.5
09850.png,0.31682646,0,0.5
10104.png,3.82024e-05,0,0.5
10105.png,0.24385373,0,0.5
10123.png,8.387302e-05,0,0.5
10175.png,0.00057817413,0,0.5
10316.png,5.548749e-06,0,0.5
10320.png,0.04740059,0,0.5
10378.png,0.0027857798,0,0.5
10386.png,3.3351341e-06,0,0.5
10418.png,0.10762451,0,0.5
10492.png,0.019214084,0,0.5
10558.png,0.0011285294,0,0.5
10641.png,0.015914977,0,0.5
10890.png,0.14166684,0,0.5
11299.png,1.4251975e-05,0,0.5
11308.png,0.002446656,0,0.5
11336.png,0.00021060434,0,0.5
11347.png,8.591253e-05,0,0.5
11488.png,0.022397986,0,0.5
11534.png,0.3397691,0,0.5
11735.png,0.0003453648,0,0.5
11801.png,0.0002133826,0,0.5
11975.png,0.6847376,1,0.5
12150.png,0.24167766,0,0.5
12307.png,0.0019786137,0,0.5
12364.png,6.2900344e-06,0,0.5
12455.png,0.0005950193,0,0.5
12585.png,7.30678e-05,0,0.5
12749.png,1.339084e-05,0,0.5
12892.png,0.8808758,1,0.5
12901.png,0.33227432,0,0.5
12966.png,0.65824276,1,0.5
13026.png,0.025122736,0,0.5
13281.png,0.0001919094,0,0.5
13409.png,5.5424724e-05,0,0.5
13472.png,0.00023772591,0,0.5
13527.png,0.06521341,0,0.5
13761.png,1.2670796e-06,0,0.5
13836.png,0.4868702,0,0.5
14005.png,1.5325566e-07,0,0.5
14085.png,4.1665222e-05,0,0.5
14444.png,3.6679746e-06,0,0.5
14542.png,0.07275312,0,0.5
14651.png,0.223594,0,0.5
14798.png,4.0938485e-06,0,0.5
14864.png,0.9005824,1,0.5
14881.png,0.006497387,0,0.5
15105.png,9.74857e-05,0,0.5
15133.png,0.017585268,0,0.5
15465.png,0.71447355,1,0.5
15502.png,0.0007702522,0,0.5
15599.png,7.926303e-05,0,0.5
15766.png,0.00027255708,0,0.5
15825.png,0.4464859,0,0.5
15841.png,8.5449074e-07,0,0.5
15908.png,7.8456964e-05,0,0.5
15909.png,0.00013420523,0,0.5
15994.png,0.0024446181,0,0.5
16108.png,2.8417398e-07,0,0.5
16190.png,0.17165866,0,0.5
16219.png,0.02433326,0,0.5
16329.png,0.014730912,0,0.5
16394.png,0.56297106,1,0.5
16526.png,0.9954596,1,0.5
16670.png,0.00046458398,0,0.5
16841.png,0.1741306,0,0.5
16996.png,0.05352164,0,0.5
17021.png,2.7277623e-05,0,0.5
17058.png,0.00076438923,0,0.5
17129.png,0.010388255,0,0.5
17175.png,0.00045691614,0,0.5
17241.png,0.31678653,0,0.5
17265.png,1.8071053e-06,0,0.5
17282.png,6.7863465e-07,0,0.5
17289.png,1.474121e-06,0,0.5
17399.png,0.016272262,0,0.5
17426.png,0.013983574,0,0.5
17566.png,0.14259568,0,0.5
17613.png,0.0034178733,0,0.5
17680.png,0.014898308,0,0.5
17808.png,3.816462e-06,0,0.5
17873.png,0.15601985,0,0.5
17882.png,2.5965642e-08,0,0.5
17978.png,0.08337286,0,0.5
18061.png,6.006374e-05,0,0.5
18207.png,0.0001704983,0,0.5
18267.png,0.6121232,1,0.5
18560.png,0.022557912,0,0.5
18641.png,8.265626e-09,0,0.5
18724.png,0.99819857,1,0.5
18857.png,9.611801e-06,0,0.5
19156.png,6.954034e-05,0,0.5
19277.png,0.00461085,0,0.5
19433.png,0.12240204,0,0.5
19449.png,0.0014198336,0,0.5
19497.png,0.0053882436,0,0.5
19522.png,0.0374792,0,0.5
19766.png,0.18555525,0,0.5
19776.png,0.00067471206,0,0.5
19957.png,0.47087356,0,0.5
00049.png,1.2531444e-06,0,0.5
00069.png,1.0179157e-06,0,0.5
00253.png,5.96126e-07,0,0.5
00296.png,5.6477114e-07,0,0.5
00305.png,3.449295e-09,0,0.5
00335.png,5.385473e-05,0,0.5
00519.png,1.5026347e-07,0,0.5
00642.png,0.0033023532,0,0.5
00728.png,0.0034078115,0,0.5
00771.png,0.14579849,0,0.5
00807.png,6.640731e-09,0,0.5
00820.png,0.0055403723,0,0.5
00834.png,1.807326e-07,0,0.5
00880.png,4.847173e-08,0,0.5
01050.png,1.5932881e-05,0,0.5
01167.png,0.0012711647,0,0.5
01280.png,2.101019e-05,0,0.5
01557.png,2.8757905e-08,0,0.5
01560.png,0.0003451186,0,0.5
01602.png,4.4761354e-08,0,0.5
01952.png,4.671042e-05,0,0.5
02018.png,7.868699e-05,0,0.5
02022.png,0.0008401041,0,0.5
02135.png,0.099573076,0,0.5
02313.png,0.001560017,0,0.5
02356.png,1.1203995e-06,0,0.5
02390.png,0.0006842362,0,0.5
02423.png,6.157997e-10,0,0.5
02487.png,8.017995e-06,0,0.5
02617.png,0.00022285724,0,0.5
02909.png,5.002002e-07,0,0.5
02938.png,7.965907e-07,0,0.5
02976.png,0.0039288243,0,0.5
03032.png,4.192285e-05,0,0.5
03127.png,1.4584002e-08,0,0.5
03199.png,1.2186387e-05,0,0.5
03294.png,1.3790405e-08,0,0.5
03505.png,7.749831e-10,0,0.5
03527.png,3.6623887e-06,0,0.5
03634.png,0.00010105503,0,0.5
03655.png,4.1957588e-08,0,0.5
03679.png,1.7043864e-06,0,0.5
03693.png,3.6281844e-07,0,0.5
03711.png,2.4951498e-05,0,0.5
03793.png,4.98783e-06,0,0.5
03986.png,5.462474e-06,0,0.5
04223.png,1.0376635e-05,0,0.5
04426.png,1.3394291e-06,0,0.5
04576.png,4.7446262e-11,0,0.5
04656.png,3.5683465e-07,0,0.5
04828.png,4.907339e-09,0,0.5
04991.png,0.001091411,0,0.5
05105.png,0.0055988966,0,0.5
05148.png,7.2094586e-10,0,0.5
05339.png,1.4304535e-06,0,0.5
05450.png,0.00024784057,0,0.5
05454.png,0.00025740542,0,0.5
05560.png,0.024324473,0,0.5
05687.png,7.2990315e-11,0,0.5
05830.png,0.00014489389,0,0.5
05888.png,5.0842424e-08,0,0.5
05961.png,2.5105587e-08,0,0.5
05970.png,0.000116291994,0,0.5
06062.png,0.0037878933,0,0.5
06142.png,0.00029752866,0,0.5
06152.png,0.0062101115,0,0.5
06154.png,2.482288e-07,0,0.5
06216.png,0.0007091519,0,0.5
06430.png,0.0002412859,0,0.5
06462.png,0.00036941416,0,0.5
06559.png,3.3297958e-05,0,0.5
06720.png,1.1132639e-07,0,0.5
06930.png,2.0106532e-07,0,0.5
07013.png,6.977983e-06,0,0.5
07057.png,1.176794e-08,0,0.5
07091.png,7.721565e-09,0,0.5
07156.png,0.02032672,0,0.5
07216.png,3.2730284e-05,0,0.5
07413.png,9.51484e-09,0,0.5
07463.png,3.0406142e-07,0,0.5
07543.png,8.523673e-07,0,0.5
07552.png,0.25627345,0,0.5
07716.png,7.992703e-08,0,0.5
07882.png,1.5194066e-06,0,0.5
08071.png,4.7994137e-05,0,0.5
08134.png,0.00032046688,0,0.5
08174.png,2.335367e-08,0,0.5
08243.png,3.1053162e-08,0,0.5
08411.png,1.7576477e-11,0,0.5
08556.png,2.2560545e-05,0,0.5
08727.png,1.4206839e-06,0,0.5
08828.png,1.0395198e-06,0,0.5
08949.png,3.2930734e-09,0,0.5
08995.png,1.143845e-08,0,0.5
09016.png,2.8917826e-10,0,0.5
09253.png,1.2583201e-09,0,0.5
09346.png,7.3244504e-05,0,0.5
09372.png,0.0041227974,0,0.5
09428.png,9.723395e-10,0,0.5
09829.png,1.2216781e-06,0,0.5
09850.png,1.9142121e-06,0,0.5
10104.png,5.5673866e-09,0,0.5
10105.png,1.2613381e-09,0,0.5
10123.png,1.967002e-05,0,0.5
10175.png,0.0020971168,0,0.5
10316.png,0.00045755535,0,0.5
10320.png,8.316047e-06,0,0.5
10378.png,1.7685059e-06,0,0.5
10386.png,0.0015316359,0,0.5
10418.png,0.16860075,0,0.5
10492.png,2.3423152e-05,0,0.5
10558.png,6.8186295e-05,0,0.5
10641.png,1.3950354e-05,0,0.5
10890.png,5.3503957e-10,0,0.5
11299.png,3.7576126e-05,0,0.5
11308.png,0.0009921219,0,0.5
11336.png,2.2155035e-07,0,0.5
11347.png,9.052409e-06,0,0.5
11488.png,6.957018e-05,0,0.5
11534.png,4.0593644e-05,0,0.5
11735.png,4.9358032e-08,0,0.5
11801.png,1.6708245e-07,0,0.5
11975.png,0.010147123,0,0.5
12150.png,7.675984e-09,0,0.5
12307.png,3.1197034e-10,0,0.5
12364.png,7.031728e-05,0,0.5
12455.png,4.1112976e-06,0,0.5
12585.png,1.8598726e-05,0,0.5
12749.png,0.00025129647,0,0.5
12892.png,4.8777663e-05,0,0.5
12901.png,7.352515e-12,0,0.5
12966.png,0.023759259,0,0.5
13026.png,2.0633693e-06,0,0.5
13281.png,0.0012601995,0,0.5
13409.png,2.1834971e-11,0,0.5
13472.png,4.5124307e-06,0,0.5
13527.png,0.0046019903,0,0.5
13761.png,0.0011924448,0,0.5
13836.png,0.0065740235,0,0.5
14005.png,7.2509734e-05,0,0.5
14085.png,1.9604026e-05,0,0.5
14444.png,4.336781e-08,0,0.5
14542.png,0.1271255,0,0.5
14651.png,6.210348e-06,0,0.5
14798.png,4.5839686e-05,0,0.5
14864.png,4.3550788e-10,0,0.5
14881.png,7.181688e-08,0,0.5
15105.png,1.5913649e-11,0,0.5
15133.png,4.0279756e-05,0,0.5
15465.png,0.0016257353,0,0.5
15502.png,0.6001988,1,0.5
15599.png,3.5258047e-08,0,0.5
15766.png,1.9169458e-05,0,0.5
15825.png,2.878831e-06,0,0.5
15841.png,1.0214427e-10,0,0.5
15908.png,0.0648142,0,0.5
15909.png,3.5853263e-05,0,0.5
15994.png,1.2331761e-11,0,0.5
16108.png,4.215618e-09,0,0.5
16190.png,0.00023570258,0,0.5
16219.png,4.1189537e-06,0,0.5
16329.png,0.00066702644,0,0.5
16394.png,1.9330218e-05,0,0.5
16526.png,2.3721218e-07,0,0.5
16670.png,2.4004285e-10,0,0.5
16841.png,0.00013454274,0,0.5
16996.png,8.416956e-09,0,0.5
17021.png,1.3001188e-05,0,0.5
17058.png,4.5327793e-05,0,0.5
17129.png,1.1494113e-11,0,0.5
17175.png,0.0003300278,0,0.5
17241.png,0.0007393013,0,0.5
17265.png,0.010360834,0,0.5
17282.png,0.00037348326,0,0.5
17289.png,1.3539311e-06,0,0.5
17399.png,4.241024e-12,0,0.5
17426.png,2.1690187e-07,0,0.5
17566.png,0.023878276,0,0.5
17613.png,9.70657e-10,0,0.5
17680.png,6.459689e-08,0,0.5
17808.png,0.21352494,0,0.5
17873.png,8.518502e-06,0,0.5
17882.png,3.543421e-08,0,0.5
17978.png,5.8517795e-09,0,0.5
18061.png,2.012475e-06,0,0.5
18207.png,8.784e-05,0,0.5
18267.png,3.7170782e-09,0,0.5
18560.png,6.195751e-07,0,0.5
18641.png,5.5721553e-06,0,0.5
18724.png,7.927711e-07,0,0.5
18857.png,5.9919414e-10,0,0.5
19156.png,9.830073e-11,0,0.5
19277.png,5.6543534e-11,0,0.5
19433.png,0.0010774687,0,0.5
19449.png,0.010684974,0,0.5
19497.png,3.6199464e-05,0,0.5
19522.png,2.4707782e-08,0,0.5
19766.png,6.626292e-06,0,0.5
19776.png,0.00015682465,0,0.5
19957.png,0.07848746,0,0.5
00049.png,0.9961106,1,0.5
00069.png,0.9987544,1,0.5
00253.png,0.9769488,1,0.5
00296.png,7.805803e-06,0,0.5
00305.png,0.9927248,1,0.5
00335.png,0.7000551,1,0.5
00519.png,0.89748794,1,0.5
00642.png,0.9972537,1,0.5
00728.png,0.21408425,0,0.5
00771.png,0.9977457,1,0.5
00807.png,0.84088445,1,0.5
00820.png,0.33626935,0,0.5
00834.png,0.011508447,0,0.5
00880.png,0.15101689,0,0.5
01050.png,0.004629158,0,0.5
01167.png,0.98876303,1,0.5
01280.png,0.00041630847,0,0.5
01557.png,0.9827853,1,0.5
01560.png,0.67273533,1,0.5
01602.png,0.8601933,1,0.5
01952.png,0.013873645,0,0.5
02018.png,0.004973949,0,0.5
02022.png,0.63084185,1,0.5
02135.png,0.93945014,1,0.5
02313.png,0.016031774,0,0.5
02356.png,0.0144286435,0,0.5
02390.png,0.0006821855,0,0.5
02423.png,0.9976119,1,0.5
02487.png,0.999992,1,0.5
02617.png,0.9644405,1,0.5
02909.png,0.018529829,0,0.5
02938.png,0.09953167,0,0.5
02976.png,0.0002542897,0,0.5
03032.png,1.7407658e-05,0,0.5
03127.png,0.99999976,1,0.5
03199.png,0.66436905,1,0.5
03294.png,0.24999844,0,0.5
03505.png,0.14536405,0,0.5
03527.png,0.09769097,0,0.5
03634.png,0.055983122,0,0.5
03655.png,0.9998204,1,0.5
03679.png,0.030356951,0,0.5
03693.png,0.8932243,1,0.5
03711.png,3.311775e-06,0,0.5
03793.png,0.059653707,0,0.5
03986.png,0.00043558943,0,0.5
04223.png,0.022092028,0,0.5
04426.png,0.28392607,0,0.5
04576.png,0.9863063,1,0.5
04656.png,0.036594514,0,0.5
04828.png,0.0014130588,0,0.5
04991.png,0.73544425,1,0.5
05105.png,0.99997115,1,0.5
05148.png,0.98588955,1,0.5
05339.png,0.9998419,1,0.5
05450.png,0.102713175,0,0.5
05454.png,0.99861073,1,0.5
05560.png,0.9995516,1,0.5
05687.png,0.028274836,0,0.5
05830.png,0.99724907,1,0.5
05888.png,0.9935278,1,0.5
05961.png,0.82235295,1,0.5
05970.png,0.9496208,1,0.5
06062.png,0.056570143,0,0.5
06142.png,0.07512583,0,0.5
06152.png,0.44343626,0,0.5
06154.png,0.89639235,1,0.5
06216.png,0.9692085,1,0.5
06430.png,0.9355185,1,0.5
06462.png,0.97013366,1,0.5
06559.png,0.047034044,0,0.5
06720.png,0.9616483,1,0.5
06930.png,0.704509,1,0.5
07013.png,0.121862374,0,0.5
07057.png,0.84116346,1,0.5
07091.png,0.84947777,1,0.5
07156.png,0.096287966,0,0.5
07216.png,0.3100103,0,0.5
07413.png,0.9999001,1,0.5
07463.png,0.97776026,1,0.5
07543.png,0.9860774,1,0.5
07552.png,0.06884504,0,0.5
07716.png,0.76703435,1,0.5
07882.png,0.04924133,0,0.5
08071.png,0.99994576,1,0.5
08134.png,0.01380208,0,0.5
08174.png,0.9515906,1,0.5
08243.png,0.9993788,1,0.5
08411.png,0.99803334,1,0.5
08556.png,0.9956232,1,0.5
08727.png,0.99987483,1,0.5
08828.png,0.9569209,1,0.5
08949.png,0.6506705,1,0.5
08995.png,0.41120982,0,0.5
09016.png,0.07397379,0,0.5
09253.png,0.9198632,1,0.5
09346.png,0.10531421,0,0.5
09372.png,0.023665221,0,0.5
09428.png,0.9977666,1,0.5
09829.png,0.06923589,0,0.5
09850.png,0.9887239,1,0.5
10104.png,0.14221373,0,0.5
10105.png,0.99982125,1,0.5
10123.png,0.99927825,1,0.5
10175.png,0.08602152,0,0.5
10316.png,0.9902844,1,0.5
10320.png,0.9993986,1,0.5
10378.png,0.9169625,1,0.5
10386.png,0.017450659,0,0.5
10418.png,0.002985529,0,0.5
10492.png,0.9989593,1,0.5
10558.png,0.98917484,1,0.5
10641.png,0.5424014,1,0.5
10890.png,0.50427234,1,0.5
11299.png,0.0026469599,0,0.5
11308.png,0.9484068,1,0.5
11336.png,0.98484135,1,0.5
11347.png,0.025324255,0,0.5
11488.png,0.99593735,1,0.5
11534.png,0.9287372,1,0.5
11735.png,0.9598103,1,0.5
11801.png,0.72055256,1,0.5
11975.png,0.97331095,1,0.5
12150.png,0.024365928,0,0.5
12307.png,0.48936707,0,0.5
12364.png,0.9999702,1,0.5
12455.png,0.021891128,0,0.5
12585.png,0.9996562,1,0.5
12749.png,0.0009024704,0,0.5
12892.png,0.06856774,0,0.5
12901.png,0.036256045,0,0.5
12966.png,8.803278e-05,0,0.5
13026.png,0.9515098,1,0.5
13281.png,0.99723816,1,0.5
13409.png,0.9999269,1,0.5
13472.png,0.0055840123,0,0.5
13527.png,0.005806181,0,0.5
13761.png,0.058681794,0,0.5
13836.png,5.9186427e-06,0,0.5
14005.png,0.867624,1,0.5
14085.png,0.1546861,0,0.5
14444.png,0.70067275,1,0.5
14542.png,0.92239124,1,0.5
14651.png,0.9175404,1,0.5
14798.png,0.90293115,1,0.5
14864.png,0.5031161,1,0.5
14881.png,0.0017786438,0,0.5
15105.png,0.79855365,1,0.5
15133.png,0.016087137,0,0.5
15465.png,0.9955837,1,0.5
15502.png,0.116837315,0,0.5
15599.png,0.99996996,1,0.5
15766.png,0.33980992,0,0.5
15825.png,0.6646551,1,0.5
15841.png,0.9925713,1,0.5
15908.png,0.9946621,1,0.5
15909.png,0.13935818,0,0.5
15994.png,0.99444145,1,0.5
16108.png,0.9999522,1,0.5
16190.png,0.6226501,1,0.5
16219.png,0.6250968,1,0.5
16329.png,0.99817264,1,0.5
16394.png,0.52528197,1,0.5
16526.png,0.99703836,1,0.5
16670.png,0.3846584,0,0.5
16841.png,0.09597931,0,0.5
16996.png,0.098495714,0,0.5
17021.png,0.42679548,0,0.5
17058.png,0.9992986,1,0.5
17129.png,0.7617116,1,0.5
17175.png,0.5872001,1,0.5
17241.png,0.89040226,1,0.5
17265.png,0.45350522,0,0.5
17282.png,0.048049428,0,0.5
17289.png,0.043473117,0,0.5
17399.png,0.0006153871,0,0.5
17426.png,0.8734672,1,0.5
17566.png,0.13070132,0,0.5
17613.png,0.001476615,0,0.5
17680.png,0.47448468,0,0.5
17808.png,0.6367363,1,0.5
17873.png,0.62347174,1,0.5
17882.png,0.5373547,1,0.5
17978.png,0.2778271,0,0.5
18061.png,0.97994953,1,0.5
18207.png,0.9830588,1,0.5
18267.png,0.9995147,1,0.5
18560.png,0.9960522,1,0.5
18641.png,0.9379893,1,0.5
18724.png,0.5971291,1,0.5
18857.png,0.551851,1,0.5
19156.png,0.32888767,0,0.5
19277.png,0.00017783853,0,0.5
19433.png,0.082682006,0,0.5
19449.png,3.116554e-06,0,0.5
19497.png,0.01517474,0,0.5
19522.png,0.8420144,1,0.5
19766.png,0.15210207,0,0.5
19776.png,0.37244532,0,0.5
19957.png,0.010969759,0,0.5
00049.png,6.0392855e-09,0,0.5
00069.png,1.7870755e-10,0,0.5
00253.png,1.936825e-09,0,0.5
00296.png,3.4388238e-06,0,0.5
00305.png,2.1739352e-11,0,0.5
00335.png,2.0403094e-07,0,0.5
00519.png,1.482741e-07,0,0.5
00642.png,6.029093e-11,0,0.5
00728.png,5.9782734e-11,0,0.5
00771.png,3.0898702e-13,0,0.5
00807.png,8.328914e-09,0,0.5
00820.png,4.264334e-09,0,0.5
00834.png,0.00020591804,0,0.5
00880.png,2.829572e-10,0,0.5
01050.png,1.3546799e-05,0,0.5
01167.png,4.9416435e-08,0,0.5
01280.png,1.7129363e-06,0,0.5
01557.png,1.5148958e-05,0,0.5
01560.png,1.4228234e-09,0,0.5
01602.png,5.6901567e-10,0,0.5
01952.png,3.6583703e-08,0,0.5
02018.png,9.000371e-06,0,0.5
02022.png,2.1110962e-08,0,0.5
02135.png,9.344118e-11,0,0.5
02313.png,2.0640482e-06,0,0.5
02356.png,8.005432e-11,0,0.5
02390.png,1.0625416e-06,0,0.5
02423.png,2.410668e-11,0,0.5
02487.png,1.4963245e-14,0,0.5
02617.png,2.4669598e-07,0,0.5
02909.png,1.1832902e-11,0,0.5
02938.png,1.0753353e-06,0,0.5
02976.png,4.896818e-10,0,0.5
03032.png,1.8541874e-08,0,0.5
03127.png,7.628288e-09,0,0.5
03199.png,6.983137e-08,0,0.5
03294.png,1.4225358e-09,0,0.5
03505.png,8.7128e-11,0,0.5
03527.png,9.864555e-15,0,0.5
03634.png,3.0132434e-09,0,0.5
03655.png,4.8619407e-12,0,0.5
03679.png,1.459221e-08,0,0.5
03693.png,6.964256e-10,0,0.5
03711.png,3.238591e-07,0,0.5
03793.png,2.4166067e-11,0,0.5
03986.png,2.2039597e-13,0,0.5
04223.png,4.914062e-10,0,0.5
04426.png,0.00019527027,0,0.5
04576.png,1.2076329e-10,0,0.5
04656.png,1.8865496e-09,0,0.5
04828.png,5.000961e-06,0,0.5
04991.png,1.6344944e-14,0,0.5
05105.png,7.1524475e-08,0,0.5
05148.png,8.885304e-15,0,0.5
05339.png,2.160745e-06,0,0.5
05450.png,5.9667857e-09,0,0.5
05454.png,1.3684953e-10,0,0.5
05560.png,1.0439189e-08,0,0.5
05687.png,4.118711e-12,0,0.5
05830.png,1.1885841e-17,0,0.5
05888.png,7.8452105e-13,0,0.5
05961.png,7.587859e-09,0,0.5
05970.png,5.4385225e-09,0,0.5
06062.png,5.8612876e-12,0,0.5
06142.png,3.7470467e-09,0,0.5
06152.png,2.9351263e-06,0,0.5
06154.png,1.2283636e-11,0,0.5
06216.png,4.541564e-11,0,0.5
06430.png,9.96314e-07,0,0.5
06462.png,6.087827e-08,0,0.5
06559.png,8.731586e-10,0,0.5
06720.png,3.830184e-11,0,0.5
06930.png,2.830796e-11,0,0.5
07013.png,1.2324464e-12,0,0.5
07057.png,1.0293116e-12,0,0.5
07091.png,4.843649e-09,0,0.5
07156.png,9.320312e-09,0,0.5
07216.png,3.1088305e-08,0,0.5
07413.png,2.3057511e-09,0,0.5
07463.png,1.3059059e-08,0,0.5
07543.png,3.480471e-11,0,0.5
07552.png,3.2704907e-08,0,0.5
07716.png,4.6389164e-07,0,0.5
07882.png,6.1173516e-10,0,0.5
08071.png,8.437059e-14,0,0.5
08134.png,5.5504678e-08,0,0.5
08174.png,1.5263335e-08,0,0.5
08243.png,9.434789e-15,0,0.5
08411.png,6.968658e-09,0,0.5
08556.png,4.5242854e-09,0,0.5
08727.png,2.8254735e-10,0,0.5
08828.png,1.2234423e-10,0,0.5
08949.png,4.5040607e-09,0,0.5
08995.png,3.8003396e-08,0,0.5
09016.png,1.9675994e-09,0,0.5
09253.png,2.4913243e-06,0,0.5
09346.png,2.1767137e-16,0,0.5
09372.png,4.261893e-10,0,0.5
09428.png,1.9770632e-06,0,0.5
09829.png,7.17571e-07,0,0.5
09850.png,4.1445336e-09,0,0.5
10104.png,2.3545502e-08,0,0.5
10105.png,1.0635535e-10,0,0.5
10123.png,1.1624778e-05,0,0.5
10175.png,1.0706865e-06,0,0.5
10316.png,2.7987067e-08,0,0.5
10320.png,5.7739628e-05,0,0.5
10378.png,9.549819e-13,0,0.5
10386.png,7.405977e-07,0,0.5
10418.png,1.0310698e-09,0,0.5
10492.png,5.1304045e-09,0,0.5
10558.png,3.067533e-09,0,0.5
10641.png,8.666723e-11,0,0.5
10890.png,2.3138529e-09,0,0.5
11299.png,1.08198826e-07,0,0.5
11308.png,1.6992449e-11,0,0.5
11336.png,2.8933685e-12,0,0.5
11347.png,9.620715e-10,0,0.5
11488.png,9.842774e-11,0,0.5
11534.png,5.453605e-09,0,0.5
11735.png,4.0306144e-08,0,0.5
11801.png,1.1879385e-09,0,0.5
11975.png,6.3420735e-08,0,0.5
12150.png,3.1114348e-07,0,0.5
12307.png,1.2741873e-05,0,0.5
12364.png,6.7168463e-07,0,0.5
12455.png,1.544469e-09,0,0.5
12585.png,1.0040343e-08,0,0.5
12749.png,9.182868e-13,0,0.5
12892.png,9.9749506e-08,0,0.5
12901.png,6.147113e-08,0,0.5
12966.png,1.6534068e-08,0,0.5
13026.png,1.4517137e-09,0,0.5
13281.png,4.4797518e-10,0,0.5
13409.png,3.4673448e-15,0,0.5
13472.png,8.295164e-08,0,0.5
13527.png,3.167896e-13,0,0.5
13761.png,2.4059315e-08,0,0.5
13836.png,4.5432085e-08,0,0.5
14005.png,5.784575e-09,0,0.5
14085.png,1.0133363e-06,0,0.5
14444.png,1.6597336e-14,0,0.5
14542.png,9.18076e-07,0,0.5
14651.png,5.8011977e-11,0,0.5
14798.png,1.8481838e-05,0,0.5
14864.png,5.443937e-10,0,0.5
14881.png,9.232579e-11,0,0.5
15105.png,1.0619819e-07,0,0.5
15133.png,6.884988e-09,0,0.5
15465.png,6.4516977e-12,0,0.5
15502.png,5.8235314e-09,0,0.5
15599.png,6.762021e-11,0,0.5
15766.png,7.822992e-09,0,0.5
15825.png,1.2544668e-09,0,0.5
15841.png,2.8083678e-09,0,0.5
15908.png,8.664966e-12,0,0.5
15909.png,1.5444292e-07,0,0.5
15994.png,1.5992536e-06,0,0.5
16108.png,4.6067615e-11,0,0.5
16190.png,1.2249005e-08,0,0.5
16219.png,4.0014837e-07,0,0.5
16329.png,1.6852962e-09,0,0.5
16394.png,1.1007117e-11,0,0.5
16526.png,2.650056e-07,0,0.5
16670.png,5.994822e-10,0,0.5
16841.png,9.405086e-12,0,0.5
16996.png,2.3436333e-10,0,0.5
17021.png,4.1462256e-09,0,0.5
17058.png,2.2509124e-13,0,0.5
17129.png,5.837154e-09,0,0.5
17175.png,5.705801e-12,0,0.5
17241.png,1.5307249e-11,0,0.5
17265.png,4.4894968e-09,0,0.5
17282.png,1.6298979e-12,0,0.5
17289.png,2.731215e-07,0,0.5
17399.png,1.056782e-05,0,0.5
17426.png,1.7641215e-09,0,0.5
17566.png,5.655014e-10,0,0.5
17613.png,3.5581354e-06,0,0.5
17680.png,2.3842869e-08,0,0.5
17808.png,4.8520122e-11,0,0.5
17873.png,1.0755722e-06,0,0.5
17882.png,3.0233422e-12,0,0.5
17978.png,1.489294e-07,0,0.5
18061.png,4.0824584e-09,0,0.5
18207.png,1.5369211e-11,0,0.5
18267.png,2.0470543e-08,0,0.5
18560.png,1.800885e-05,0,0.5
18641.png,7.6173995e-07,0,0.5
18724.png,6.9668066e-10,0,0.5
18857.png,1.00859765e-10,0,0.5
19156.png,4.0712002e-06,0,0.5
19277.png,4.3283287e-11,0,0.5
19433.png,1.5462233e-12,0,0.5
19449.png,1.7332864e-06,0,0.5
19497.png,1.7712753e-10,0,0.5
19522.png,3.0040092e-05,0,0.5
19766.png,1.801879e-07,0,0.5
19776.png,2.7468708e-10,0,0.5
19957.png,1.3038282e-07,0,0.5
00049.png,0.0004437634,0,0.5
00069.png,6.0709835e-06,0,0.5
00253.png,0.37312916,0,0.5
00296.png,0.009038976,0,0.5
00305.png,5.526888e-07,0,0.5
00335.png,5.9051563e-05,0,0.5
00519.png,0.11940646,0,0.5
00642.png,0.031709906,0,0.5
00728.png,0.09346083,0,0.5
00771.png,0.0385047,0,0.5
00807.png,0.06345048,0,0.5
00820.png,0.0011535644,0,0.5
00834.png,0.91355854,1,0.5
00880.png,0.000658699,0,0.5
01050.png,0.01769801,0,0.5
01167.png,4.937762e-06,0,0.5
01280.png,9.736951e-06,0,0.5
01557.png,1.5515598e-06,0,0.5
01560.png,0.042898003,0,0.5
01602.png,0.44107616,0,0.5
01952.png,0.00035396684,0,0.5
02018.png,3.082991e-05,0,0.5
02022.png,9.380572e-05,0,0.5
02135.png,0.0695931,0,0.5
02313.png,0.023684388,0,0.5
02356.png,1.0464652e-05,0,0.5
02390.png,0.0029059818,0,0.5
02423.png,0.00011537348,0,0.5
02487.png,0.0074212984,0,0.5
02617.png,8.859787e-05,0,0.5
02909.png,0.003960957,0,0.5
02938.png,0.00013088496,0,0.5
02976.png,0.00034099811,0,0.5
03032.png,0.00024465536,0,0.5
03127.png,0.0005649207,0,0.5
03199.png,0.019764181,0,0.5
03294.png,0.0015507399,0,0.5
03505.png,0.008784219,0,0.5
03527.png,0.030522197,0,0.5
03634.png,0.18817613,0,0.5
03655.png,0.004104026,0,0.5
03679.png,0.029516578,0,0.5
03693.png,6.566246e-07,0,0.5
03711.png,4.6208537e-05,0,0.5
03793.png,0.00016769319,0,0.5
03986.png,4.4190114e-07,0,0.5
04223.png,1.2469985e-05,0,0.5
04426.png,0.00019417817,0,0.5
04576.png,0.00016080827,0,0.5
04656.png,0.14870626,0,0.5
04828.png,0.00022379818,0,0.5
04991.png,0.009963415,0,0.5
05105.png,0.026016474,0,0.5
05148.png,0.9418076,1,0.5
05339.png,0.12146625,0,0.5
05450.png,0.0015531013,0,0.5
05454.png,4.4829285e-06,0,0.5
05560.png,0.0064036,0,0.5
05687.png,1.5656817e-05,0,0.5
05830.png,0.04395689,0,0.5
05888.png,0.0969024,0,0.5
05961.png,0.027323479,0,0.5
05970.png,0.00013492392,0,0.5
06062.png,0.49298126,0,0.5
06142.png,0.14097342,0,0.5
06152.png,2.419221e-08,0,0.5
06154.png,0.000283869,0,0.5
06216.png,0.016648576,0,0.5
06430.png,5.306098e-06,0,0.5
06462.png,0.033932906,0,0.5
06559.png,5.0505332e-05,0,0.5
06720.png,8.241998e-07,0,0.5
06930.png,0.15207241,0,0.5
07013.png,0.0302795,0,0.5
07057.png,0.0053050797,0,0.5
07091.png,0.0043403334,0,0.5
07156.png,0.00990747,0,0.5
07216.png,1.1043155e-06,0,0.5
07413.png,0.0011379345,0,0.5
07463.png,4.2907326e-05,0,0.5
07543.png,0.0013849053,0,0.5
07552.png,0.0012173048,0,0.5
07716.png,0.0011704687,0,0.5
07882.png,0.1074057,0,0.5
08071.png,0.0001134434,0,0.5
08134.png,1.8729586e-05,0,0.5
08174.png,0.000103809165,0,0.5
08243.png,0.00025553847,0,0.5
08411.png,0.0008033836,0,0.5
08556.png,0.01564116,0,0.5
08727.png,0.7238372,1,0.5
08828.png,5.6032164e-08,0,0.5
08949.png,0.00085409614,0,0.5
08995.png,4.3520237e-07,0,0.5
09016.png,0.00036382047,0,0.5
09253.png,5.4866055e-06,0,0.5
09346.png,0.00057326356,0,0.5
09372.png,7.21613e-07,0,0.5
09428.png,2.4985118e-07,0,0.5
09829.png,0.00030935276,0,0.5
09850.png,0.005686726,0,0.5
10104.png,2.1416595e-06,0,0.5
10105.png,9.905765e-07,0,0.5
10123.png,0.0014215127,0,0.5
10175.png,3.7993235e-05,0,0.5
10316.png,8.300889e-06,0,0.5
10320.png,0.00017654775,0,0.5
10378.png,0.0013747863,0,0.5
10386.png,9.4056935e-07,0,0.5
10418.png,8.281415e-06,0,0.5
10492.png,0.0004627141,0,0.5
10558.png,8.169879e-05,0,0.5
10641.png,2.440774e-06,0,0.5
10890.png,1.0641998e-06,0,0.5
11299.png,4.9449153e-07,0,0.5
11308.png,1.1604491e-06,0,0.5
11336.png,4.7547925e-05,0,0.5
11347.png,2.5691986e-06,0,0.5
11488.png,1.7465093e-06,0,0.5
11534.png,1.1266932e-05,0,0.5
11735.png,1.1054266e-07,0,0.5
11801.png,1.9118695e-06,0,0.5
11975.png,0.0009191241,0,0.5
12150.png,0.0111798765,0,0.5
12307.png,6.410577e-05,0,0.5
12364.png,9.041607e-06,0,0.5
12455.png,0.0031678185,0,0.5
12585.png,0.15601107,0,0.5
12749.png,0.011777671,0,0.5
12892.png,0.42166063,0,0.5
12901.png,5.407914e-06,0,0.5
12966.png,0.00040817447,0,0.5
13026.png,0.46009701,0,0.5
13281.png,0.010981456,0,0.5
13409.png,0.1482755,0,0.5
13472.png,0.0017992861,0,0.5
13527.png,8.3300915e-07,0,0.5
13761.png,0.0026479794,0,0.5
13836.png,0.014194249,0,0.5
14005.png,2.8347526e-05,0,0.5
14085.png,0.5140477,1,0.5
14444.png,0.049271144,0,0.5
14542.png,0.033893984,0,0.5
14651.png,5.6349265e-05,0,0.5
14798.png,8.538785e-06,0,0.5
14864.png,0.00010011535,0,0.5
14881.png,3.065287e-05,0,0.5
15105.png,1.504757e-06,0,0.5
15133.png,0.0014074792,0,0.5
15465.png,9.490992e-05,0,0.5
15502.png,0.0023420914,0,0.5
15599.png,0.0001588719,0,0.5
15766.png,9.711719e-06,0,0.5
15825.png,1.4061925e-05,0,0.5
15841.png,0.0012908833,0,0.5
15908.png,2.1885724e-06,0,0.5
15909.png,1.306866e-06,0,0.5
15994.png,0.015614554,0,0.5
16108.png,0.001420905,0,0.5
16190.png,1.7643735e-05,0,0.5
16219.png,0.00049083424,0,0.5
16329.png,0.05995026,0,0.5
16394.png,0.21556109,0,0.5
16526.png,3.605054e-05,0,0.5
16670.png,0.97501457,1,0.5
16841.png,0.002312115,0,0.5
16996.png,0.00016611685,0,0.5
17021.png,0.091074266,0,0.5
17058.png,2.3570625e-07,0,0.5
17129.png,2.7122734e-08,0,0.5
17175.png,0.14540751,0,0.5
17241.png,0.0029849554,0,0.5
17265.png,0.3720694,0,0.5
17282.png,3.1763513e-05,0,0.5
17289.png,0.00036245977,0,0.5
17399.png,0.050153997,0,0.5
17426.png,0.032878082,0,0.5
17566.png,0.011514466,0,0.5
17613.png,0.011839044,0,0.5
17680.png,8.637221e-05,0,0.5
17808.png,0.00016036436,0,0.5
17873.png,1.5740947e-06,0,0.5
17882.png,0.00010692223,0,0.5
17978.png,0.69124436,1,0.5
18061.png,4.5825996e-06,0,0.5
18207.png,0.04031071,0,0.5
18267.png,0.7369953,1,0.5
18560.png,0.02851588,0,0.5
18641.png,0.64379895,1,0.5
18724.png,4.0712976e-06,0,0.5
18857.png,0.5704004,1,0.5
19156.png,0.061587505,0,0.5
19277.png,0.00040165614,0,0.5
19433.png,0.0052402657,0,0.5
19449.png,1.0840084e-05,0,0.5
19497.png,0.8159159,1,0.5
19522.png,0.05287885,0,0.5
19766.png,0.029802075,0,0.5
19776.png,1.105715e-05,0,0.5
19957.png,0.056673657,0,0.5
00049.png,1.7581634e-08,0,0.5
00069.png,1.152238e-08,0,0.5
00253.png,4.8162396e-10,0,0.5
00296.png,1.283206e-10,0,0.5
00305.png,1.6422639e-06,0,0.5
00335.png,1.0307596e-06,0,0.5
00519.png,2.0796167e-11,0,0.5
00642.png,2.5851266e-10,0,0.5
00728.png,0.00022702431,0,0.5
00771.png,4.6722193e-10,0,0.5
00807.png,3.2890277e-11,0,0.5
00820.png,9.602391e-08,0,0.5
00834.png,3.8258452e-08,0,0.5
00880.png,1.921298e-09,0,0.5
01050.png,9.2684587e-07,0,0.5
01167.png,2.4588074e-13,0,0.5
01280.png,1.3499545e-05,0,0.5
01557.png,7.323459e-12,0,0.5
01560.png,6.7588e-10,0,0.5
01602.png,3.336745e-08,0,0.5
01952.png,1.7490115e-09,0,0.5
02018.png,1.3906264e-06,0,0.5
02022.png,2.0594527e-12,0,0.5
02135.png,3.361025e-05,0,0.5
02313.png,3.2030936e-09,0,0.5
02356.png,2.8329502e-08,0,0.5
02390.png,6.131597e-12,0,0.5
02423.png,4.618685e-10,0,0.5
02487.png,3.2920965e-11,0,0.5
02617.png,1.0525381e-08,0,0.5
02909.png,7.1252594e-11,0,0.5
02938.png,8.8230685e-08,0,0.5
02976.png,6.7269497e-07,0,0.5
03032.png,2.221301e-09,0,0.5
03127.png,8.5732346e-08,0,0.5
03199.png,4.151122e-10,0,0.5
03294.png,2.1871673e-09,0,0.5
03505.png,8.1146954e-13,0,0.5
03527.png,4.276938e-08,0,0.5
03634.png,1.2777164e-07,0,0.5
03655.png,2.1526148e-08,0,0.5
03679.png,1.9839752e-07,0,0.5
03693.png,9.98296e-09,0,0.5
03711.png,1.5170683e-06,0,0.5
03793.png,6.42797e-11,0,0.5
03986.png,1.1634122e-06,0,0.5
04223.png,1.3142686e-09,0,0.5
04426.png,6.3244884e-06,0,0.5
04576.png,1.2929436e-08,0,0.5
04656.png,3.5422495e-06,0,0.5
04828.png,3.557157e-10,0,0.5
04991.png,1.3273534e-09,0,0.5
05105.png,2.0348665e-07,0,0.5
05148.png,2.1720244e-11,0,0.5
05339.png,6.9488174e-06,0,0.5
05450.png,2.0611104e-09,0,0.5
05454.png,1.2625565e-12,0,0.5
05560.png,3.3168746e-10,0,0.5
05687.png,2.6073604e-10,0,0.5
05830.png,9.7470565e-09,0,0.5
05888.png,9.078119e-09,0,0.5
05961.png,1.0582429e-08,0,0.5
05970.png,3.0429905e-11,0,0.5
06062.png,1.9838475e-05,0,0.5
06142.png,3.5054147e-11,0,0.5
06152.png,7.892748e-08,0,0.5
06154.png,4.7488708e-08,0,0.5
06216.png,4.948524e-10,0,0.5
06430.png,2.2826152e-10,0,0.5
06462.png,1.9815258e-10,0,0.5
06559.png,1.12919445e-10,0,0.5
06720.png,9.8847285e-11,0,0.5
06930.png,1.8594646e-08,0,0.5
07013.png,1.0931395e-06,0,0.5
07057.png,7.8026324e-10,0,0.5
07091.png,2.7641398e-11,0,0.5
07156.png,3.5453168e-10,0,0.5
07216.png,4.944939e-10,0,0.5
07413.png,4.6248494e-09,0,0.5
07463.png,1.6789334e-10,0,0.5
07543.png,1.8851125e-15,0,0.5
07552.png,1.363868e-05,0,0.5
07716.png,1.0959824e-09,0,0.5
07882.png,1.3011497e-08,0,0.5
08071.png,5.653366e-13,0,0.5
08134.png,8.887199e-12,0,0.5
08174.png,5.036281e-09,0,0.5
08243.png,6.6586515e-13,0,0.5
08411.png,2.868209e-06,0,0.5
08556.png,1.1789787e-10,0,0.5
08727.png,8.12723e-12,0,0.5
08828.png,5.0229588e-08,0,0.5
08949.png,1.1626575e-05,0,0.5
08995.png,2.1971955e-07,0,0.5
09016.png,5.943529e-11,0,0.5
09253.png,5.5437907e-12,0,0.5
09346.png,1.6004878e-06,0,0.5
09372.png,8.3338836e-10,0,0.5
09428.png,1.901853e-10,0,0.5
09829.png,2.1603721e-12,0,0.5
09850.png,2.318422e-08,0,0.5
10104.png,3.7266724e-11,0,0.5
10105.png,5.347291e-11,0,0.5
10123.png,1.3749616e-12,0,0.5
10175.png,2.1582448e-06,0,0.5
10316.png,1.2391519e-09,0,0.5
10320.png,8.613818e-12,0,0.5
10378.png,8.4084554e-08,0,0.5
10386.png,3.647459e-12,0,0.5
10418.png,8.824453e-11,0,0.5
10492.png,2.5465459e-08,0,0.5
10558.png,9.596688e-05,0,0.5
10641.png,2.389514e-07,0,0.5
10890.png,1.6900941e-07,0,0.5
11299.png,3.763506e-09,0,0.5
11308.png,9.0027654e-13,0,0.5
11336.png,1.0444223e-09,0,0.5
11347.png,9.70267e-07,0,0.5
11488.png,2.9567744e-07,0,0.5
11534.png,8.7460785e-12,0,0.5
11735.png,5.4525905e-11,0,0.5
11801.png,1.8109475e-13,0,0.5
11975.png,1.5519652e-07,0,0.5
12150.png,5.5246485e-10,0,0.5
12307.png,6.203191e-11,0,0.5
12364.png,1.7488777e-05,0,0.5
12455.png,6.680655e-05,0,0.5
12585.png,3.5114633e-07,0,0.5
12749.png,6.538084e-07,0,0.5
12892.png,2.6974267e-05,0,0.5
12901.png,3.0126017e-07,0,0.5
12966.png,2.469345e-16,0,0.5
13026.png,2.9255828e-08,0,0.5
13281.png,2.8773275e-07,0,0.5
13409.png,6.57888e-09,0,0.5
13472.png,8.154357e-08,0,0.5
13527.png,5.4910288e-11,0,0.5
13761.png,1.3331262e-12,0,0.5
13836.png,7.3321604e-10,0,0.5
14005.png,2.9609706e-09,0,0.5
14085.png,4.7214486e-09,0,0.5
14444.png,7.044466e-07,0,0.5
14542.png,7.465793e-07,0,0.5
14651.png,7.456241e-05,0,0.5
14798.png,3.3712453e-08,0,0.5
14864.png,2.3175666e-10,0,0.5
14881.png,1.3856061e-07,0,0.5
15105.png,6.3007275e-09,0,0.5
15133.png,1.3676484e-12,0,0.5
15465.png,2.2791642e-11,0,0.5
15502.png,1.7842352e-06,0,0.5
15599.png,1.5356983e-12,0,0.5
15766.png,6.7962953e-12,0,0.5
15825.png,3.1174167e-07,0,0.5
15841.png,1.0745649e-09,0,0.5
15908.png,2.6120608e-09,0,0.5
15909.png,4.586719e-11,0,0.5
15994.png,1.5389312e-10,0,0.5
16108.png,1.8108544e-09,0,0.5
16190.png,8.242437e-09,0,0.5
16219.png,3.485919e-11,0,0.5
16329.png,4.4722012e-07,0,0.5
16394.png,1.8847128e-08,0,0.5
16526.png,1.0336976e-07,0,0.5
16670.png,2.0683122e-10,0,0.5
16841.png,5.1359406e-11,0,0.5
16996.png,2.119269e-09,0,0.5
17021.png,2.5763082e-08,0,0.5
17058.png,1.1052407e-08,0,0.5
17129.png,7.029753e-11,0,0.5
17175.png,4.77377e-09,0,0.5
17241.png,1.1720211e-11,0,0.5
17265.png,2.3357232e-12,0,0.5
17282.png,5.2863123e-07,0,0.5
17289.png,2.2981717e-10,0,0.5
17399.png,1.9130976e-11,0,0.5
17426.png,8.036572e-09,0,0.5
17566.png,4.386391e-10,0,0.5
17613.png,2.6759832e-07,0,0.5
17680.png,8.090205e-08,0,0.5
17808.png,1.1199263e-10,0,0.5
17873.png,1.196325e-08,0,0.5
17882.png,7.4949214e-10,0,0.5
17978.png,1.4472025e-08,0,0.5
18061.png,1.0093551e-06,0,0.5
18207.png,4.5879597e-07,0,0.5
18267.png,1.2723328e-08,0,0.5
18560.png,1.2087558e-09,0,0.5
18641.png,4.501804e-08,0,0.5
18724.png,1.8973068e-09,0,0.5
18857.png,7.4267437e-10,0,0.5
19156.png,4.1108607e-13,0,0.5
19277.png,1.8227367e-13,0,0.5
19433.png,1.2177164e-08,0,0.5
19449.png,9.778967e-14,0,0.5
19497.png,3.3390814e-12,0,0.5
19522.png,1.9449842e-09,0,0.5
19766.png,2.6391205e-11,0,0.5
19776.png,3.4332356e-08,0,0.5
19957.png,1.1721593e-08,0,0.5
00049.png,9.209848e-07,0,0.5
00069.png,0.00036691155,0,0.5
00253.png,0.00059661135,0,0.5
00296.png,0.05007983,0,0.5
00305.png,0.0006440336,0,0.5
00335.png,0.9336027,1,0.5
00519.png,8.255807e-05,0,0.5
00642.png,4.277014e-06,0,0.5
00728.png,5.4071435e-05,0,0.5
00771.png,0.01984596,0,0.5
00807.png,0.077318184,0,0.5
00820.png,0.0001565247,0,0.5
00834.png,2.9982361e-06,0,0.5
00880.png,1.5042213e-08,0,0.5
01050.png,0.0012798413,0,0.5
01167.png,1.4808555e-05,0,0.5
01280.png,5.189712e-06,0,0.5
01557.png,2.5759364e-05,0,0.5
01560.png,0.0050917077,0,0.5
01602.png,8.818797e-05,0,0.5
01952.png,0.00012694059,0,0.5
02018.png,0.22866747,0,0.5
02022.png,1.3452817e-09,0,0.5
02135.png,0.0020575703,0,0.5
02313.png,0.0056510298,0,0.5
02356.png,6.1220776e-06,0,0.5
02390.png,1.4065259e-07,0,0.5
02423.png,0.7635266,1,0.5
02487.png,0.0012364757,0,0.5
02617.png,0.9689469,1,0.5
02909.png,7.0212127e-07,0,0.5
02938.png,1.0050508e-05,0,0.5
02976.png,2.5446425e-08,0,0.5
03032.png,0.0015132813,0,0.5
03127.png,0.08175244,0,0.5
03199.png,1.3942063e-06,0,0.5
03294.png,8.260648e-07,0,0.5
03505.png,9.872676e-05,0,0.5
03527.png,0.00020589957,0,0.5
03634.png,0.0005082072,0,0.5
03655.png,0.0028706836,0,0.5
03679.png,1.0465701e-05,0,0.5
03693.png,0.0025717046,0,0.5
03711.png,1.8853083e-07,0,0.5
03793.png,5.191908e-05,0,0.5
03986.png,0.11139936,0,0.5
04223.png,8.05747e-06,0,0.5
04426.png,0.17893627,0,0.5
04576.png,0.00069266214,0,0.5
04656.png,0.00020769247,0,0.5
04828.png,9.717376e-07,0,0.5
04991.png,9.229181e-06,0,0.5
05105.png,0.1018757,0,0.5
05148.png,4.120662e-05,0,0.5
05339.png,0.118330866,0,0.5
05450.png,5.2469572e-06,0,0.5
05454.png,0.00021461459,0,0.5
05560.png,2.4353192e-06,0,0.5
05687.png,0.0010776668,0,0.5
05830.png,0.00071705814,0,0.5
05888.png,2.6457976e-05,0,0.5
05961.png,2.6070804e-06,0,0.5
05970.png,0.0005626407,0,0.5
06062.png,1.2545352e-06,0,0.5
06142.png,4.46912e-06,0,0.5
06152.png,0.07030244,0,0.5
06154.png,8.107968e-05,0,0.5
06216.png,0.0019743117,0,0.5
06430.png,4.819199e-06,0,0.5
06462.png,1.0562408e-07,0,0.5
06559.png,0.03035677,0,0.5
06720.png,0.007856951,0,0.5
06930.png,0.0001584909,0,0.5
07013.png,0.00712944,0,0.5
07057.png,5.372325e-08,0,0.5
07091.png,0.0015449714,0,0.5
07156.png,0.00040606433,0,0.5
07216.png,1.4690532e-06,0,0.5
07413.png,0.96669614,1,0.5
07463.png,0.037656628,0,0.5
07543.png,8.826542e-07,0,0.5
07552.png,5.542753e-05,0,0.5
07716.png,9.0981644e-05,0,0.5
07882.png,7.068138e-05,0,0.5
08071.png,0.022240318,0,0.5
08134.png,0.013117085,0,0.5
08174.png,3.269178e-10,0,0.5
08243.png,0.006586071,0,0.5
08411.png,7.88897e-08,0,0.5
08556.png,0.0056685456,0,0.5
08727.png,4.1105202e-05,0,0.5
08828.png,0.20483217,0,0.5
08949.png,2.8548462e-07,0,0.5
08995.png,0.00024402564,0,0.5
09016.png,0.00028787297,0,0.5
09253.png,0.008591365,0,0.5
09346.png,6.932806e-05,0,0.5
09372.png,0.043364868,0,0.5
09428.png,0.0018066268,0,0.5
09829.png,0.30320546,0,0.5
09850.png,0.00028573658,0,0.5
10104.png,0.0007944265,0,0.5
10105.png,5.851097e-05,0,0.5
10123.png,0.00032718666,0,0.5
10175.png,0.036983658,0,0.5
10316.png,7.6071e-06,0,0.5
10320.png,0.0020063291,0,0.5
10378.png,1.1565884e-05,0,0.5
10386.png,0.6976749,1,0.5
10418.png,0.001167673,0,0.5
10492.png,5.487872e-06,0,0.5
10558.png,2.7746927e-08,0,0.5
10641.png,0.003599775,0,0.5
10890.png,3.505991e-05,0,0.5
11299.png,0.006066138,0,0.5
11308.png,0.000112590074,0,0.5
11336.png,0.42822364,0,0.5
11347.png,0.002086389,0,0.5
11488.png,7.789451e-05,0,0.5
11534.png,4.2742206e-05,0,0.5
11735.png,0.0027844645,0,0.5
11801.png,0.0006619532,0,0.5
11975.png,4.260705e-06,0,0.5
12150.png,1.0221433e-05,0,0.5
12307.png,0.0013252798,0,0.5
12364.png,0.0009817375,0,0.5
12455.png,5.4498152e-05,0,0.5
12585.png,0.00016122127,0,0.5
12749.png,0.00095175015,0,0.5
12892.png,2.4376977e-05,0,0.5
12901.png,0.13354813,0,0.5
12966.png,9.58617e-05,0,0.5
13026.png,0.0007895218,0,0.5
13281.png,0.0008140707,0,0.5
13409.png,0.016086858,0,0.5
13472.png,0.0024043473,0,0.5
13527.png,4.0157993e-06,0,0.5
13761.png,0.13866894,0,0.5
13836.png,0.6866949,1,0.5
14005.png,0.008647447,0,0.5
14085.png,0.004809148,0,0.5
14444.png,2.5517588e-07,0,0.5
14542.png,0.495951,0,0.5
14651.png,3.972695e-06,0,0.5
14798.png,0.00018215616,0,0.5
14864.png,5.6256544e-05,0,0.5
14881.png,0.0012287918,0,0.5
15105.png,1.4663574e-06,0,0.5
15133.png,0.16934936,0,0.5
15465.png,6.2617096e-07,0,0.5
15502.png,0.05245412,0,0.5
15599.png,6.2704225e-05,0,0.5
15766.png,3.749286e-08,0,0.5
15825.png,2.320232e-05,0,0.5
15841.png,1.819912e-06,0,0.5
15908.png,5.11648e-06,0,0.5
15909.png,0.013343076,0,0.5
15994.png,0.99529415,1,0.5
16108.png,0.00037126223,0,0.5
16190.png,0.042559598,0,0.5
16219.png,0.0047545685,0,0.5
16329.png,1.3616005e-06,0,0.5
16394.png,0.00018632239,0,0.5
16526.png,1.67169e-07,0,0.5
16670.png,0.00012137905,0,0.5
16841.png,1.38603e-05,0,0.5
16996.png,0.000109158704,0,0.5
17021.png,1.9101302e-05,0,0.5
17058.png,7.669931e-06,0,0.5
17129.png,0.0030544768,0,0.5
17175.png,0.0064455494,0,0.5
17241.png,0.00031235188,0,0.5
17265.png,0.0013275386,0,0.5
17282.png,1.0324191e-05,0,0.5
17289.png,0.7604069,1,0.5
17399.png,0.9661489,1,0.5
17426.png,4.3609012e-05,0,0.5
17566.png,0.00011880767,0,0.5
17613.png,2.5580505e-06,0,0.5
17680.png,6.2150107e-06,0,0.5
17808.png,0.0046619424,0,0.5
17873.png,0.000113837414,0,0.5
17882.png,4.018633e-05,0,0.5
17978.png,0.0096606305,0,0.5
18061.png,5.662931e-07,0,0.5
18207.png,0.0011335624,0,0.5
18267.png,0.0022879222,0,0.5
18560.png,7.178508e-06,0,0.5
18641.png,0.0015594482,0,0.5
18724.png,2.824593e-06,0,0.5
18857.png,3.7072903e-05,0,0.5
19156.png,0.0006045143,0,0.5
19277.png,0.020336358,0,0.5
19433.png,6.071558e-05,0,0.5
19449.png,0.00011182943,0,0.5
19497.png,4.5383884e-05,0,0.5
19522.png,3.1298645e-05,0,0.5
19766.png,0.0005766395,0,0.5
19776.png,0.001286645,0,0.5
19957.png,0.32720944,0,0.5
00049.png,4.5925623e-09,0,0.5
00069.png,0.00029145507,0,0.5
00253.png,0.00015573803,0,0.5
00296.png,1.9968373e-07,0,0.5
00305.png,3.378275e-05,0,0.5
00335.png,1.3956574e-07,0,0.5
00519.png,0.0003803364,0,0.5
00642.png,1.1994619e-05,0,0.5
00728.png,8.938803e-10,0,0.5
00771.png,2.0805279e-05,0,0.5
00807.png,1.307153e-05,0,0.5
00820.png,3.2842984e-06,0,0.5
00834.png,0.00024967204,0,0.5
00880.png,6.042765e-09,0,0.5
01050.png,2.388856e-06,0,0.5
01167.png,1.9049663e-06,0,0.5
01280.png,5.1378383e-06,0,0.5
01557.png,3.562267e-05,0,0.5
01560.png,1.128911e-05,0,0.5
01602.png,2.5164397e-09,0,0.5
01952.png,2.128952e-09,0,0.5
02018.png,6.5956156e-09,0,0.5
02022.png,1.1163534e-07,0,0.5
02135.png,0.005804612,0,0.5
02313.png,0.0003013142,0,0.5
02356.png,0.025362905,0,0.5
02390.png,0.0053201774,0,0.5
02423.png,7.2102053e-09,0,0.5
02487.png,0.00015759171,0,0.5
02617.png,0.00012066322,0,0.5
02909.png,6.779361e-08,0,0.5
02938.png,4.8501114e-09,0,0.5
02976.png,3.9196524e-07,0,0.5
03032.png,0.0017510134,0,0.5
03127.png,2.5926802e-11,0,0.5
03199.png,1.5302155e-06,0,0.5
03294.png,3.9925564e-07,0,0.5
03505.png,0.0002208231,0,0.5
03527.png,0.00023222559,0,0.5
03634.png,1.2161126e-08,0,0.5
03655.png,8.432003e-06,0,0.5
03679.png,8.004258e-06,0,0.5
03693.png,0.0001454946,0,0.5
03711.png,2.2075119e-08,0,0.5
03793.png,2.186361e-05,0,0.5
03986.png,1.6539539e-10,0,0.5
04223.png,8.5373024e-08,0,0.5
04426.png,0.00014614072,0,0.5
04576.png,0.0007243465,0,0.5
04656.png,8.313464e-07,0,0.5
04828.png,1.34986185e-05,0,0.5
04991.png,7.519972e-08,0,0.5
05105.png,1.4838063e-09,0,0.5
05148.png,1.6378807e-10,0,0.5
05339.png,1.5534815e-07,0,0.5
05450.png,1.1966456e-05,0,0.5
05454.png,1.6067321e-06,0,0.5
05560.png,7.5536477e-10,0,0.5
05687.png,2.7413978e-09,0,0.5
05830.png,1.03346885e-07,0,0.5
05888.png,2.9388416e-09,0,0.5
05961.png,4.4725216e-06,0,0.5
05970.png,1.8365682e-07,0,0.5
06062.png,6.70245e-08,0,0.5
06142.png,8.189017e-09,0,0.5
06152.png,1.323283e-10,0,0.5
06154.png,0.00018858317,0,0.5
06216.png,9.620812e-09,0,0.5
06430.png,6.755739e-08,0,0.5
06462.png,6.377262e-05,0,0.5
06559.png,1.4258894e-06,0,0.5
06720.png,3.0100997e-10,0,0.5
06930.png,4.917559e-10,0,0.5
07013.png,0.00062275317,0,0.5
07057.png,1.7160843e-05,0,0.5
07091.png,1.8871442e-05,0,0.5
07156.png,3.2281664e-09,0,0.5
07216.png,7.380036e-09,0,0.5
07413.png,4.3902305e-06,0,0.5
07463.png,1.9555926e-05,0,0.5
07543.png,6.965676e-05,0,0.5
07552.png,6.2256536e-06,0,0.5
07716.png,1.3358008e-09,0,0.5
07882.png,0.0010120951,0,0.5
08071.png,1.8936888e-08,0,0.5
08134.png,1.1562888e-06,0,0.5
08174.png,2.4004842e-07,0,0.5
08243.png,6.591707e-07,0,0.5
08411.png,9.171858e-06,0,0.5
08556.png,2.5413043e-09,0,0.5
08727.png,1.1267557e-12,0,0.5
08828.png,0.00052432285,0,0.5
08949.png,5.0511665e-07,0,0.5
08995.png,7.9052506e-07,0,0.5
09016.png,5.9476513e-09,0,0.5
09253.png,5.3027274e-05,0,0.5
09346.png,0.0025740543,0,0.5
09372.png,2.615807e-05,0,0.5
09428.png,0.0003119498,0,0.5
09829.png,0.0004911396,0,0.5
09850.png,0.00040014408,0,0.5
10104.png,1.7369137e-05,0,0.5
10105.png,0.015140374,0,0.5
10123.png,1.0746085e-08,0,0.5
10175.png,1.4039333e-05,0,0.5
10316.png,1.7029262e-05,0,0.5
10320.png,1.6794665e-05,0,0.5
10378.png,2.0361826e-07,0,0.5
10386.png,2.2948392e-07,0,0.5
10418.png,0.00030660507,0,0.5
10492.png,0.00022543417,0,0.5
10558.png,1.1167385e-08,0,0.5
10641.png,1.6804652e-06,0,0.5
10890.png,0.0002153942,0,0.5
11299.png,2.1568424e-07,0,0.5
11308.png,5.6753133e-06,0,0.5
11336.png,3.7072596e-08,0,0.5
11347.png,2.5526779e-05,0,0.5
11488.png,0.00011245275,0,0.5
11534.png,1.9013306e-10,0,0.5
11735.png,7.8027815e-06,0,0.5
11801.png,3.9516053e-09,0,0.5
11975.png,0.0044355635,0,0.5
12150.png,3.0526488e-07,0,0.5
12307.png,8.09389e-09,0,0.5
12364.png,5.2397372e-05,0,0.5
12455.png,1.6174032e-05,0,0.5
12585.png,9.4215866e-05,0,0.5
12749.png,0.005971294,0,0.5
12892.png,0.00047343355,0,0.5
12901.png,2.5342047e-08,0,0.5
12966.png,2.0498754e-05,0,0.5
13026.png,6.146276e-05,0,0.5
13281.png,2.3127961e-11,0,0.5
13409.png,2.4169722e-10,0,0.5
13472.png,0.00010639121,0,0.5
13527.png,1.2261707e-14,0,0.5
13761.png,1.325517e-05,0,0.5
13836.png,8.150777e-09,0,0.5
14005.png,3.2682015e-06,0,0.5
14085.png,1.7810899e-10,0,0.5
14444.png,1.0060913e-06,0,0.5
14542.png,8.608349e-08,0,0.5
14651.png,6.1041635e-07,0,0.5
14798.png,2.1253383e-07,0,0.5
14864.png,1.611284e-08,0,0.5
14881.png,0.0005200533,0,0.5
15105.png,2.5406538e-05,0,0.5
15133.png,0.00016096015,0,0.5
15465.png,0.0021698796,0,0.5
15502.png,1.6462988e-07,0,0.5
15599.png,2.402799e-08,0,0.5
15766.png,0.0011855406,0,0.5
15825.png,5.564862e-07,0,0.5
15841.png,1.8111296e-05,0,0.5
15908.png,2.6267156e-05,0,0.5
15909.png,3.617978e-07,0,0.5
15994.png,0.0018500667,0,0.5
16108.png,6.0655564e-10,0,0.5
16190.png,2.7004018e-07,0,0.5
16219.png,0.04594882,0,0.5
16329.png,4.4726507e-09,0,0.5
16394.png,9.467221e-11,0,0.5
16526.png,1.6616983e-05,0,0.5
16670.png,2.5821449e-14,0,0.5
16841.png,0.00068907544,0,0.5
16996.png,4.038013e-05,0,0.5
17021.png,2.558697e-09,0,0.5
17058.png,3.2524264e-07,0,0.5
17129.png,3.0235126e-10,0,0.5
17175.png,2.670677e-08,0,0.5
17241.png,8.384591e-05,0,0.5
17265.png,1.5949575e-10,0,0.5
17282.png,0.00015281118,0,0.5
17289.png,0.00021406075,0,0.5
17399.png,6.6487023e-13,0,0.5
17426.png,1.2952416e-05,0,0.5
17566.png,5.4680545e-08,0,0.5
17613.png,1.3788676e-07,0,0.5
17680.png,2.2767404e-06,0,0.5
17808.png,0.00034236017,0,0.5
17873.png,3.9831277e-10,0,0.5
17882.png,1.743091e-08,0,0.5
17978.png,1.4213586e-13,0,0.5
18061.png,0.0012224173,0,0.5
18207.png,2.1501468e-05,0,0.5
18267.png,2.2938488e-05,0,0.5
18560.png,0.0038596164,0,0.5
18641.png,1.3655812e-06,0,0.5
18724.png,1.2453635e-05,0,0.5
18857.png,1.9813744e-05,0,0.5
19156.png,5.3678204e-11,0,0.5
19277.png,0.050148323,0,0.5
19433.png,0.00049478875,0,0.5
19449.png,4.9134574e-08,0,0.5
19497.png,7.555104e-06,0,0.5
19522.png,1.1066866e-06,0,0.5
19766.png,3.189277e-06,0,0.5
19776.png,9.1311193e-07,0,0.5
19957.png,3.3796343e-05,0,0.5
00049.png,0.6270141,1,0.5
00069.png,0.0011114193,0,0.5
00253.png,0.97611654,1,0.5
00296.png,0.99995863,1,0.5
00305.png,0.9408995,1,0.5
00335.png,0.99401784,1,0.5
00519.png,0.21534477,0,0.5
00642.png,0.04867549,0,0.5
00728.png,0.9429916,1,0.5
00771.png,0.0038042795,0,0.5
00807.png,0.92027736,1,0.5
00820.png,0.6535005,1,0.5
00834.png,0.46369776,0,0.5
00880.png,0.1556318,0,0.5
01050.png,0.00045190752,0,0.5
01167.png,0.7930329,1,0.5
01280.png,0.06784094,0,0.5
01557.png,0.00012613506,0,0.5
01560.png,0.9943879,1,0.5
01602.png,0.42589423,0,0.5
01952.png,0.5686277,1,0.5
02018.png,0.003312627,0,0.5
02022.png,0.0074939546,0,0.5
02135.png,0.82230467,1,0.5
02313.png,0.9107326,1,0.5
02356.png,0.03946574,0,0.5
02390.png,0.7223365,1,0.5
02423.png,0.03226195,0,0.5
02487.png,0.99491394,1,0.5
02617.png,0.97686315,1,0.5
02909.png,0.9998609,1,0.5
02938.png,0.51211965,1,0.5
02976.png,0.99969804,1,0.5
03032.png,0.58416516,1,0.5
03127.png,0.9998555,1,0.5
03199.png,0.24087118,0,0.5
03294.png,0.97743064,1,0.5
03505.png,0.94226366,1,0.5
03527.png,0.2646961,0,0.5
03634.png,0.18723758,0,0.5
03655.png,0.97963196,1,0.5
03679.png,0.0065562245,0,0.5
03693.png,0.0012181579,0,0.5
03711.png,0.02961626,0,0.5
03793.png,0.00014733325,0,0.5
03986.png,0.5810629,1,0.5
04223.png,0.9839443,1,0.5
04426.png,0.47426665,0,0.5
04576.png,0.90210193,1,0.5
04656.png,0.9916562,1,0.5
04828.png,0.13752344,0,0.5
04991.png,0.011216477,0,0.5
05105.png,0.11341008,0,0.5
05148.png,0.007590649,0,0.5
05339.png,0.7652459,1,0.5
05450.png,0.008233286,0,0.5
05454.png,0.062432088,0,0.5
05560.png,0.9939307,1,0.5
05687.png,0.9461017,1,0.5
05830.png,0.23254727,0,0.5
05888.png,0.99584705,1,0.5
05961.png,0.025607169,0,0.5
05970.png,0.99229383,1,0.5
06062.png,0.053862084,0,0.5
06142.png,0.8886086,1,0.5
06152.png,0.4409492,0,0.5
06154.png,0.020964133,0,0.5
06216.png,0.8264755,1,0.5
06430.png,0.27255568,0,0.5
06462.png,0.0007064282,0,0.5
06559.png,0.069009006,0,0.5
06720.png,0.0037343185,0,0.5
06930.png,0.23119563,0,0.5
07013.png,0.21840687,0,0.5
07057.png,0.25784415,0,0.5
07091.png,0.98990506,1,0.5
07156.png,0.3831646,0,0.5
07216.png,0.05006514,0,0.5
07413.png,0.96609926,1,0.5
07463.png,0.022816282,0,0.5
07543.png,0.005786638,0,0.5
07552.png,0.851401,1,0.5
07716.png,0.40563187,0,0.5
07882.png,0.03332207,0,0.5
08071.png,0.9183914,1,0.5
08134.png,0.7512423,1,0.5
08174.png,0.9295872,1,0.5
08243.png,0.16801338,0,0.5
08411.png,0.99962103,1,0.5
08556.png,0.11610982,0,0.5
08727.png,0.8498747,1,0.5
08828.png,0.03655572,0,0.5
08949.png,0.9978715,1,0.5
08995.png,0.3945667,0,0.5
09016.png,0.83053124,1,0.5
09253.png,0.002878452,0,0.5
09346.png,0.9998466,1,0.5
09372.png,0.98158586,1,0.5
09428.png,0.8397897,1,0.5
09829.png,0.0020902525,0,0.5
09850.png,0.24434829,0,0.5
10104.png,0.809064,1,0.5
10105.png,0.00764234,0,0.5
10123.png,0.29147762,0,0.5
10175.png,0.99846953,1,0.5
10316.png,0.99484164,1,0.5
10320.png,0.040323712,0,0.5
10378.png,0.97122735,1,0.5
10386.png,0.92702913,1,0.5
10418.png,0.55636895,1,0.5
10492.png,0.99256223,1,0.5
10558.png,0.5956147,1,0.5
10641.png,0.980225,1,0.5
10890.png,0.51203686,1,0.5
11299.png,0.87676907,1,0.5
11308.png,0.6455706,1,0.5
11336.png,0.9991937,1,0.5
11347.png,0.84844834,1,0.5
11488.png,0.9888186,1,0.5
11534.png,0.13490248,0,0.5
11735.png,0.041898414,0,0.5
11801.png,0.047063213,0,0.5
11975.png,0.87496454,1,0.5
12150.png,0.504609,1,0.5
12307.png,0.04306128,0,0.5
12364.png,0.22919664,0,0.5
12455.png,0.52771264,1,0.5
12585.png,0.534756,1,0.5
12749.png,0.9916182,1,0.5
12892.png,0.963137,1,0.5
12901.png,0.9535246,1,0.5
12966.png,0.9938467,1,0.5
13026.png,0.8744207,1,0.5
13281.png,0.013989833,0,0.5
13409.png,0.9958775,1,0.5
13472.png,0.100412875,0,0.5
13527.png,0.9711623,1,0.5
13761.png,0.0020151418,0,0.5
13836.png,0.98780966,1,0.5
14005.png,0.24592015,0,0.5
14085.png,0.0103289625,0,0.5
14444.png,0.43459573,0,0.5
14542.png,0.99013394,1,0.5
14651.png,0.0062420163,0,0.5
14798.png,0.9870521,1,0.5
14864.png,0.00015455602,0,0.5
14881.png,0.9981774,1,0.5
15105.png,0.8852382,1,0.5
15133.png,0.16327153,0,0.5
15465.png,0.7901749,1,0.5
15502.png,0.79886574,1,0.5
15599.png,0.99399275,1,0.5
15766.png,0.559385,1,0.5
15825.png,0.9177332,1,0.5
15841.png,0.0009328902,0,0.5
15908.png,0.059719007,0,0.5
15909.png,0.5659696,1,0.5
15994.png,0.051338382,0,0.5
16108.png,0.6881036,1,0.5
16190.png,0.42260927,0,0.5
16219.png,0.055167157,0,0.5
16329.png,0.57280564,1,0.5
16394.png,0.8957742,1,0.5
16526.png,0.038534954,0,0.5
16670.png,0.87391573,1,0.5
16841.png,0.88637716,1,0.5
16996.png,0.9557168,1,0.5
17021.png,0.9997398,1,0.5
17058.png,0.97258353,1,0.5
17129.png,0.0051442604,0,0.5
17175.png,0.999158,1,0.5
17241.png,0.996786,1,0.5
17265.png,0.046497412,0,0.5
17282.png,5.310667e-05,0,0.5
17289.png,0.9887594,1,0.5
17399.png,0.99846834,1,0.5
17426.png,0.99249333,1,0.5
17566.png,0.41681397,0,0.5
17613.png,0.570962,1,0.5
17680.png,0.018726522,0,0.5
17808.png,0.028902862,0,0.5
17873.png,0.97888696,1,0.5
17882.png,0.8063313,1,0.5
17978.png,0.3261954,0,0.5
18061.png,0.39219034,0,0.5
18207.png,0.5654337,1,0.5
18267.png,0.999956,1,0.5
18560.png,0.9999964,1,0.5
18641.png,0.18610908,0,0.5
18724.png,0.000751514,0,0.5
18857.png,0.9885067,1,0.5
19156.png,0.16014263,0,0.5
19277.png,0.549264,1,0.5
19433.png,3.968617e-05,0,0.5
19449.png,0.39955905,0,0.5
19497.png,0.8264251,1,0.5
19522.png,0.9841217,1,0.5
19766.png,0.99995255,1,0.5
19776.png,0.18332678,0,0.5
19957.png,0.6116266,1,0.5
00049.png,2.6368905e-08,0,0.5
00069.png,2.5580187e-09,0,0.5
00253.png,1.0951098e-15,0,0.5
00296.png,6.9671586e-12,0,0.5
00305.png,1.4220793e-10,0,0.5
00335.png,3.314625e-06,0,0.5
00519.png,1.5645417e-06,0,0.5
00642.png,9.629415e-14,0,0.5
00728.png,8.012997e-10,0,0.5
00771.png,1.2881069e-08,0,0.5
00807.png,0.00010748488,0,0.5
00820.png,5.5998194e-06,0,0.5
00834.png,3.3688111e-06,0,0.5
00880.png,2.284536e-10,0,0.5
01050.png,7.483141e-09,0,0.5
01167.png,4.085697e-10,0,0.5
01280.png,2.8239947e-06,0,0.5
01557.png,3.271854e-10,0,0.5
01560.png,5.6101963e-09,0,0.5
01602.png,7.536007e-09,0,0.5
01952.png,3.135084e-06,0,0.5
02018.png,2.7299928e-05,0,0.5
02022.png,8.8128826e-07,0,0.5
02135.png,4.4162825e-05,0,0.5
02313.png,7.227037e-11,0,0.5
02356.png,1.2585023e-05,0,0.5
02390.png,1.0165382e-08,0,0.5
02423.png,2.2817815e-12,0,0.5
02487.png,7.46919e-14,0,0.5
02617.png,5.7881006e-11,0,0.5
02909.png,1.30063165e-11,0,0.5
02938.png,6.0340692e-09,0,0.5
02976.png,3.936145e-06,0,0.5
03032.png,2.133822e-09,0,0.5
03127.png,1.8022769e-05,0,0.5
03199.png,2.2946851e-10,0,0.5
03294.png,1.8520994e-11,0,0.5
03505.png,2.1550375e-09,0,0.5
03527.png,0.00032856048,0,0.5
03634.png,1.301219e-05,0,0.5
03655.png,2.5211994e-10,0,0.5
03679.png,4.2556727e-09,0,0.5
03693.png,0.008965071,0,0.5
03711.png,1.9663164e-09,0,0.5
03793.png,2.6716669e-05,0,0.5
03986.png,3.5764406e-05,0,0.5
04223.png,1.4549018e-16,0,0.5
04426.png,2.6986595e-09,0,0.5
04576.png,3.9662265e-07,0,0.5
04656.png,1.8524412e-08,0,0.5
04828.png,0.059582893,0,0.5
04991.png,5.6386997e-13,0,0.5
05105.png,6.7069824e-14,0,0.5
05148.png,0.007435095,0,0.5
05339.png,9.204226e-13,0,0.5
05450.png,5.5015275e-13,0,0.5
05454.png,0.08664663,0,0.5
05560.png,1.461894e-10,0,0.5
05687.png,1.6493426e-05,0,0.5
05830.png,9.949104e-13,0,0.5
05888.png,1.4326843e-06,0,0.5
05961.png,8.071269e-14,0,0.5
05970.png,2.5780964e-09,0,0.5
06062.png,1.6905664e-13,0,0.5
06142.png,0.14364047,0,0.5
06152.png,8.877412e-05,0,0.5
06154.png,4.5932925e-06,0,0.5
06216.png,1.1598468e-09,0,0.5
06430.png,9.93505e-10,0,0.5
06462.png,5.792339e-12,0,0.5
06559.png,1.9136215e-09,0,0.5
06720.png,2.0094149e-07,0,0.5
06930.png,7.177716e-08,0,0.5
07013.png,7.7177975e-07,0,0.5
07057.png,1.4305283e-11,0,0.5
07091.png,8.4389704e-11,0,0.5
07156.png,7.31763e-10,0,0.5
07216.png,0.0048666205,0,0.5
07413.png,7.069641e-13,0,0.5
07463.png,4.0882819e-07,0,0.5
07543.png,4.794801e-10,0,0.5
07552.png,0.00045878938,0,0.5
07716.png,4.240398e-07,0,0.5
07882.png,1.4974561e-06,0,0.5
08071.png,9.170323e-12,0,0.5
08134.png,3.556587e-10,0,0.5
08174.png,1.232313e-07,0,0.5
08243.png,8.848516e-06,0,0.5
08411.png,0.109483585,0,0.5
08556.png,7.640187e-12,0,0.5
08727.png,3.908638e-09,0,0.5
08828.png,8.0087026e-14,0,0.5
08949.png,6.728035e-10,0,0.5
08995.png,2.8168355e-07,0,0.5
09016.png,1.0214272e-10,0,0.5
09253.png,1.7532515e-11,0,0.5
09346.png,4.0715577e-06,0,0.5
09372.png,2.2544957e-07,0,0.5
09428.png,5.667206e-06,0,0.5
09829.png,1.60061e-07,0,0.5
09850.png,9.428814e-12,0,0.5
10104.png,1.942954e-11,0,0.5
10105.png,3.4975075e-11,0,0.5
10123.png,1.0836845e-06,0,0.5
10175.png,3.8980746e-12,0,0.5
10316.png,0.13466313,0,0.5
10320.png,3.4658294e-12,0,0.5
10378.png,3.513197e-05,0,0.5
10386.png,5.412424e-09,0,0.5
10418.png,3.006643e-08,0,0.5
10492.png,5.960904e-13,0,0.5
10558.png,0.00026919437,0,0.5
10641.png,0.058642674,0,0.5
10890.png,1.8318849e-10,0,0.5
11299.png,0.00010539962,0,0.5
11308.png,1.2557892e-07,0,0.5
11336.png,0.00044312025,0,0.5
11347.png,2.6006045e-11,0,0.5
11488.png,6.417049e-13,0,0.5
11534.png,1.0671413e-15,0,0.5
11735.png,1.6560208e-11,0,0.5
11801.png,2.1778002e-10,0,0.5
11975.png,2.783631e-11,0,0.5
12150.png,4.04678e-07,0,0.5
12307.png,9.977592e-09,0,0.5
12364.png,5.723705e-06,0,0.5
12455.png,7.060599e-13,0,0.5
12585.png,0.015375221,0,0.5
12749.png,1.09338565e-08,0,0.5
12892.png,3.5807887e-05,0,0.5
12901.png,3.572146e-05,0,0.5
12966.png,5.6921107e-10,0,0.5
13026.png,0.01740821,0,0.5
13281.png,1.8747209e-06,0,0.5
13409.png,1.9678772e-09,0,0.5
13472.png,6.9723956e-16,0,0.5
13527.png,1.9337205e-05,0,0.5
13761.png,1.7781229e-14,0,0.5
13836.png,8.926052e-05,0,0.5
14005.png,0.0006537894,0,0.5
14085.png,2.549526e-07,0,0.5
14444.png,9.245765e-10,0,0.5
14542.png,5.9604703e-05,0,0.5
14651.png,1.9551433e-05,0,0.5
14798.png,2.1801584e-12,0,0.5
14864.png,0.0002107319,0,0.5
14881.png,1.3652937e-10,0,0.5
15105.png,7.2012058e-12,0,0.5
15133.png,2.8627443e-07,0,0.5
15465.png,0.00035495384,0,0.5
15502.png,1.3938339e-06,0,0.5
15599.png,4.5735296e-10,0,0.5
15766.png,5.101602e-05,0,0.5
15825.png,3.6627828e-08,0,0.5
15841.png,6.6304634e-10,0,0.5
15908.png,9.209557e-11,0,0.5
15909.png,5.7953947e-10,0,0.5
15994.png,1.03188375e-10,0,0.5
16108.png,2.2388562e-08,0,0.5
16190.png,3.2808856e-09,0,0.5
16219.png,9.635365e-11,0,0.5
16329.png,1.5686457e-07,0,0.5
16394.png,7.503677e-06,0,0.5
16526.png,1.926495e-12,0,0.5
16670.png,2.9977068e-06,0,0.5
16841.png,0.0014226285,0,0.5
16996.png,3.2819837e-11,0,0.5
17021.png,9.9203335e-06,0,0.5
17058.png,0.008620813,0,0.5
17129.png,2.832049e-11,0,0.5
17175.png,2.5449362e-10,0,0.5
17241.png,3.6353429e-10,0,0.5
17265.png,7.772874e-05,0,0.5
17282.png,9.973363e-10,0,0.5
17289.png,3.7026122e-05,0,0.5
17399.png,3.4168415e-10,0,0.5
17426.png,1.2346512e-08,0,0.5
17566.png,0.000924659,0,0.5
17613.png,6.1878162e-15,0,0.5
17680.png,9.12402e-12,0,0.5
17808.png,0.004388929,0,0.5
17873.png,5.944189e-07,0,0.5
17882.png,1.8127768e-08,0,0.5
17978.png,9.708925e-13,0,0.5
18061.png,1.5666858e-06,0,0.5
18207.png,1.5571317e-06,0,0.5
18267.png,2.572834e-10,0,0.5
18560.png,5.3457137e-07,0,0.5
18641.png,2.0520505e-05,0,0.5
18724.png,2.3235782e-09,0,0.5
18857.png,2.389501e-05,0,0.5
19156.png,3.6573212e-05,0,0.5
19277.png,6.204925e-09,0,0.5
19433.png,2.7154266e-07,0,0.5
19449.png,7.750932e-08,0,0.5
19497.png,0.0036791186,0,0.5
19522.png,3.958736e-08,0,0.5
19766.png,1.3828281e-08,0,0.5
19776.png,6.9737393e-07,0,0.5
19957.png,3.8055377e-13,0,0.5
00049.png,0.8928589,1,0.5
00069.png,0.058580227,0,0.5
00253.png,0.7212726,1,0.5
00296.png,0.9992099,1,0.5
00305.png,0.26110795,0,0.5
00335.png,0.9002706,1,0.5
00519.png,0.7718206,1,0.5
00642.png,0.94408524,1,0.5
00728.png,0.8489164,1,0.5
00771.png,0.81056947,1,0.5
00807.png,0.9627753,1,0.5
00820.png,0.0039669024,0,0.5
00834.png,0.97480994,1,0.5
00880.png,0.99852437,1,0.5
01050.png,0.04683606,0,0.5
01167.png,0.5956834,1,0.5
01280.png,0.24388243,0,0.5
01557.png,0.22052887,0,0.5
01560.png,0.13114578,0,0.5
01602.png,0.9999999,1,0.5
01952.png,0.0011172534,0,0.5
02018.png,0.9389017,1,0.5
02022.png,0.025716016,0,0.5
02135.png,0.99056584,1,0.5
02313.png,0.08478923,0,0.5
02356.png,0.018554341,0,0.5
02390.png,0.0031497441,0,0.5
02423.png,0.82395494,1,0.5
02487.png,0.47384325,0,0.5
02617.png,0.98685294,1,0.5
02909.png,0.43354583,0,0.5
02938.png,0.0014048666,0,0.5
02976.png,0.974309,1,0.5
03032.png,0.030243019,0,0.5
03127.png,0.82574093,1,0.5
03199.png,0.005546218,0,0.5
03294.png,5.834229e-06,0,0.5
03505.png,0.009516901,0,0.5
03527.png,0.97514707,1,0.5
03634.png,0.05242241,0,0.5
03655.png,0.99948955,1,0.5
03679.png,0.92810786,1,0.5
03693.png,0.026025778,0,0.5
03711.png,0.13339785,0,0.5
03793.png,0.9486105,1,0.5
03986.png,9.325116e-05,0,0.5
04223.png,0.09227461,0,0.5
04426.png,0.5798572,1,0.5
04576.png,0.00052305777,0,0.5
04656.png,0.33115605,0,0.5
04828.png,9.5779455e-05,0,0.5
04991.png,0.9104906,1,0.5
05105.png,0.0712718,0,0.5
05148.png,0.996488,1,0.5
05339.png,0.008951829,0,0.5
05450.png,0.9992149,1,0.5
05454.png,0.023168754,0,0.5
05560.png,0.0135273365,0,0.5
05687.png,0.99854577,1,0.5
05830.png,0.06678254,0,0.5
05888.png,0.2594058,0,0.5
05961.png,0.5269132,1,0.5
05970.png,0.99067116,1,0.5
06062.png,0.9114437,1,0.5
06142.png,0.9973636,1,0.5
06152.png,0.36866274,0,0.5
06154.png,0.4677741,0,0.5
06216.png,0.9133981,1,0.5
06430.png,0.025416128,0,0.5
06462.png,0.013051202,0,0.5
06559.png,0.0453392,0,0.5
06720.png,0.69078004,1,0.5
06930.png,0.84393877,1,0.5
07013.png,0.0017447785,0,0.5
07057.png,0.7818468,1,0.5
07091.png,0.9726828,1,0.5
07156.png,0.14696549,0,0.5
07216.png,0.9202509,1,0.5
07413.png,0.5313921,1,0.5
07463.png,0.99445665,1,0.5
07543.png,0.0009961625,0,0.5
07552.png,9.0009446e-05,0,0.5
07716.png,0.0032092168,0,0.5
07882.png,0.017358389,0,0.5
08071.png,0.09691138,0,0.5
08134.png,0.018599302,0,0.5
08174.png,0.35208595,0,0.5
08243.png,0.2645137,0,0.5
08411.png,0.00040805386,0,0.5
08556.png,0.021494543,0,0.5
08727.png,0.039055414,0,0.5
08828.png,0.9994703,1,0.5
08949.png,0.2782919,0,0.5
08995.png,0.984321,1,0.5
09016.png,0.0048181345,0,0.5
09253.png,0.40338033,0,0.5
09346.png,0.32268623,0,0.5
09372.png,0.657823,1,0.5
09428.png,0.78258055,1,0.5
09829.png,0.035454437,0,0.5
09850.png,0.120830655,0,0.5
10104.png,0.9990017,1,0.5
10105.png,0.9990753,1,0.5
10123.png,0.00326945,0,0.5
10175.png,0.0010571852,0,0.5
10316.png,0.55071646,1,0.5
10320.png,0.0045008897,0,0.5
10378.png,0.4717503,0,0.5
10386.png,0.99383694,1,0.5
10418.png,0.50889707,1,0.5
10492.png,0.028934238,0,0.5
10558.png,0.0035544476,0,0.5
10641.png,0.93091094,1,0.5
10890.png,0.8322103,1,0.5
11299.png,0.40303138,0,0.5
11308.png,0.99983895,1,0.5
11336.png,0.41733712,0,0.5
11347.png,0.12553748,0,0.5
11488.png,0.12009246,0,0.5
11534.png,0.9999943,1,0.5
11735.png,0.06915393,0,0.5
11801.png,0.0050369543,0,0.5
11975.png,0.00037683183,0,0.5
12150.png,0.011413567,0,0.5
12307.png,0.7718361,1,0.5
12364.png,0.106918275,0,0.5
12455.png,0.49244386,0,0.5
12585.png,0.86903673,1,0.5
12749.png,0.01894613,0,0.5
12892.png,0.91863596,1,0.5
12901.png,0.22399941,0,0.5
12966.png,0.40461335,0,0.5
13026.png,0.007359072,0,0.5
13281.png,0.9326709,1,0.5
13409.png,0.122545764,0,0.5
13472.png,0.015113386,0,0.5
13527.png,0.00016921718,0,0.5
13761.png,0.0022068468,0,0.5
13836.png,0.9999387,1,0.5
14005.png,0.012193329,0,0.5
14085.png,0.1713132,0,0.5
14444.png,0.009726794,0,0.5
14542.png,0.9757739,1,0.5
14651.png,0.28824654,0,0.5
14798.png,0.89127916,1,0.5
14864.png,0.9979721,1,0.5
14881.png,0.9578434,1,0.5
15105.png,0.7167705,1,0.5
15133.png,0.9945918,1,0.5
15465.png,1.2756111e-05,0,0.5
15502.png,0.010738738,0,0.5
15599.png,0.9974369,1,0.5
15766.png,0.9987494,1,0.5
15825.png,0.10168179,0,0.5
15841.png,0.98051536,1,0.5
15908.png,0.0022469503,0,0.5
15909.png,0.62245846,1,0.5
15994.png,0.94417363,1,0.5
16108.png,0.9997987,1,0.5
16190.png,0.99078184,1,0.5
16219.png,0.9841724,1,0.5
16329.png,0.004941238,0,0.5
16394.png,0.9998387,1,0.5
16526.png,0.00082413695,0,0.5
16670.png,1.7277054e-05,0,0.5
16841.png,0.5432167,1,0.5
16996.png,0.8581776,1,0.5
17021.png,0.00040962623,0,0.5
17058.png,0.25374806,0,0.5
17129.png,0.6824237,1,0.5
17175.png,0.85348576,1,0.5
17241.png,0.6313988,1,0.5
17265.png,0.20210034,0,0.5
17282.png,0.9990038,1,0.5
17289.png,0.99453413,1,0.5
17399.png,0.00086019665,0,0.5
17426.png,0.0044285567,0,0.5
17566.png,0.0011890166,0,0.5
17613.png,2.4160443e-05,0,0.5
17680.png,0.05610294,0,0.5
17808.png,0.15343311,0,0.5
17873.png,0.90449953,1,0.5
17882.png,0.9689613,1,0.5
17978.png,0.990947,1,0.5
18061.png,0.8300717,1,0.5
18207.png,0.013628615,0,0.5
18267.png,0.9438856,1,0.5
18560.png,0.99999225,1,0.5
18641.png,0.98628587,1,0.5
18724.png,0.1993904,0,0.5
18857.png,0.9859949,1,0.5
19156.png,0.90626734,1,0.5
19277.png,0.017397985,0,0.5
19433.png,0.007870616,0,0.5
19449.png,0.1321826,0,0.5
19497.png,0.03408794,0,0.5
19522.png,0.9328859,1,0.5
19766.png,0.031015875,0,0.5
19776.png,0.0041398183,0,0.5
19957.png,0.9781587,1,0.5
00049.png,0.00030035712,0,0.5
00069.png,2.1361774e-07,0,0.5
00253.png,2.7762886e-10,0,0.5
00296.png,7.562862e-09,0,0.5
00305.png,1.720789e-06,0,0.5
00335.png,9.639731e-09,0,0.5
00519.png,0.0005704037,0,0.5
00642.png,4.29043e-06,0,0.5
00728.png,0.001246958,0,0.5
00771.png,2.3122604e-09,0,0.5
00807.png,0.00011541431,0,0.5
00820.png,9.603852e-09,0,0.5
00834.png,2.6117963e-05,0,0.5
00880.png,1.2385616e-06,0,0.5
01050.png,0.00014620245,0,0.5
01167.png,5.5243293e-11,0,0.5
01280.png,6.185277e-08,0,0.5
01557.png,1.7958175e-08,0,0.5
01560.png,1.18611595e-07,0,0.5
01602.png,9.6292595e-08,0,0.5
01952.png,1.6032613e-08,0,0.5
02018.png,9.281603e-07,0,0.5
02022.png,0.0007836527,0,0.5
02135.png,0.00047717904,0,0.5
02313.png,3.6240216e-11,0,0.5
02356.png,0.00045346637,0,0.5
02390.png,2.0053233e-06,0,0.5
02423.png,6.385527e-07,0,0.5
02487.png,7.266204e-08,0,0.5
02617.png,2.0680321e-10,0,0.5
02909.png,1.3649302e-06,0,0.5
02938.png,0.00021017347,0,0.5
02976.png,1.8568022e-09,0,0.5
03032.png,1.2847874e-11,0,0.5
03127.png,3.287562e-05,0,0.5
03199.png,2.362208e-05,0,0.5
03294.png,7.57748e-05,0,0.5
03505.png,0.000466993,0,0.5
03527.png,0.00011288142,0,0.5
03634.png,3.7440768e-06,0,0.5
03655.png,1.3197146e-09,0,0.5
03679.png,0.00031447905,0,0.5
03693.png,8.2663006e-05,0,0.5
03711.png,9.31109e-09,0,0.5
03793.png,5.3459004e-05,0,0.5
03986.png,3.910709e-06,0,0.5
04223.png,7.7021445e-10,0,0.5
04426.png,1.638923e-08,0,0.5
04576.png,8.546253e-07,0,0.5
04656.png,9.136111e-06,0,0.5
04828.png,4.4658847e-08,0,0.5
04991.png,3.3443037e-06,0,0.5
05105.png,0.07575308,0,0.5
05148.png,6.4709134e-06,0,0.5
05339.png,2.2660875e-05,0,0.5
05450.png,4.423885e-12,0,0.5
05454.png,1.3230668e-06,0,0.5
05560.png,1.0157135e-05,0,0.5
05687.png,0.00010626084,0,0.5
05830.png,1.9965023e-11,0,0.5
05888.png,0.000107353546,0,0.5
05961.png,1.1200748e-08,0,0.5
05970.png,6.1908766e-05,0,0.5
06062.png,3.8446603e-07,0,0.5
06142.png,3.3410382e-07,0,0.5
06152.png,1.9171917e-08,0,0.5
06154.png,1.1321304e-05,0,0.5
06216.png,1.8630397e-05,0,0.5
06430.png,0.008742433,0,0.5
06462.png,3.765028e-09,0,0.5
06559.png,0.0004111845,0,0.5
06720.png,5.506464e-07,0,0.5
06930.png,3.4305432e-09,0,0.5
07013.png,4.510469e-06,0,0.5
07057.png,1.2952737e-05,0,0.5
07091.png,1.0442081e-07,0,0.5
07156.png,1.3497267e-11,0,0.5
07216.png,0.0036618763,0,0.5
07413.png,1.550615e-12,0,0.5
07463.png,1.12285985e-08,0,0.5
07543.png,4.446985e-05,0,0.5
07552.png,1.3056668e-08,0,0.5
07716.png,1.0621248e-09,0,0.5
07882.png,1.2825815e-07,0,0.5
08071.png,1.0244836e-08,0,0.5
08134.png,0.00041869807,0,0.5
08174.png,1.242192e-06,0,0.5
08243.png,2.8411327e-07,0,0.5
08411.png,1.5926432e-11,0,0.5
08556.png,2.690505e-06,0,0.5
08727.png,1.7270447e-07,0,0.5
08828.png,7.982928e-06,0,0.5
08949.png,3.043915e-10,0,0.5
08995.png,7.530134e-07,0,0.5
09016.png,3.4251817e-13,0,0.5
09253.png,7.173377e-07,0,0.5
09346.png,1.5239796e-05,0,0.5
09372.png,2.418534e-07,0,0.5
09428.png,2.895957e-09,0,0.5
09829.png,1.123541e-06,0,0.5
09850.png,5.2363052e-06,0,0.5
10104.png,5.1677584e-05,0,0.5
10105.png,5.217801e-06,0,0.5
10123.png,1.9233044e-12,0,0.5
10175.png,1.3521508e-08,0,0.5
10316.png,6.201283e-08,0,0.5
10320.png,0.0026290321,0,0.5
10378.png,6.021481e-06,0,0.5
10386.png,1.6784471e-06,0,0.5
10418.png,1.3030494e-05,0,0.5
10492.png,5.6734134e-10,0,0.5
10558.png,1.007422e-06,0,0.5
10641.png,1.614036e-06,0,0.5
10890.png,3.3357132e-06,0,0.5
11299.png,3.8357348e-10,0,0.5
11308.png,0.0003632834,0,0.5
11336.png,1.1940119e-06,0,0.5
11347.png,4.601918e-05,0,0.5
11488.png,2.3587312e-07,0,0.5
11534.png,4.0665523e-08,0,0.5
11735.png,5.466394e-09,0,0.5
11801.png,1.5829674e-07,0,0.5
11975.png,3.7825396e-07,0,0.5
12150.png,6.771016e-11,0,0.5
12307.png,0.01308654,0,0.5
12364.png,5.744213e-09,0,0.5
12455.png,3.5332621e-09,0,0.5
12585.png,2.9264145e-06,0,0.5
12749.png,2.8877627e-15,0,0.5
12892.png,5.4370627e-08,0,0.5
12901.png,4.8427923e-05,0,0.5
12966.png,0.0003343388,0,0.5
13026.png,2.211959e-07,0,0.5
13281.png,2.923611e-06,0,0.5
13409.png,6.118942e-09,0,0.5
13472.png,1.003151e-05,0,0.5
13527.png,2.507888e-08,0,0.5
13761.png,1.0887806e-11,0,0.5
13836.png,9.803083e-07,0,0.5
14005.png,2.061477e-08,0,0.5
14085.png,4.4319466e-07,0,0.5
14444.png,7.196047e-11,0,0.5
14542.png,3.3240078e-06,0,0.5
14651.png,0.00017508725,0,0.5
14798.png,9.135414e-07,0,0.5
14864.png,2.1975926e-05,0,0.5
14881.png,1.3202961e-07,0,0.5
15105.png,0.003921687,0,0.5
15133.png,6.624389e-08,0,0.5
15465.png,7.771079e-06,0,0.5
15502.png,0.15248506,0,0.5
15599.png,1.5554962e-06,0,0.5
15766.png,5.935043e-05,0,0.5
15825.png,7.0435064e-08,0,0.5
15841.png,4.6371915e-07,0,0.5
15908.png,0.0008483115,0,0.5
15909.png,2.2756194e-07,0,0.5
15994.png,1.4492646e-10,0,0.5
16108.png,1.7727372e-08,0,0.5
16190.png,1.6807965e-08,0,0.5
16219.png,6.126982e-11,0,0.5
16329.png,6.319405e-05,0,0.5
16394.png,4.0861147e-07,0,0.5
16526.png,2.6715209e-06,0,0.5
16670.png,0.006156151,0,0.5
16841.png,3.7360942e-07,0,0.5
16996.png,3.6313896e-08,0,0.5
17021.png,4.6790712e-05,0,0.5
17058.png,4.570754e-06,0,0.5
17129.png,4.9997413e-07,0,0.5
17175.png,2.9759406e-09,0,0.5
17241.png,4.9232676e-09,0,0.5
17265.png,0.0013554177,0,0.5
17282.png,1.8944511e-06,0,0.5
17289.png,9.888023e-08,0,0.5
17399.png,4.1510477e-05,0,0.5
17426.png,7.304041e-08,0,0.5
17566.png,3.9211527e-09,0,0.5
17613.png,2.3729072e-09,0,0.5
17680.png,1.5781206e-05,0,0.5
17808.png,2.3552632e-06,0,0.5
17873.png,0.00011399709,0,0.5
17882.png,6.984023e-10,0,0.5
17978.png,4.071067e-09,0,0.5
18061.png,7.852533e-07,0,0.5
18207.png,1.0616787e-06,0,0.5
18267.png,3.8833555e-06,0,0.5
18560.png,2.9108246e-06,0,0.5
18641.png,4.744996e-08,0,0.5
18724.png,1.0574519e-06,0,0.5
18857.png,6.6712732e-06,0,0.5
19156.png,8.616854e-09,0,0.5
19277.png,7.4240313e-07,0,0.5
19433.png,4.6416602e-07,0,0.5
19449.png,2.2822813e-09,0,0.5
19497.png,3.3615986e-05,0,0.5
19522.png,1.6440032e-06,0,0.5
19766.png,4.201747e-09,0,0.5
19776.png,1.3794971e-05,0,0.5
19957.png,1.7657104e-13,0,0.5
00049.png,0.0911871,0,0.5
00069.png,0.02788698,0,0.5
00253.png,0.08602424,0,0.5
00296.png,2.3170458e-05,0,0.5
00305.png,0.28113177,0,0.5
00335.png,0.0036606428,0,0.5
00519.png,0.0027530957,0,0.5
00642.png,0.007831238,0,0.5
00728.png,0.97431934,1,0.5
00771.png,0.44273183,0,0.5
00807.png,2.7725118e-05,0,0.5
00820.png,0.12942189,0,0.5
00834.png,0.0026679619,0,0.5
00880.png,0.0744077,0,0.5
01050.png,0.99989104,1,0.5
01167.png,0.03451791,0,0.5
01280.png,0.03605589,0,0.5
01557.png,0.43684465,0,0.5
01560.png,1.5678555e-05,0,0.5
01602.png,0.19103138,0,0.5
01952.png,0.09467001,0,0.5
02018.png,0.99504906,1,0.5
02022.png,0.13074242,0,0.5
02135.png,0.8211021,1,0.5
02313.png,0.0006350166,0,0.5
02356.png,0.005146542,0,0.5
02390.png,0.040481094,0,0.5
02423.png,0.036891874,0,0.5
02487.png,0.0019724916,0,0.5
02617.png,0.002910145,0,0.5
02909.png,0.018869964,0,0.5
02938.png,0.008675903,0,0.5
02976.png,0.0020393808,0,0.5
03032.png,0.008513629,0,0.5
03127.png,0.46460855,0,0.5
03199.png,0.9998511,1,0.5
03294.png,1.16811e-05,0,0.5
03505.png,0.5541667,1,0.5
03527.png,0.9966904,1,0.5
03634.png,0.003944312,0,0.5
03655.png,0.0009581836,0,0.5
03679.png,0.89199495,1,0.5
03693.png,0.0051999595,0,0.5
03711.png,0.7334752,1,0.5
03793.png,3.4883687e-05,0,0.5
03986.png,0.9995896,1,0.5
04223.png,0.0026686317,0,0.5
04426.png,0.4689282,0,0.5
04576.png,0.03888895,0,0.5
04656.png,2.0128004e-05,0,0.5
04828.png,1.4878667e-05,0,0.5
04991.png,0.0014523981,0,0.5
05105.png,0.0012296693,0,0.5
05148.png,0.020811098,0,0.5
05339.png,0.69305354,1,0.5
05450.png,0.00011085816,0,0.5
05454.png,0.027532594,0,0.5
05560.png,0.63959646,1,0.5
05687.png,0.0019638184,0,0.5
05830.png,0.008841445,0,0.5
05888.png,0.059069287,0,0.5
05961.png,0.00040667172,0,0.5
05970.png,0.27055445,0,0.5
06062.png,0.00013252193,0,0.5
06142.png,0.49137565,0,0.5
06152.png,0.057104126,0,0.5
06154.png,0.8502609,1,0.5
06216.png,0.2803864,0,0.5
06430.png,0.13545789,0,0.5
06462.png,0.1448079,0,0.5
06559.png,0.000101774334,0,0.5
06720.png,0.3506136,0,0.5
06930.png,0.11286089,0,0.5
07013.png,0.048261985,0,0.5
07057.png,0.00027287094,0,0.5
07091.png,0.9967817,1,0.5
07156.png,0.09237203,0,0.5
07216.png,0.9999814,1,0.5
07413.png,0.039122757,0,0.5
07463.png,5.0628264e-06,0,0.5
07543.png,0.0014608102,0,0.5
07552.png,0.008861817,0,0.5
07716.png,0.10279169,0,0.5
07882.png,0.028190626,0,0.5
08071.png,0.14829013,0,0.5
08134.png,0.99913245,1,0.5
08174.png,0.03160719,0,0.5
08243.png,0.45445135,0,0.5
08411.png,0.00023701979,0,0.5
08556.png,0.6690245,1,0.5
08727.png,0.00033879463,0,0.5
08828.png,0.0023623148,0,0.5
08949.png,0.001485301,0,0.5
08995.png,0.36433727,0,0.5
09016.png,0.41787365,0,0.5
09253.png,0.10633933,0,0.5
09346.png,0.98463523,1,0.5
09372.png,0.45413956,0,0.5
09428.png,0.3791351,0,0.5
09829.png,0.00804523,0,0.5
09850.png,0.22272052,0,0.5
10104.png,0.34367463,0,0.5
10105.png,0.0001317198,0,0.5
10123.png,0.031141488,0,0.5
10175.png,7.81509e-06,0,0.5
10316.png,0.24205773,0,0.5
10320.png,0.045835234,0,0.5
10378.png,0.004610408,0,0.5
10386.png,0.0023058362,0,0.5
10418.png,0.00039391604,0,0.5
10492.png,0.23943509,0,0.5
10558.png,0.9821755,1,0.5
10641.png,0.0022460993,0,0.5
10890.png,0.017373726,0,0.5
11299.png,0.00067479507,0,0.5
11308.png,0.001360341,0,0.5
11336.png,0.99926406,1,0.5
11347.png,0.47716978,0,0.5
11488.png,0.03690024,0,0.5
11534.png,0.0021142433,0,0.5
11735.png,0.11109953,0,0.5
11801.png,0.028251706,0,0.5
11975.png,0.23014078,0,0.5
12150.png,0.9025702,1,0.5
12307.png,0.00044268474,0,0.5
12364.png,0.73191595,1,0.5
12455.png,0.6358906,1,0.5
12585.png,0.002062819,0,0.5
12749.png,0.0006251721,0,0.5
12892.png,0.07741869,0,0.5
12901.png,0.1296417,0,0.5
12966.png,0.49954742,0,0.5
13026.png,0.95902795,1,0.5
13281.png,0.21856527,0,0.5
13409.png,0.9697752,1,0.5
13472.png,0.003405057,0,0.5
13527.png,0.002899272,0,0.5
13761.png,0.4994418,0,0.5
13836.png,0.9428346,1,0.5
14005.png,0.0002895968,0,0.5
14085.png,0.033258922,0,0.5
14444.png,0.13140406,0,0.5
14542.png,0.15945081,0,0.5
14651.png,0.9665503,1,0.5
14798.png,0.00077978516,0,0.5
14864.png,0.593451,1,0.5
14881.png,0.01043813,0,0.5
15105.png,0.9999032,1,0.5
15133.png,0.86572665,1,0.5
15465.png,0.746334,1,0.5
15502.png,2.5474458e-06,0,0.5
15599.png,0.4403233,0,0.5
15766.png,0.013646478,0,0.5
15825.png,0.84842896,1,0.5
15841.png,0.9459029,1,0.5
15908.png,0.15678418,0,0.5
15909.png,0.0033675965,0,0.5
15994.png,4.894992e-06,0,0.5
16108.png,0.0011402162,0,0.5
16190.png,0.02054539,0,0.5
16219.png,0.91023815,1,0.5
16329.png,0.035203394,0,0.5
16394.png,0.070449755,0,0.5
16526.png,0.7818941,1,0.5
16670.png,0.6438626,1,0.5
16841.png,0.9639553,1,0.5
16996.png,0.10900073,0,0.5
17021.png,0.15496883,0,0.5
17058.png,0.039927717,0,0.5
17129.png,0.15257278,0,0.5
17175.png,0.00010188504,0,0.5
17241.png,0.13575497,0,0.5
17265.png,0.91594887,1,0.5
17282.png,0.9246009,1,0.5
17289.png,0.21039316,0,0.5
17399.png,0.024070887,0,0.5
17426.png,0.9951283,1,0.5
17566.png,0.29567477,0,0.5
17613.png,0.13438925,0,0.5
17680.png,0.2852603,0,0.5
17808.png,0.19316155,0,0.5
17873.png,0.00016968703,0,0.5
17882.png,4.252125e-05,0,0.5
17978.png,0.012239857,0,0.5
18061.png,0.00038359573,0,0.5
18207.png,0.7560943,1,0.5
18267.png,0.111494005,0,0.5
18560.png,0.00013835232,0,0.5
18641.png,0.030600559,0,0.5
18724.png,0.014489817,0,0.5
18857.png,0.0018892076,0,0.5
19156.png,0.0026245022,0,0.5
19277.png,0.0056503303,0,0.5
19433.png,8.8389334e-07,0,0.5
19449.png,0.026614187,0,0.5
19497.png,0.00027068763,0,0.5
19522.png,0.3433658,0,0.5
19766.png,0.9185901,1,0.5
19776.png,0.04218584,0,0.5
19957.png,0.16901584,0,0.5
00049.png,1.645051e-09,0,0.5
00069.png,7.498396e-10,0,0.5
00253.png,1.4763079e-05,0,0.5
00296.png,1.0954312e-06,0,0.5
00305.png,2.3245001e-09,0,0.5
00335.png,1.6764988e-09,0,0.5
00519.png,1.02788775e-07,0,0.5
00642.png,1.454269e-07,0,0.5
00728.png,2.596908e-10,0,0.5
00771.png,2.6033117e-06,0,0.5
00807.png,6.57893e-13,0,0.5
00820.png,6.973131e-11,0,0.5
00834.png,1.1560663e-08,0,0.5
00880.png,1.3606599e-08,0,0.5
01050.png,6.2606227e-12,0,0.5
01167.png,1.0972939e-09,0,0.5
01280.png,3.96667e-13,0,0.5
01557.png,2.76473e-06,0,0.5
01560.png,8.379173e-12,0,0.5
01602.png,1.16325595e-10,0,0.5
01952.png,1.3911932e-08,0,0.5
02018.png,3.0110563e-08,0,0.5
02022.png,2.5721446e-08,0,0.5
02135.png,7.371974e-13,0,0.5
02313.png,4.5471224e-10,0,0.5
02356.png,5.708424e-07,0,0.5
02390.png,1.5448859e-07,0,0.5
02423.png,2.5596168e-07,0,0.5
02487.png,1.7239406e-08,0,0.5
02617.png,3.63127e-05,0,0.5
02909.png,1.2026306e-11,0,0.5
02938.png,3.467e-08,0,0.5
02976.png,8.7898533e-10,0,0.5
03032.png,2.8157544e-12,0,0.5
03127.png,4.559268e-08,0,0.5
03199.png,4.826747e-08,0,0.5
03294.png,1.5811687e-15,0,0.5
03505.png,0.0024439052,0,0.5
03527.png,1.0723915e-11,0,0.5
03634.png,7.706758e-14,0,0.5
03655.png,3.1812128e-08,0,0.5
03679.png,1.0414255e-11,0,0.5
03693.png,7.277654e-10,0,0.5
03711.png,1.5027322e-09,0,0.5
03793.png,1.5406852e-09,0,0.5
03986.png,0.00012100659,0,0.5
04223.png,5.961074e-13,0,0.5
04426.png,6.874461e-10,0,0.5
04576.png,4.7175597e-09,0,0.5
04656.png,2.682018e-13,0,0.5
04828.png,2.0734589e-10,0,0.5
04991.png,3.7217342e-07,0,0.5
05105.png,1.1376447e-05,0,0.5
05148.png,2.7875389e-09,0,0.5
05339.png,2.3424006e-13,0,0.5
05450.png,2.967492e-11,0,0.5
05454.png,3.556649e-07,0,0.5
05560.png,2.5887394e-09,0,0.5
05687.png,1.3531884e-15,0,0.5
05830.png,1.5736017e-05,0,0.5
05888.png,1.3519971e-14,0,0.5
05961.png,3.3132744e-07,0,0.5
05970.png,1.780148e-11,0,0.5
06062.png,4.610671e-12,0,0.5
06142.png,3.5273817e-10,0,0.5
06152.png,1.6977058e-15,0,0.5
06154.png,4.1222364e-10,0,0.5
06216.png,7.776341e-12,0,0.5
06430.png,3.4986397e-12,0,0.5
06462.png,2.3566513e-07,0,0.5
06559.png,1.4796096e-06,0,0.5
06720.png,6.042932e-11,0,0.5
06930.png,2.387471e-09,0,0.5
07013.png,5.9998837e-07,0,0.5
07057.png,7.660363e-17,0,0.5
07091.png,5.003691e-08,0,0.5
07156.png,2.0336377e-10,0,0.5
07216.png,2.8548707e-11,0,0.5
07413.png,3.0288733e-11,0,0.5
07463.png,7.8785004e-13,0,0.5
07543.png,7.4909945e-09,0,0.5
07552.png,2.873494e-07,0,0.5
07716.png,1.2123422e-08,0,0.5
07882.png,6.257907e-10,0,0.5
08071.png,9.203745e-11,0,0.5
08134.png,1.3530066e-09,0,0.5
08174.png,4.851878e-13,0,0.5
08243.png,2.504452e-11,0,0.5
08411.png,3.2196747e-09,0,0.5
08556.png,7.609849e-12,0,0.5
08727.png,6.5027383e-14,0,0.5
08828.png,8.761977e-15,0,0.5
08949.png,2.7936187e-08,0,0.5
08995.png,9.179087e-09,0,0.5
09016.png,1.7371615e-10,0,0.5
09253.png,1.2672831e-08,0,0.5
09346.png,1.2845957e-12,0,0.5
09372.png,1.5272648e-05,0,0.5
09428.png,1.4568827e-11,0,0.5
09829.png,1.7719628e-12,0,0.5
09850.png,5.66931e-11,0,0.5
10104.png,1.7234521e-10,0,0.5
10105.png,2.4254012e-09,0,0.5
10123.png,7.092669e-13,0,0.5
10175.png,6.93268e-08,0,0.5
10316.png,0.00015213035,0,0.5
10320.png,5.714917e-12,0,0.5
10378.png,9.101039e-06,0,0.5
10386.png,7.933846e-12,0,0.5
10418.png,1.8890538e-11,0,0.5
10492.png,1.8369569e-06,0,0.5
10558.png,1.266532e-07,0,0.5
10641.png,3.8578727e-09,0,0.5
10890.png,1.7388148e-11,0,0.5
11299.png,4.9610103e-09,0,0.5
11308.png,1.0326344e-09,0,0.5
11336.png,4.059639e-12,0,0.5
11347.png,2.3012795e-08,0,0.5
11488.png,3.5981764e-09,0,0.5
11534.png,0.00016415711,0,0.5
11735.png,0.008464896,0,0.5
11801.png,2.1598632e-14,0,0.5
11975.png,1.8853336e-07,0,0.5
12150.png,2.7286751e-12,0,0.5
12307.png,1.4863569e-11,0,0.5
12364.png,8.095326e-09,0,0.5
12455.png,5.6125667e-11,0,0.5
12585.png,7.859065e-09,0,0.5
12749.png,1.132292e-09,0,0.5
12892.png,1.2601236e-13,0,0.5
12901.png,9.7515226e-08,0,0.5
12966.png,3.7991305e-11,0,0.5
13026.png,2.9099099e-09,0,0.5
13281.png,1.8795829e-08,0,0.5
13409.png,5.371095e-12,0,0.5
13472.png,1.6454613e-14,0,0.5
13527.png,6.099978e-06,0,0.5
13761.png,1.7231416e-08,0,0.5
13836.png,8.1568385e-10,0,0.5
14005.png,6.751978e-08,0,0.5
14085.png,8.7342344e-10,0,0.5
14444.png,2.3917048e-07,0,0.5
14542.png,3.08723e-10,0,0.5
14651.png,4.4377384e-11,0,0.5
14798.png,2.9021327e-13,0,0.5
14864.png,4.4186063e-08,0,0.5
14881.png,1.3432799e-08,0,0.5
15105.png,2.9101243e-14,0,0.5
15133.png,1.6635529e-10,0,0.5
15465.png,3.9953446e-07,0,0.5
15502.png,8.0471105e-09,0,0.5
15599.png,8.815718e-08,0,0.5
15766.png,8.8747635e-07,0,0.5
15825.png,0.00040304544,0,0.5
15841.png,3.5767322e-09,0,0.5
15908.png,2.0963833e-11,0,0.5
15909.png,1.736147e-11,0,0.5
15994.png,2.4277574e-06,0,0.5
16108.png,6.158282e-09,0,0.5
16190.png,4.4456423e-15,0,0.5
16219.png,9.796821e-09,0,0.5
16329.png,3.8191963e-08,0,0.5
16394.png,3.0381125e-07,0,0.5
16526.png,0.0001082232,0,0.5
16670.png,6.442075e-14,0,0.5
16841.png,1.03581976e-10,0,0.5
16996.png,1.4815227e-07,0,0.5
17021.png,1.3232186e-12,0,0.5
17058.png,7.45521e-11,0,0.5
17129.png,4.5186067e-11,0,0.5
17175.png,6.171149e-07,0,0.5
17241.png,1.3912269e-09,0,0.5
17265.png,1.572774e-11,0,0.5
17282.png,1.5189588e-09,0,0.5
17289.png,1.13516046e-11,0,0.5
17399.png,1.4304444e-10,0,0.5
17426.png,2.1756856e-07,0,0.5
17566.png,2.3729465e-14,0,0.5
17613.png,1.2417253e-10,0,0.5
17680.png,6.046901e-10,0,0.5
17808.png,5.849539e-08,0,0.5
17873.png,6.027008e-06,0,0.5
17882.png,2.34833e-07,0,0.5
17978.png,3.9552415e-08,0,0.5
18061.png,3.9989608e-14,0,0.5
18207.png,2.0915994e-10,0,0.5
18267.png,2.0593751e-07,0,0.5
18560.png,6.272749e-10,0,0.5
18641.png,2.0083266e-07,0,0.5
18724.png,5.7800444e-12,0,0.5
18857.png,3.1955396e-06,0,0.5
19156.png,2.5770991e-12,0,0.5
19277.png,6.9030315e-12,0,0.5
19433.png,1.2585756e-11,0,0.5
19449.png,3.9133692e-08,0,0.5
19497.png,2.27273e-08,0,0.5
19522.png,1.11692636e-07,0,0.5
19766.png,1.43510585e-11,0,0.5
19776.png,2.6272323e-07,0,0.5
19957.png,1.0786364e-10,0,0.5
00049.png,7.348202e-05,0,0.5
00069.png,0.3065844,0,0.5
00253.png,0.01579639,0,0.5
00296.png,1.4181893e-05,0,0.5
00305.png,0.114577055,0,0.5
00335.png,0.012285069,0,0.5
00519.png,0.05163447,0,0.5
00642.png,0.00023056121,0,0.5
00728.png,2.2714413e-07,0,0.5
00771.png,0.0006093752,0,0.5
00807.png,1.4857022e-07,0,0.5
00820.png,0.07062733,0,0.5
00834.png,0.08010415,0,0.5
00880.png,0.057926506,0,0.5
01050.png,0.0049713487,0,0.5
01167.png,0.0040656407,0,0.5
01280.png,0.991161,1,0.5
01557.png,0.09964075,0,0.5
01560.png,5.424567e-13,0,0.5
01602.png,0.035206456,0,0.5
01952.png,0.009393824,0,0.5
02018.png,0.86107683,1,0.5
02022.png,0.88976705,1,0.5
02135.png,4.608189e-05,0,0.5
02313.png,6.7012064e-05,0,0.5
02356.png,0.0034816156,0,0.5
02390.png,8.24773e-07,0,0.5
02423.png,0.00012649111,0,0.5
02487.png,0.21665862,0,0.5
02617.png,0.78567815,1,0.5
02909.png,0.983365,1,0.5
02938.png,0.008386716,0,0.5
02976.png,3.18587e-08,0,0.5
03032.png,0.009989846,0,0.5
03127.png,0.09353563,0,0.5
03199.png,0.19855568,0,0.5
03294.png,0.1578103,0,0.5
03505.png,0.0009887485,0,0.5
03527.png,0.014357881,0,0.5
03634.png,9.181651e-06,0,0.5
03655.png,0.28052667,0,0.5
03679.png,0.9692978,1,0.5
03693.png,0.9823444,1,0.5
03711.png,3.0921397e-05,0,0.5
03793.png,0.0059738224,0,0.5
03986.png,4.6056015e-05,0,0.5
04223.png,4.982866e-06,0,0.5
04426.png,0.015414562,0,0.5
04576.png,0.033858594,0,0.5
04656.png,0.16897886,0,0.5
04828.png,0.00024565248,0,0.5
04991.png,2.3260831e-07,0,0.5
05105.png,0.00043846352,0,0.5
05148.png,9.975388e-08,0,0.5
05339.png,0.0015414769,0,0.5
05450.png,6.360062e-05,0,0.5
05454.png,0.00065204425,0,0.5
05560.png,0.025998965,0,0.5
05687.png,0.33269846,0,0.5
05830.png,0.99825996,1,0.5
05888.png,0.22693184,0,0.5
05961.png,0.08236989,0,0.5
05970.png,9.849093e-05,0,0.5
06062.png,4.643989e-08,0,0.5
06142.png,0.18577221,0,0.5
06152.png,0.99752825,1,0.5
06154.png,0.22669053,0,0.5
06216.png,0.0074985945,0,0.5
06430.png,0.046428043,0,0.5
06462.png,0.02983681,0,0.5
06559.png,0.05678459,0,0.5
06720.png,0.00022222493,0,0.5
06930.png,0.6305043,1,0.5
07013.png,0.40908134,0,0.5
07057.png,0.015233214,0,0.5
07091.png,0.22744033,0,0.5
07156.png,0.00930518,0,0.5
07216.png,6.712566e-05,0,0.5
07413.png,0.013884002,0,0.5
07463.png,0.0015582563,0,0.5
07543.png,6.699801e-05,0,0.5
07552.png,1.3353489e-05,0,0.5
07716.png,0.0003773835,0,0.5
07882.png,0.94056207,1,0.5
08071.png,0.0056340382,0,0.5
08134.png,0.00019071331,0,0.5
08174.png,0.025435226,0,0.5
08243.png,0.17126791,0,0.5
08411.png,0.0017318157,0,0.5
08556.png,0.012936221,0,0.5
08727.png,0.0007008678,0,0.5
08828.png,0.0010796485,0,0.5
08949.png,2.6743282e-05,0,0.5
08995.png,0.07158362,0,0.5
09016.png,1.8534381e-06,0,0.5
09253.png,0.1587662,0,0.5
09346.png,0.9970907,1,0.5
09372.png,0.9802501,1,0.5
09428.png,6.4468168e-06,0,0.5
09829.png,0.021769207,0,0.5
09850.png,0.00069569645,0,0.5
10104.png,0.002226779,0,0.5
10105.png,0.5770054,1,0.5
10123.png,0.004266095,0,0.5
10175.png,0.0008292834,0,0.5
10316.png,0.023877507,0,0.5
10320.png,2.8006512e-05,0,0.5
10378.png,0.40092734,0,0.5
10386.png,0.99823797,1,0.5
10418.png,0.0021443083,0,0.5
10492.png,0.75763714,1,0.5
10558.png,4.1010062e-05,0,0.5
10641.png,0.31501845,0,0.5
10890.png,0.23025763,0,0.5
11299.png,0.0012738954,0,0.5
11308.png,0.0016962045,0,0.5
11336.png,1.6259238e-08,0,0.5
11347.png,0.04678834,0,0.5
11488.png,3.4935198e-07,0,0.5
11534.png,5.5536127e-08,0,0.5
11735.png,0.0041108024,0,0.5
11801.png,0.098152556,0,0.5
11975.png,1.2855004e-05,0,0.5
12150.png,0.602555,1,0.5
12307.png,0.016388468,0,0.5
12364.png,0.02816862,0,0.5
12455.png,0.07713523,0,0.5
12585.png,0.0037846342,0,0.5
12749.png,0.015535653,0,0.5
12892.png,0.8062718,1,0.5
12901.png,7.094197e-05,0,0.5
12966.png,0.0012599311,0,0.5
13026.png,0.73720497,1,0.5
13281.png,2.3682925e-07,0,0.5
13409.png,1.6246682e-08,0,0.5
13472.png,0.0058821277,0,0.5
13527.png,0.95855105,1,0.5
13761.png,0.00020988227,0,0.5
13836.png,0.03351008,0,0.5
14005.png,0.006618028,0,0.5
14085.png,0.0008622108,0,0.5
14444.png,0.0006533627,0,0.5
14542.png,0.020500977,0,0.5
14651.png,0.0013120028,0,0.5
14798.png,1.4281211e-05,0,0.5
14864.png,0.12721114,0,0.5
14881.png,0.047874596,0,0.5
15105.png,0.50749874,1,0.5
15133.png,0.05741252,0,0.5
15465.png,0.0005567831,0,0.5
15502.png,0.13091032,0,0.5
15599.png,0.21854793,0,0.5
15766.png,0.9439136,1,0.5
15825.png,0.20840327,0,0.5
15841.png,6.151442e-05,0,0.5
15908.png,2.801164e-05,0,0.5
15909.png,0.1456152,0,0.5
15994.png,0.028840976,0,0.5
16108.png,0.283278,0,0.5
16190.png,0.77017987,1,0.5
16219.png,0.48027533,0,0.5
16329.png,0.00033121958,0,0.5
16394.png,4.908465e-05,0,0.5
16526.png,0.0813199,0,0.5
16670.png,0.00083210284,0,0.5
16841.png,0.76786417,1,0.5
16996.png,0.0028144617,0,0.5
17021.png,0.0002603264,0,0.5
17058.png,0.91502833,1,0.5
17129.png,0.042980425,0,0.5
17175.png,0.00013458842,0,0.5
17241.png,0.67991686,1,0.5
17265.png,0.08151525,0,0.5
17282.png,0.001777256,0,0.5
17289.png,2.1168225e-05,0,0.5
17399.png,0.00045450436,0,0.5
17426.png,0.49411058,0,0.5
17566.png,4.998584e-05,0,0.5
17613.png,8.170085e-06,0,0.5
17680.png,0.002683024,0,0.5
17808.png,0.008717983,0,0.5
17873.png,0.9450233,1,0.5
17882.png,0.008764183,0,0.5
17978.png,0.007334674,0,0.5
18061.png,0.0006003687,0,0.5
18207.png,0.00035259014,0,0.5
18267.png,0.35564896,0,0.5
18560.png,0.00029386888,0,0.5
18641.png,0.00018495394,0,0.5
18724.png,0.15141338,0,0.5
18857.png,0.0016388849,0,0.5
19156.png,1.2599393e-08,0,0.5
19277.png,0.0010823255,0,0.5
19433.png,0.062370382,0,0.5
19449.png,0.0022483307,0,0.5
19497.png,0.96610206,1,0.5
19522.png,0.5859012,1,0.5
19766.png,0.044797868,0,0.5
19776.png,0.09992097,0,0.5
19957.png,0.0010468804,0,0.5
00049.png,1.0802405e-05,0,0.5
00069.png,8.8813e-06,0,0.5
00253.png,1.2504248e-09,0,0.5
00296.png,0.00029721568,0,0.5
00305.png,9.471501e-11,0,0.5
00335.png,1.5500524e-13,0,0.5
00519.png,4.080199e-10,0,0.5
00642.png,0.22982168,0,0.5
00728.png,0.052251257,0,0.5
00771.png,3.3533765e-05,0,0.5
00807.png,8.306627e-08,0,0.5
00820.png,2.7558717e-06,0,0.5
00834.png,0.001435541,0,0.5
00880.png,2.8236987e-06,0,0.5
01050.png,3.7646414e-16,0,0.5
01167.png,1.4916786e-08,0,0.5
01280.png,8.956713e-06,0,0.5
01557.png,1.6371381e-05,0,0.5
01560.png,2.592752e-09,0,0.5
01602.png,0.0040526055,0,0.5
01952.png,5.290942e-07,0,0.5
02018.png,1.0387476e-05,0,0.5
02022.png,3.5074045e-06,0,0.5
02135.png,2.8488973e-06,0,0.5
02313.png,3.6418263e-05,0,0.5
02356.png,0.036500927,0,0.5
02390.png,8.6805136e-05,0,0.5
02423.png,7.267303e-11,0,0.5
02487.png,2.3508985e-06,0,0.5
02617.png,2.9816463e-06,0,0.5
02909.png,4.705394e-12,0,0.5
02938.png,7.753397e-05,0,0.5
02976.png,1.2413211e-07,0,0.5
03032.png,0.00011883624,0,0.5
03127.png,5.1962474e-05,0,0.5
03199.png,1.3045438e-16,0,0.5
03294.png,4.379931e-06,0,0.5
03505.png,0.0011098894,0,0.5
03527.png,0.0004422678,0,0.5
03634.png,7.5726444e-07,0,0.5
03655.png,9.347515e-09,0,0.5
03679.png,0.0016763197,0,0.5
03693.png,1.4044377e-09,0,0.5
03711.png,8.958788e-06,0,0.5
03793.png,6.294051e-07,0,0.5
03986.png,7.5142656e-05,0,0.5
04223.png,2.6897766e-07,0,0.5
04426.png,1.8387816e-06,0,0.5
04576.png,2.3726478e-05,0,0.5
04656.png,8.243474e-06,0,0.5
04828.png,5.0400213e-06,0,0.5
04991.png,7.779517e-08,0,0.5
05105.png,2.7371e-07,0,0.5
05148.png,2.6766383e-08,0,0.5
05339.png,1.7675296e-05,0,0.5
05450.png,3.500783e-08,0,0.5
05454.png,5.6099317e-08,0,0.5
05560.png,1.3093448e-06,0,0.5
05687.png,0.058885094,0,0.5
05830.png,0.0004357701,0,0.5
05888.png,1.9740651e-09,0,0.5
05961.png,0.00034977306,0,0.5
05970.png,8.309587e-05,0,0.5
06062.png,2.0150542e-06,0,0.5
06142.png,4.607635e-05,0,0.5
06152.png,3.3167692e-06,0,0.5
06154.png,2.387974e-07,0,0.5
06216.png,1.4632434e-07,0,0.5
06430.png,1.9043258e-09,0,0.5
06462.png,1.3041507e-06,0,0.5
06559.png,3.557566e-09,0,0.5
06720.png,4.279196e-09,0,0.5
06930.png,9.480945e-09,0,0.5
07013.png,1.5840244e-07,0,0.5
07057.png,3.1557767e-07,0,0.5
07091.png,0.00014730908,0,0.5
07156.png,0.0023179837,0,0.5
07216.png,1.0161543e-05,0,0.5
07413.png,2.884658e-07,0,0.5
07463.png,2.3185358e-09,0,0.5
07543.png,1.9260892e-06,0,0.5
07552.png,2.3648341e-05,0,0.5
07716.png,2.028648e-06,0,0.5
07882.png,1.965602e-11,0,0.5
08071.png,1.8136481e-12,0,0.5
08134.png,0.0014691853,0,0.5
08174.png,1.3685433e-06,0,0.5
08243.png,5.8729037e-12,0,0.5
08411.png,3.3044853e-10,0,0.5
08556.png,1.7022729e-06,0,0.5
08727.png,4.459613e-06,0,0.5
08828.png,4.3169905e-08,0,0.5
08949.png,5.902697e-07,0,0.5
08995.png,0.00015577041,0,0.5
09016.png,0.004725469,0,0.5
09253.png,3.2252253e-06,0,0.5
09346.png,4.242983e-08,0,0.5
09372.png,3.623654e-08,0,0.5
09428.png,0.0010203648,0,0.5
09829.png,1.18656274e-07,0,0.5
09850.png,1.999361e-05,0,0.5
10104.png,3.449581e-05,0,0.5
10105.png,2.5172986e-07,0,0.5
10123.png,2.4122976e-10,0,0.5
10175.png,4.1665364e-09,0,0.5
10316.png,1.0955776e-05,0,0.5
10320.png,0.001757458,0,0.5
10378.png,0.00011283556,0,0.5
10386.png,1.7584402e-05,0,0.5
10418.png,1.7838968e-06,0,0.5
10492.png,1.1377249e-05,0,0.5
10558.png,3.846058e-05,0,0.5
10641.png,1.3025274e-06,0,0.5
10890.png,1.9117611e-05,0,0.5
11299.png,3.3691432e-08,0,0.5
11308.png,0.0002503853,0,0.5
11336.png,0.0005482623,0,0.5
11347.png,4.0197014e-07,0,0.5
11488.png,2.118791e-10,0,0.5
11534.png,6.6467015e-07,0,0.5
11735.png,2.8490929e-06,0,0.5
11801.png,1.5213307e-06,0,0.5
11975.png,0.00010884905,0,0.5
12150.png,2.016996e-10,0,0.5
12307.png,3.3441503e-11,0,0.5
12364.png,2.4241614e-05,0,0.5
12455.png,0.00088941364,0,0.5
12585.png,0.000943,0,0.5
12749.png,9.1507886e-08,0,0.5
12892.png,1.94368e-06,0,0.5
12901.png,4.646899e-05,0,0.5
12966.png,3.2729656e-07,0,0.5
13026.png,1.3472571e-08,0,0.5
13281.png,1.2472377e-07,0,0.5
13409.png,1.2457244e-07,0,0.5
13472.png,9.771384e-13,0,0.5
13527.png,2.3309406e-06,0,0.5
13761.png,6.176324e-07,0,0.5
13836.png,5.760234e-07,0,0.5
14005.png,5.197124e-08,0,0.5
14085.png,2.1238777e-05,0,0.5
14444.png,8.7715266e-11,0,0.5
14542.png,2.1769931e-07,0,0.5
14651.png,3.9847877e-05,0,0.5
14798.png,1.4337586e-09,0,0.5
14864.png,1.7980749e-06,0,0.5
14881.png,4.256712e-09,0,0.5
15105.png,0.26568344,0,0.5
15133.png,4.6870047e-12,0,0.5
15465.png,7.4275573e-07,0,0.5
15502.png,2.7781813e-05,0,0.5
15599.png,3.4926663e-05,0,0.5
15766.png,2.8958036e-08,0,0.5
15825.png,0.026110088,0,0.5
15841.png,0.012284027,0,0.5
15908.png,0.26592168,0,0.5
15909.png,0.0001928504,0,0.5
15994.png,0.002082165,0,0.5
16108.png,2.2699842e-11,0,0.5
16190.png,0.001363396,0,0.5
16219.png,1.7511507e-05,0,0.5
16329.png,8.593847e-06,0,0.5
16394.png,2.1631574e-06,0,0.5
16526.png,1.3546595e-06,0,0.5
16670.png,0.000138732,0,0.5
16841.png,0.0003275359,0,0.5
16996.png,6.13635e-11,0,0.5
17021.png,9.747988e-16,0,0.5
17058.png,2.1867781e-05,0,0.5
17129.png,5.7349546e-12,0,0.5
17175.png,5.6145756e-05,0,0.5
17241.png,1.8225143e-09,0,0.5
17265.png,7.800613e-09,0,0.5
17282.png,4.4633515e-07,0,0.5
17289.png,0.00030644346,0,0.5
17399.png,2.2802347e-05,0,0.5
17426.png,4.469011e-05,0,0.5
17566.png,0.003103771,0,0.5
17613.png,0.00025475197,0,0.5
17680.png,0.7043021,1,0.5
17808.png,8.28683e-08,0,0.5
17873.png,1.6709511e-12,0,0.5
17882.png,2.42138e-09,0,0.5
17978.png,0.00046877944,0,0.5
18061.png,2.7488454e-07,0,0.5
18207.png,2.0694705e-08,0,0.5
18267.png,2.4969253e-07,0,0.5
18560.png,1.7896999e-05,0,0.5
18641.png,1.5846688e-05,0,0.5
18724.png,5.1119653e-08,0,0.5
18857.png,5.1120145e-07,0,0.5
19156.png,3.1569158e-05,0,0.5
19277.png,4.472569e-06,0,0.5
19433.png,0.006668505,0,0.5
19449.png,8.772181e-07,0,0.5
19497.png,0.0045469967,0,0.5
19522.png,1.2075823e-05,0,0.5
19766.png,0.19095491,0,0.5
19776.png,0.0015465242,0,0.5
19957.png,0.00019690282,0,0.5
00049.png,0.1668125,0,0.5
00069.png,0.88200897,1,0.5
00253.png,0.46372324,0,0.5
00296.png,0.99386734,1,0.5
00305.png,0.9015774,1,0.5
00335.png,0.62180156,1,0.5
00519.png,0.9996613,1,0.5
00642.png,0.0042392616,0,0.5
00728.png,0.0012076016,0,0.5
00771.png,0.9287903,1,0.5
00807.png,0.07150496,0,0.5
00820.png,0.99994195,1,0.5
00834.png,0.99739623,1,0.5
00880.png,0.9855391,1,0.5
01050.png,0.00016893313,0,0.5
01167.png,0.15853631,0,0.5
01280.png,0.83349043,1,0.5
01557.png,0.013157578,0,0.5
01560.png,0.70821434,1,0.5
01602.png,0.00036061511,0,0.5
01952.png,0.99636996,1,0.5
02018.png,0.054920062,0,0.5
02022.png,5.014052e-05,0,0.5
02135.png,0.48789057,0,0.5
02313.png,0.005918863,0,0.5
02356.png,0.9953245,1,0.5
02390.png,0.010964406,0,0.5
02423.png,0.074260786,0,0.5
02487.png,0.0065415082,0,0.5
02617.png,0.9999913,1,0.5
02909.png,0.0014867944,0,0.5
02938.png,0.00030538675,0,0.5
02976.png,0.23088005,0,0.5
03032.png,0.6953982,1,0.5
03127.png,0.004719787,0,0.5
03199.png,0.06275899,0,0.5
03294.png,0.9024072,1,0.5
03505.png,0.021224992,0,0.5
03527.png,0.11825705,0,0.5
03634.png,0.99978274,1,0.5
03655.png,0.074173026,0,0.5
03679.png,0.94075006,1,0.5
03693.png,0.4468156,0,0.5
03711.png,0.06997321,0,0.5
03793.png,0.9977697,1,0.5
03986.png,0.9069486,1,0.5
04223.png,0.3009661,0,0.5
04426.png,0.9959728,1,0.5
04576.png,0.99879944,1,0.5
04656.png,0.018094314,0,0.5
04828.png,0.83735514,1,0.5
04991.png,0.04494478,0,0.5
05105.png,0.6170894,1,0.5
05148.png,0.47523993,0,0.5
05339.png,0.03158879,0,0.5
05450.png,0.015378153,0,0.5
05454.png,0.025510797,0,0.5
05560.png,0.9301232,1,0.5
05687.png,0.0011584914,0,0.5
05830.png,0.0014628517,0,0.5
05888.png,0.9890878,1,0.5
05961.png,0.06055182,0,0.5
05970.png,0.97818893,1,0.5
06062.png,0.002655737,0,0.5
06142.png,0.0071189306,0,0.5
06152.png,0.43533385,0,0.5
06154.png,0.017032819,0,0.5
06216.png,0.9528279,1,0.5
06430.png,0.03168786,0,0.5
06462.png,0.011299112,0,0.5
06559.png,0.9209087,1,0.5
06720.png,0.30712077,0,0.5
06930.png,6.4713415e-05,0,0.5
07013.png,0.81577694,1,0.5
07057.png,0.4480572,0,0.5
07091.png,0.95517296,1,0.5
07156.png,0.0135619,0,0.5
07216.png,0.0064029996,0,0.5
07413.png,0.9998005,1,0.5
07463.png,0.008201498,0,0.5
07543.png,0.5971042,1,0.5
07552.png,0.17640491,0,0.5
07716.png,0.98134744,1,0.5
07882.png,0.34871158,0,0.5
08071.png,0.91950345,1,0.5
08134.png,0.3713148,0,0.5
08174.png,0.001460331,0,0.5
08243.png,0.08582762,0,0.5
08411.png,0.26042292,0,0.5
08556.png,0.49217644,0,0.5
08727.png,0.7653257,1,0.5
08828.png,0.24676186,0,0.5
08949.png,0.2017375,0,0.5
08995.png,0.0026337774,0,0.5
09016.png,0.24558146,0,0.5
09253.png,0.14425157,0,0.5
09346.png,0.00014282571,0,0.5
09372.png,0.99586725,1,0.5
09428.png,0.00029624277,0,0.5
09829.png,0.04011941,0,0.5
09850.png,0.015459772,0,0.5
10104.png,0.97619087,1,0.5
10105.png,0.92049134,1,0.5
10123.png,0.0026467997,0,0.5
10175.png,0.9971552,1,0.5
10316.png,0.73855585,1,0.5
10320.png,0.46208104,0,0.5
10378.png,0.098305136,0,0.5
10386.png,3.2597595e-06,0,0.5
10418.png,0.9591072,1,0.5
10492.png,0.8640295,1,0.5
10558.png,0.9988254,1,0.5
10641.png,0.69066805,1,0.5
10890.png,0.19370772,0,0.5
11299.png,0.91014314,1,0.5
11308.png,0.06489047,0,0.5
11336.png,0.98437405,1,0.5
11347.png,0.011948403,0,0.5
11488.png,0.02585552,0,0.5
11534.png,0.00011958011,0,0.5
11735.png,0.07542366,0,0.5
11801.png,0.17409295,0,0.5
11975.png,0.92405,1,0.5
12150.png,0.011702354,0,0.5
12307.png,0.0025803298,0,0.5
12364.png,0.5983947,1,0.5
12455.png,0.5529158,1,0.5
12585.png,0.0059517943,0,0.5
12749.png,0.052031692,0,0.5
12892.png,0.9334136,1,0.5
12901.png,0.9479841,1,0.5
12966.png,0.0004525229,0,0.5
13026.png,0.004979165,0,0.5
13281.png,7.350296e-06,0,0.5
13409.png,0.99982786,1,0.5
13472.png,0.001052739,0,0.5
13527.png,0.0007142911,0,0.5
13761.png,0.9986066,1,0.5
13836.png,0.0010758246,0,0.5
14005.png,0.2890861,0,0.5
14085.png,0.0011859054,0,0.5
14444.png,0.8920148,1,0.5
14542.png,0.0033414504,0,0.5
14651.png,0.53400284,1,0.5
14798.png,0.0060439236,0,0.5
14864.png,0.5419193,1,0.5
14881.png,0.0031382916,0,0.5
15105.png,0.030881647,0,0.5
15133.png,0.0028685606,0,0.5
15465.png,0.9835383,1,0.5
15502.png,0.009667299,0,0.5
15599.png,0.06536711,0,0.5
15766.png,0.9319783,1,0.5
15825.png,0.49306303,0,0.5
15841.png,0.7028941,1,0.5
15908.png,0.82647115,1,0.5
15909.png,0.13303673,0,0.5
15994.png,0.01479403,0,0.5
16108.png,9.2268e-05,0,0.5
16190.png,0.07591771,0,0.5
16219.png,0.27767038,0,0.5
16329.png,0.41520977,0,0.5
16394.png,0.16535896,0,0.5
16526.png,0.31630707,0,0.5
16670.png,0.3942318,0,0.5
16841.png,0.9778463,1,0.5
16996.png,0.1592125,0,0.5
17021.png,0.15822081,0,0.5
17058.png,0.014013032,0,0.5
17129.png,0.5486558,1,0.5
17175.png,0.95034456,1,0.5
17241.png,0.8245144,1,0.5
17265.png,0.004624861,0,0.5
17282.png,0.70160794,1,0.5
17289.png,0.020666342,0,0.5
17399.png,0.91481805,1,0.5
17426.png,0.32735336,0,0.5
17566.png,0.03683974,0,0.5
17613.png,0.7399383,1,0.5
17680.png,0.0011309147,0,0.5
17808.png,0.2719724,0,0.5
17873.png,1.9993951e-05,0,0.5
17882.png,0.90229845,1,0.5
17978.png,0.48149216,0,0.5
18061.png,0.9983103,1,0.5
18207.png,0.9918465,1,0.5
18267.png,0.99245644,1,0.5
18560.png,5.1533565e-08,0,0.5
18641.png,0.9998418,1,0.5
18724.png,0.9988427,1,0.5
18857.png,0.0068343165,0,0.5
19156.png,0.55871093,1,0.5
19277.png,0.49208358,0,0.5
19433.png,0.9900808,1,0.5
19449.png,2.2385875e-05,0,0.5
19497.png,0.045599107,0,0.5
19522.png,0.98958486,1,0.5
19766.png,0.9568123,1,0.5
19776.png,0.33413056,0,0.5
19957.png,0.080953896,0,0.5
00049.png,1.242898e-05,0,0.5
00069.png,2.878347e-12,0,0.5
00253.png,1.330583e-05,0,0.5
00296.png,4.1293386e-08,0,0.5
00305.png,2.5655015e-06,0,0.5
00335.png,1.2347755e-05,0,0.5
00519.png,3.0347586e-08,0,0.5
00642.png,4.4104223e-07,0,0.5
00728.png,5.4544298e-08,0,0.5
00771.png,2.976051e-11,0,0.5
00807.png,0.00025795898,0,0.5
00820.png,3.4136594e-08,0,0.5
00834.png,5.0120436e-10,0,0.5
00880.png,7.951235e-09,0,0.5
01050.png,0.018443853,0,0.5
01167.png,9.403607e-05,0,0.5
01280.png,5.567522e-07,0,0.5
01557.png,2.9475285e-07,0,0.5
01560.png,8.695928e-06,0,0.5
01602.png,0.0073669693,0,0.5
01952.png,1.5986414e-08,0,0.5
02018.png,4.3042027e-13,0,0.5
02022.png,0.0023298897,0,0.5
02135.png,1.5677853e-05,0,0.5
02313.png,1.2019484e-09,0,0.5
02356.png,1.4338856e-07,0,0.5
02390.png,2.0473472e-05,0,0.5
02423.png,6.6926804e-11,0,0.5
02487.png,2.0774472e-08,0,0.5
02617.png,4.935892e-10,0,0.5
02909.png,4.165141e-07,0,0.5
02938.png,2.4481167e-07,0,0.5
02976.png,5.443493e-09,0,0.5
03032.png,6.2259074e-13,0,0.5
03127.png,6.0926355e-05,0,0.5
03199.png,2.3278407e-07,0,0.5
03294.png,6.30448e-07,0,0.5
03505.png,3.8598478e-06,0,0.5
03527.png,1.4159552e-06,0,0.5
03634.png,6.065469e-08,0,0.5
03655.png,0.0003131083,0,0.5
03679.png,5.8620596e-08,0,0.5
03693.png,3.8115994e-07,0,0.5
03711.png,4.7164264e-09,0,0.5
03793.png,8.351005e-10,0,0.5
03986.png,4.0746378e-05,0,0.5
04223.png,7.079394e-10,0,0.5
04426.png,2.2110493e-10,0,0.5
04576.png,1.8078544e-14,0,0.5
04656.png,0.08640294,0,0.5
04828.png,2.6758409e-09,0,0.5
04991.png,3.8288964e-12,0,0.5
05105.png,1.750262e-10,0,0.5
05148.png,1.9579518e-07,0,0.5
05339.png,2.1214463e-07,0,0.5
05450.png,1.1785115e-05,0,0.5
05454.png,3.863188e-06,0,0.5
05560.png,0.00014173277,0,0.5
05687.png,0.00071768154,0,0.5
05830.png,3.5174622e-08,0,0.5
05888.png,9.2748076e-07,0,0.5
05961.png,9.1744246e-14,0,0.5
05970.png,3.366509e-12,0,0.5
06062.png,5.998387e-11,0,0.5
06142.png,5.6449653e-07,0,0.5
06152.png,2.0042162e-06,0,0.5
06154.png,1.5601344e-06,0,0.5
06216.png,2.2781273e-07,0,0.5
06430.png,1.8500244e-06,0,0.5
06462.png,2.5129215e-11,0,0.5
06559.png,2.614034e-07,0,0.5
06720.png,2.9820569e-05,0,0.5
06930.png,2.0462462e-08,0,0.5
07013.png,2.4370585e-05,0,0.5
07057.png,9.219196e-13,0,0.5
07091.png,1.7882463e-05,0,0.5
07156.png,1.4900897e-07,0,0.5
07216.png,2.3097122e-05,0,0.5
07413.png,3.5199635e-06,0,0.5
07463.png,2.329154e-06,0,0.5
07543.png,4.7411866e-12,0,0.5
07552.png,3.2988176e-10,0,0.5
07716.png,3.2989833e-06,0,0.5
07882.png,3.700653e-16,0,0.5
08071.png,2.2238826e-09,0,0.5
08134.png,2.494492e-08,0,0.5
08174.png,0.002606861,0,0.5
08243.png,1.4203084e-07,0,0.5
08411.png,4.3965682e-07,0,0.5
08556.png,0.0005666051,0,0.5
08727.png,1.8359415e-11,0,0.5
08828.png,2.4866597e-06,0,0.5
08949.png,1.9098923e-08,0,0.5
08995.png,0.00086415315,0,0.5
09016.png,1.4730096e-12,0,0.5
09253.png,1.1889699e-09,0,0.5
09346.png,0.023508878,0,0.5
09372.png,4.372341e-10,0,0.5
09428.png,2.1978937e-13,0,0.5
09829.png,5.005685e-12,0,0.5
09850.png,3.4452857e-08,0,0.5
10104.png,2.0688903e-08,0,0.5
10105.png,2.3716366e-05,0,0.5
10123.png,7.646339e-12,0,0.5
10175.png,2.2685753e-09,0,0.5
10316.png,2.6031977e-09,0,0.5
10320.png,3.4231377e-06,0,0.5
10378.png,2.7479252e-06,0,0.5
10386.png,2.4431762e-05,0,0.5
10418.png,1.6954658e-05,0,0.5
10492.png,9.583955e-14,0,0.5
10558.png,1.6342287e-06,0,0.5
10641.png,0.010284166,0,0.5
10890.png,2.007073e-09,0,0.5
11299.png,3.5026496e-05,0,0.5
11308.png,5.0582855e-10,0,0.5
11336.png,1.2644931e-10,0,0.5
11347.png,4.7363064e-06,0,0.5
11488.png,1.0796155e-07,0,0.5
11534.png,9.972865e-07,0,0.5
11735.png,7.670398e-08,0,0.5
11801.png,1.1344478e-06,0,0.5
11975.png,1.1606745e-05,0,0.5
12150.png,7.535548e-09,0,0.5
12307.png,9.080839e-06,0,0.5
12364.png,4.24789e-08,0,0.5
12455.png,0.0003224811,0,0.5
12585.png,1.1389095e-06,0,0.5
12749.png,0.048184883,0,0.5
12892.png,5.2038292e-08,0,0.5
12901.png,1.6092018e-08,0,0.5
12966.png,7.187306e-08,0,0.5
13026.png,2.1447655e-09,0,0.5
13281.png,3.3626418e-06,0,0.5
13409.png,5.385447e-08,0,0.5
13472.png,5.281071e-12,0,0.5
13527.png,0.00011826626,0,0.5
13761.png,2.2657836e-07,0,0.5
13836.png,8.538687e-06,0,0.5
14005.png,0.00037065064,0,0.5
14085.png,1.1105975e-05,0,0.5
14444.png,8.996092e-08,0,0.5
14542.png,7.879414e-10,0,0.5
14651.png,2.1037052e-11,0,0.5
14798.png,2.6821178e-07,0,0.5
14864.png,2.834085e-08,0,0.5
14881.png,7.898907e-06,0,0.5
15105.png,8.388512e-12,0,0.5
15133.png,2.1629116e-06,0,0.5
15465.png,1.3657801e-07,0,0.5
15502.png,1.419665e-13,0,0.5
15599.png,3.1456378e-12,0,0.5
15766.png,8.439642e-12,0,0.5
15825.png,8.9054444e-11,0,0.5
15841.png,1.825377e-06,0,0.5
15908.png,0.00094068306,0,0.5
15909.png,8.604158e-05,0,0.5
15994.png,1.4028759e-05,0,0.5
16108.png,2.1221083e-09,0,0.5
16190.png,4.7531973e-10,0,0.5
16219.png,1.2323277e-06,0,0.5
16329.png,4.9590547e-08,0,0.5
16394.png,2.5936522e-09,0,0.5
16526.png,1.7105334e-13,0,0.5
16670.png,3.3723776e-07,0,0.5
16841.png,2.4002392e-07,0,0.5
16996.png,7.1888585e-11,0,0.5
17021.png,8.3138545e-08,0,0.5
17058.png,5.4477987e-05,0,0.5
17129.png,4.0179374e-10,0,0.5
17175.png,8.9175806e-11,0,0.5
17241.png,1.8657482e-09,0,0.5
17265.png,0.00013125865,0,0.5
17282.png,3.8105405e-10,0,0.5
17289.png,2.6784759e-09,0,0.5
17399.png,4.747394e-12,0,0.5
17426.png,4.996833e-06,0,0.5
17566.png,8.4068e-05,0,0.5
17613.png,8.140987e-05,0,0.5
17680.png,0.0120527465,0,0.5
17808.png,3.2000972e-07,0,0.5
17873.png,1.9027588e-07,0,0.5
17882.png,3.7055335e-05,0,0.5
17978.png,8.4653226e-07,0,0.5
18061.png,9.108851e-05,0,0.5
18207.png,8.191254e-12,0,0.5
18267.png,1.305902e-10,0,0.5
18560.png,3.1080566e-10,0,0.5
18641.png,1.0100978e-09,0,0.5
18724.png,0.001557795,0,0.5
18857.png,1.38123e-07,0,0.5
19156.png,1.667159e-09,0,0.5
19277.png,2.1757532e-10,0,0.5
19433.png,0.00043325467,0,0.5
19449.png,9.944518e-12,0,0.5
19497.png,1.1689057e-09,0,0.5
19522.png,1.2295298e-07,0,0.5
19766.png,2.7703687e-05,0,0.5
19776.png,0.00081445626,0,0.5
19957.png,4.857102e-12,0,0.5
00049.png,7.155659e-05,0,0.5
00069.png,0.31167734,0,0.5
00253.png,0.0002991109,0,0.5
00296.png,0.00049044396,0,0.5
00305.png,0.00039343716,0,0.5
00335.png,0.004142536,0,0.5
00519.png,0.00053546275,0,0.5
00642.png,4.73227e-06,0,0.5
00728.png,1.8919866e-06,0,0.5
00771.png,0.38183033,0,0.5
00807.png,0.0039139073,0,0.5
00820.png,0.27762738,0,0.5
00834.png,0.3153358,0,0.5
00880.png,0.4409165,0,0.5
01050.png,0.08799783,0,0.5
01167.png,0.95830256,1,0.5
01280.png,0.00016601599,0,0.5
01557.png,0.002568194,0,0.5
01560.png,9.079349e-06,0,0.5
01602.png,7.495702e-06,0,0.5
01952.png,0.42106298,0,0.5
02018.png,0.0013585972,0,0.5
02022.png,1.0441757e-06,0,0.5
02135.png,0.9577107,1,0.5
02313.png,0.99968505,1,0.5
02356.png,0.041849263,0,0.5
02390.png,0.9612747,1,0.5
02423.png,5.7682777e-05,0,0.5
02487.png,4.9511664e-06,0,0.5
02617.png,0.19809686,0,0.5
02909.png,0.5034627,1,0.5
02938.png,0.10699661,0,0.5
02976.png,0.17904727,0,0.5
03032.png,1.5235349e-05,0,0.5
03127.png,6.223429e-08,0,0.5
03199.png,0.018067861,0,0.5
03294.png,0.0006163806,0,0.5
03505.png,0.041574363,0,0.5
03527.png,0.8662952,1,0.5
03634.png,9.028728e-05,0,0.5
03655.png,5.1230334e-05,0,0.5
03679.png,0.0020266573,0,0.5
03693.png,0.009128039,0,0.5
03711.png,0.00037627324,0,0.5
03793.png,3.3096046e-07,0,0.5
03986.png,0.00010753511,0,0.5
04223.png,0.014513978,0,0.5
04426.png,0.14640574,0,0.5
04576.png,0.9742333,1,0.5
04656.png,9.864582e-05,0,0.5
04828.png,0.008053969,0,0.5
04991.png,0.040525943,0,0.5
05105.png,0.00044072597,0,0.5
05148.png,0.08334819,0,0.5
05339.png,0.03338646,0,0.5
05450.png,0.98422945,1,0.5
05454.png,0.5408547,1,0.5
05560.png,0.997929,1,0.5
05687.png,0.00087795174,0,0.5
05830.png,0.5269291,1,0.5
05888.png,0.018021693,0,0.5
05961.png,0.06852352,0,0.5
05970.png,0.38289016,0,0.5
06062.png,8.19136e-09,0,0.5
06142.png,0.022514207,0,0.5
06152.png,2.0255824e-05,0,0.5
06154.png,0.1831475,0,0.5
06216.png,0.9828919,1,0.5
06430.png,0.9358773,1,0.5
06462.png,0.0002132144,0,0.5
06559.png,0.0003365069,0,0.5
06720.png,0.088788696,0,0.5
06930.png,7.794243e-05,0,0.5
07013.png,0.0001074573,0,0.5
07057.png,0.0014150188,0,0.5
07091.png,0.96869457,1,0.5
07156.png,0.43074918,0,0.5
07216.png,0.30339804,0,0.5
07413.png,0.0002777051,0,0.5
07463.png,0.0018327973,0,0.5
07543.png,0.19873875,0,0.5
07552.png,0.8766535,1,0.5
07716.png,0.019667108,0,0.5
07882.png,0.77094877,1,0.5
08071.png,0.23764618,0,0.5
08134.png,0.0020497523,0,0.5
08174.png,0.0043250006,0,0.5
08243.png,0.00039356883,0,0.5
08411.png,0.9986071,1,0.5
08556.png,0.013542242,0,0.5
08727.png,0.07423905,0,0.5
08828.png,0.00024244866,0,0.5
08949.png,0.7589327,1,0.5
08995.png,0.00025944182,0,0.5
09016.png,0.00031572877,0,0.5
09253.png,0.011275852,0,0.5
09346.png,8.6401626e-05,0,0.5
09372.png,0.3123562,0,0.5
09428.png,0.0002483733,0,0.5
09829.png,0.0030976129,0,0.5
09850.png,1.1779528e-06,0,0.5
10104.png,0.0037882312,0,0.5
10105.png,0.003292649,0,0.5
10123.png,0.055461656,0,0.5
10175.png,0.003125339,0,0.5
10316.png,0.010279176,0,0.5
10320.png,0.68705356,1,0.5
10378.png,0.0011994432,0,0.5
10386.png,0.5304759,1,0.5
10418.png,0.3023751,0,0.5
10492.png,7.4701624e-05,0,0.5
10558.png,2.481263e-07,0,0.5
10641.png,0.24097508,0,0.5
10890.png,2.2373113e-05,0,0.5
11299.png,0.0019578908,0,0.5
11308.png,0.0031420756,0,0.5
11336.png,0.11247728,0,0.5
11347.png,0.13039923,0,0.5
11488.png,0.014153711,0,0.5
11534.png,0.34103248,0,0.5
11735.png,0.0012975427,0,0.5
11801.png,0.054128397,0,0.5
11975.png,0.0028169348,0,0.5
12150.png,1.4191039e-05,0,0.5
12307.png,0.3121872,0,0.5
12364.png,0.005749753,0,0.5
12455.png,0.005931226,0,0.5
12585.png,0.24210829,0,0.5
12749.png,3.6449987e-05,0,0.5
12892.png,0.7636053,1,0.5
12901.png,0.1385989,0,0.5
12966.png,0.68017036,1,0.5
13026.png,0.9904812,1,0.5
13281.png,0.59406066,1,0.5
13409.png,7.202511e-08,0,0.5
13472.png,0.0006390991,0,0.5
13527.png,0.24149607,0,0.5
13761.png,2.9259538e-05,0,0.5
13836.png,2.4117533e-05,0,0.5
14005.png,3.3207478e-05,0,0.5
14085.png,0.00058247126,0,0.5
14444.png,0.12144686,0,0.5
14542.png,0.6040088,1,0.5
14651.png,0.09037848,0,0.5
14798.png,0.9928515,1,0.5
14864.png,0.050033953,0,0.5
14881.png,0.001278998,0,0.5
15105.png,0.008189212,0,0.5
15133.png,0.0010571762,0,0.5
15465.png,3.6254918e-05,0,0.5
15502.png,1.8757562e-06,0,0.5
15599.png,0.5643786,1,0.5
15766.png,3.8110444e-05,0,0.5
15825.png,0.99074745,1,0.5
15841.png,0.0012854267,0,0.5
15908.png,0.34891614,0,0.5
15909.png,0.33207482,0,0.5
15994.png,0.0038752696,0,0.5
16108.png,1.4971354e-05,0,0.5
16190.png,0.087124996,0,0.5
16219.png,0.00033712407,0,0.5
16329.png,0.0142288655,0,0.5
16394.png,2.0570918e-05,0,0.5
16526.png,0.99214244,1,0.5
16670.png,0.007365281,0,0.5
16841.png,0.00017740786,0,0.5
16996.png,0.9157637,1,0.5
17021.png,4.615028e-11,0,0.5
17058.png,0.001259674,0,0.5
17129.png,0.43644306,0,0.5
17175.png,9.84607e-07,0,0.5
17241.png,0.06361408,0,0.5
17265.png,9.830393e-07,0,0.5
17282.png,0.9966624,1,0.5
17289.png,0.0013941347,0,0.5
17399.png,0.45090237,0,0.5
17426.png,0.3721831,0,0.5
17566.png,0.24811253,0,0.5
17613.png,0.0009277672,0,0.5
17680.png,0.62690675,1,0.5
17808.png,0.3761827,0,0.5
17873.png,0.0036528218,0,0.5
17882.png,0.089047156,0,0.5
17978.png,0.00039446168,0,0.5
18061.png,2.8129853e-05,0,0.5
18207.png,0.018333377,0,0.5
18267.png,0.00048007522,0,0.5
18560.png,0.15250278,0,0.5
18641.png,0.40503114,0,0.5
18724.png,0.004726222,0,0.5
18857.png,0.00014107357,0,0.5
19156.png,0.9881314,1,0.5
19277.png,0.37179613,0,0.5
19433.png,0.00035840485,0,0.5
19449.png,0.335882,0,0.5
19497.png,0.9658552,1,0.5
19522.png,3.201733e-05,0,0.5
19766.png,3.4548546e-07,0,0.5
19776.png,0.9959468,1,0.5
19957.png,0.09222638,0,0.5
00049.png,1.2520375e-10,0,0.5
00069.png,5.742682e-12,0,0.5
00253.png,1.9931768e-11,0,0.5
00296.png,1.267024e-06,0,0.5
00305.png,3.5062523e-05,0,0.5
00335.png,6.537255e-12,0,0.5
00519.png,2.3989955e-14,0,0.5
00642.png,2.1885958e-08,0,0.5
00728.png,1.4266556e-12,0,0.5
00771.png,1.31039455e-08,0,0.5
00807.png,2.0625819e-12,0,0.5
00820.png,3.3733114e-11,0,0.5
00834.png,9.500921e-11,0,0.5
00880.png,2.3402775e-11,0,0.5
01050.png,3.626347e-10,0,0.5
01167.png,3.99924e-08,0,0.5
01280.png,7.2866916e-15,0,0.5
01557.png,8.486309e-08,0,0.5
01560.png,1.2412897e-10,0,0.5
01602.png,6.343074e-13,0,0.5
01952.png,1.4463457e-10,0,0.5
02018.png,2.4342853e-07,0,0.5
02022.png,2.6373091e-11,0,0.5
02135.png,5.0103093e-08,0,0.5
02313.png,6.0344284e-08,0,0.5
02356.png,5.3092094e-08,0,0.5
02390.png,5.8319007e-09,0,0.5
02423.png,3.37989e-13,0,0.5
02487.png,1.0371146e-10,0,0.5
02617.png,1.6642594e-05,0,0.5
02909.png,2.0331472e-08,0,0.5
02938.png,4.874343e-13,0,0.5
02976.png,6.588178e-11,0,0.5
03032.png,1.9248386e-08,0,0.5
03127.png,4.8259233e-05,0,0.5
03199.png,2.8235017e-10,0,0.5
03294.png,5.044431e-10,0,0.5
03505.png,1.31319435e-08,0,0.5
03527.png,3.267617e-07,0,0.5
03634.png,4.260275e-14,0,0.5
03655.png,2.078773e-06,0,0.5
03679.png,5.882826e-08,0,0.5
03693.png,7.41484e-10,0,0.5
03711.png,1.6122745e-11,0,0.5
03793.png,0.00015305543,0,0.5
03986.png,1.2182072e-07,0,0.5
04223.png,1.9636028e-07,0,0.5
04426.png,2.06096e-06,0,0.5
04576.png,1.3007377e-08,0,0.5
04656.png,2.2696983e-11,0,0.5
04828.png,6.444036e-08,0,0.5
04991.png,6.0572083e-06,0,0.5
05105.png,4.202991e-12,0,0.5
05148.png,9.7132e-10,0,0.5
05339.png,6.878421e-06,0,0.5
05450.png,3.1803276e-07,0,0.5
05454.png,8.247256e-11,0,0.5
05560.png,1.1824425e-10,0,0.5
05687.png,7.2526625e-08,0,0.5
05830.png,4.443926e-09,0,0.5
05888.png,8.8906665e-10,0,0.5
05961.png,1.4859827e-11,0,0.5
05970.png,8.022815e-10,0,0.5
06062.png,7.3336873e-06,0,0.5
06142.png,7.162088e-11,0,0.5
06152.png,3.738788e-08,0,0.5
06154.png,4.8404786e-10,0,0.5
06216.png,1.0995818e-09,0,0.5
06430.png,5.3051746e-10,0,0.5
06462.png,2.877424e-09,0,0.5
06559.png,2.3428782e-05,0,0.5
06720.png,7.6065057e-06,0,0.5
06930.png,4.1670864e-12,0,0.5
07013.png,6.346318e-09,0,0.5
07057.png,4.2032933e-13,0,0.5
07091.png,1.3940146e-11,0,0.5
07156.png,1.319481e-12,0,0.5
07216.png,9.0874074e-08,0,0.5
07413.png,1.1795496e-11,0,0.5
07463.png,2.5020483e-09,0,0.5
07543.png,8.842957e-10,0,0.5
07552.png,1.395332e-10,0,0.5
07716.png,9.032499e-14,0,0.5
07882.png,2.0312719e-07,0,0.5
08071.png,1.2997258e-05,0,0.5
08134.png,2.7272135e-08,0,0.5
08174.png,9.804459e-07,0,0.5
08243.png,2.2903048e-07,0,0.5
08411.png,6.882315e-15,0,0.5
08556.png,1.2329212e-06,0,0.5
08727.png,8.9659915e-09,0,0.5
08828.png,1.4550972e-07,0,0.5
08949.png,6.2842986e-07,0,0.5
08995.png,8.61536e-07,0,0.5
09016.png,5.7153073e-09,0,0.5
09253.png,3.714727e-08,0,0.5
09346.png,5.489264e-06,0,0.5
09372.png,5.701816e-13,0,0.5
09428.png,4.695369e-09,0,0.5
09829.png,8.464722e-13,0,0.5
09850.png,2.4418736e-10,0,0.5
10104.png,3.700368e-10,0,0.5
10105.png,4.4935003e-08,0,0.5
10123.png,2.0868452e-14,0,0.5
10175.png,7.824603e-09,0,0.5
10316.png,2.6875906e-12,0,0.5
10320.png,1.7725867e-10,0,0.5
10378.png,2.3781485e-10,0,0.5
10386.png,1.7623222e-13,0,0.5
10418.png,1.2065463e-10,0,0.5
10492.png,2.340445e-09,0,0.5
10558.png,6.620132e-07,0,0.5
10641.png,7.0128287e-10,0,0.5
10890.png,9.279819e-08,0,0.5
11299.png,8.293661e-12,0,0.5
11308.png,2.1046674e-12,0,0.5
11336.png,5.531562e-11,0,0.5
11347.png,3.1699272e-09,0,0.5
11488.png,7.1672156e-07,0,0.5
11534.png,9.207269e-12,0,0.5
11735.png,1.4933176e-09,0,0.5
11801.png,3.251353e-08,0,0.5
11975.png,4.4624597e-09,0,0.5
12150.png,7.829249e-12,0,0.5
12307.png,5.115657e-10,0,0.5
12364.png,2.413511e-07,0,0.5
12455.png,3.348058e-10,0,0.5
12585.png,1.841021e-09,0,0.5
12749.png,4.315201e-13,0,0.5
12892.png,1.753129e-06,0,0.5
12901.png,6.597357e-15,0,0.5
12966.png,2.7036737e-08,0,0.5
13026.png,9.8744906e-08,0,0.5
13281.png,4.0048978e-11,0,0.5
13409.png,2.7588698e-07,0,0.5
13472.png,1.8236417e-12,0,0.5
13527.png,5.590503e-15,0,0.5
13761.png,7.681633e-07,0,0.5
13836.png,6.84505e-17,0,0.5
14005.png,1.3319547e-08,0,0.5
14085.png,5.802799e-12,0,0.5
14444.png,7.010465e-13,0,0.5
14542.png,3.610186e-13,0,0.5
14651.png,8.446265e-11,0,0.5
14798.png,9.067994e-13,0,0.5
14864.png,3.6245815e-06,0,0.5
14881.png,8.2071074e-13,0,0.5
15105.png,1.1391143e-11,0,0.5
15133.png,7.0213127e-06,0,0.5
15465.png,1.0587188e-09,0,0.5
15502.png,9.0772566e-08,0,0.5
15599.png,3.328037e-12,0,0.5
15766.png,8.1284934e-14,0,0.5
15825.png,2.2208022e-08,0,0.5
15841.png,2.3743195e-07,0,0.5
15908.png,1.1534425e-09,0,0.5
15909.png,7.7141934e-08,0,0.5
15994.png,3.682639e-10,0,0.5
16108.png,6.200943e-11,0,0.5
16190.png,1.5238745e-13,0,0.5
16219.png,1.2579755e-05,0,0.5
16329.png,1.0940604e-10,0,0.5
16394.png,1.794632e-09,0,0.5
16526.png,1.1788536e-09,0,0.5
16670.png,1.1692177e-05,0,0.5
16841.png,2.3076924e-12,0,0.5
16996.png,2.2925205e-07,0,0.5
17021.png,3.4520216e-08,0,0.5
17058.png,2.0987905e-12,0,0.5
17129.png,1.6540945e-08,0,0.5
17175.png,1.42314445e-08,0,0.5
17241.png,3.1774842e-15,0,0.5
17265.png,1.2660527e-09,0,0.5
17282.png,1.6956528e-07,0,0.5
17289.png,5.554508e-10,0,0.5
17399.png,7.272017e-11,0,0.5
17426.png,3.97954e-08,0,0.5
17566.png,8.886976e-07,0,0.5
17613.png,1.1563777e-11,0,0.5
17680.png,8.6326236e-07,0,0.5
17808.png,7.4388824e-13,0,0.5
17873.png,4.218797e-12,0,0.5
17882.png,2.3655717e-05,0,0.5
17978.png,1.5436017e-11,0,0.5
18061.png,5.3377376e-13,0,0.5
18207.png,9.364065e-11,0,0.5
18267.png,3.8110768e-11,0,0.5
18560.png,8.4190876e-10,0,0.5
18641.png,1.6602854e-13,0,0.5
18724.png,1.39895775e-08,0,0.5
18857.png,2.1167168e-08,0,0.5
19156.png,4.7937654e-11,0,0.5
19277.png,2.4115396e-05,0,0.5
19433.png,2.519308e-08,0,0.5
19449.png,1.490334e-11,0,0.5
19497.png,6.170175e-11,0,0.5
19522.png,1.2030591e-05,0,0.5
19766.png,2.4337796e-09,0,0.5
19776.png,4.804711e-12,0,0.5
19957.png,5.476321e-08,0,0.5
00049.png,0.00030387915,0,0.5
00069.png,0.00011592752,0,0.5
00253.png,0.11715771,0,0.5
00296.png,3.115149e-05,0,0.5
00305.png,4.1629796e-08,0,0.5
00335.png,0.009340766,0,0.5
00519.png,1.7643513e-08,0,0.5
00642.png,2.662579e-05,0,0.5
00728.png,8.055769e-05,0,0.5
00771.png,0.00020397315,0,0.5
00807.png,6.8457143e-06,0,0.5
00820.png,1.7218625e-06,0,0.5
00834.png,0.00013457867,0,0.5
00880.png,0.0001195857,0,0.5
01050.png,5.215674e-08,0,0.5
01167.png,9.204839e-05,0,0.5
01280.png,7.855322e-08,0,0.5
01557.png,5.160941e-07,0,0.5
01560.png,0.0007655213,0,0.5
01602.png,0.09460446,0,0.5
01952.png,0.013313593,0,0.5
02018.png,0.049737874,0,0.5
02022.png,0.00091374177,0,0.5
02135.png,3.1506336e-06,0,0.5
02313.png,0.0006015647,0,0.5
02356.png,0.14373083,0,0.5
02390.png,0.0009147061,0,0.5
02423.png,0.000568574,0,0.5
02487.png,6.0090892e-09,0,0.5
02617.png,9.417689e-06,0,0.5
02909.png,4.7006583e-07,0,0.5
02938.png,0.00055575924,0,0.5
02976.png,1.8241153e-06,0,0.5
03032.png,4.358041e-05,0,0.5
03127.png,0.001069487,0,0.5
03199.png,0.0001444596,0,0.5
03294.png,3.5341137e-07,0,0.5
03505.png,4.617801e-06,0,0.5
03527.png,7.642134e-06,0,0.5
03634.png,0.012651166,0,0.5
03655.png,2.7499758e-09,0,0.5
03679.png,0.5474695,1,0.5
03693.png,8.293313e-08,0,0.5
03711.png,0.00028028153,0,0.5
03793.png,0.000114312876,0,0.5
03986.png,3.2650114e-06,0,0.5
04223.png,0.00018267203,0,0.5
04426.png,0.00012998818,0,0.5
04576.png,7.5397443e-06,0,0.5
04656.png,0.018406982,0,0.5
04828.png,2.1821634e-06,0,0.5
04991.png,0.0034733666,0,0.5
05105.png,1.437418e-07,0,0.5
05148.png,2.9092236e-05,0,0.5
05339.png,6.126924e-05,0,0.5
05450.png,1.6083479e-06,0,0.5
05454.png,0.02894203,0,0.5
05560.png,0.0003030075,0,0.5
05687.png,0.159383,0,0.5
05830.png,1.6851316e-05,0,0.5
05888.png,0.00046655087,0,0.5
05961.png,2.399928e-07,0,0.5
05970.png,3.156509e-05,0,0.5
06062.png,0.29520866,0,0.5
06142.png,0.004760687,0,0.5
06152.png,0.018854262,0,0.5
06154.png,0.0012296718,0,0.5
06216.png,0.00029228738,0,0.5
06430.png,5.25299e-09,0,0.5
06462.png,0.0048354,0,0.5
06559.png,8.208396e-08,0,0.5
06720.png,0.0019817047,0,0.5
06930.png,3.7332165e-06,0,0.5
07013.png,3.1582988e-06,0,0.5
07057.png,7.237155e-06,0,0.5
07091.png,2.7483511e-05,0,0.5
07156.png,0.0009551184,0,0.5
07216.png,0.00077565335,0,0.5
07413.png,0.003211677,0,0.5
07463.png,4.592267e-08,0,0.5
07543.png,0.00084861624,0,0.5
07552.png,0.4250354,0,0.5
07716.png,5.038503e-06,0,0.5
07882.png,0.28828165,0,0.5
08071.png,7.543645e-09,0,0.5
08134.png,2.2951152e-09,0,0.5
08174.png,7.048619e-05,0,0.5
08243.png,9.4686e-06,0,0.5
08411.png,0.0015020057,0,0.5
08556.png,0.0019350316,0,0.5
08727.png,7.398459e-07,0,0.5
08828.png,0.0031861572,0,0.5
08949.png,4.0669907e-05,0,0.5
08995.png,8.774565e-07,0,0.5
09016.png,2.4290555e-05,0,0.5
09253.png,2.7429129e-05,0,0.5
09346.png,1.2965537e-06,0,0.5
09372.png,1.0629953e-05,0,0.5
09428.png,0.0034096877,0,0.5
09829.png,2.353901e-10,0,0.5
09850.png,4.8574734e-06,0,0.5
10104.png,3.591815e-05,0,0.5
10105.png,0.12870403,0,0.5
10123.png,0.0016771228,0,0.5
10175.png,4.932133e-07,0,0.5
10316.png,0.00088206277,0,0.5
10320.png,9.368806e-06,0,0.5
10378.png,8.280594e-06,0,0.5
10386.png,0.0019265787,0,0.5
10418.png,0.21796314,0,0.5
10492.png,0.00010411965,0,0.5
10558.png,5.490599e-06,0,0.5
10641.png,7.7561076e-08,0,0.5
10890.png,0.0053838347,0,0.5
11299.png,0.035859425,0,0.5
11308.png,0.0013910116,0,0.5
11336.png,8.5338515e-06,0,0.5
11347.png,1.7444069e-06,0,0.5
11488.png,3.8074268e-05,0,0.5
11534.png,3.2214932e-06,0,0.5
11735.png,0.00019626385,0,0.5
11801.png,1.748646e-05,0,0.5
11975.png,0.02596412,0,0.5
12150.png,0.016635716,0,0.5
12307.png,1.2113447e-05,0,0.5
12364.png,0.0015152084,0,0.5
12455.png,0.022873357,0,0.5
12585.png,0.0002468487,0,0.5
12749.png,8.4390565e-05,0,0.5
12892.png,1.3858026e-05,0,0.5
12901.png,1.6686234e-05,0,0.5
12966.png,1.0323744e-09,0,0.5
13026.png,1.6765092e-05,0,0.5
13281.png,0.0001564225,0,0.5
13409.png,1.3014545e-06,0,0.5
13472.png,7.782382e-05,0,0.5
13527.png,0.00021174761,0,0.5
13761.png,0.00054679485,0,0.5
13836.png,0.8939708,1,0.5
14005.png,9.5605355e-05,0,0.5
14085.png,0.21430825,0,0.5
14444.png,0.6631657,1,0.5
14542.png,0.00019085775,0,0.5
14651.png,1.15898e-05,0,0.5
14798.png,0.7380216,1,0.5
14864.png,3.5901646e-08,0,0.5
14881.png,0.0020516405,0,0.5
15105.png,9.7044685e-05,0,0.5
15133.png,3.7311872e-07,0,0.5
15465.png,0.0004641427,0,0.5
15502.png,3.064493e-06,0,0.5
15599.png,0.8948086,1,0.5
15766.png,7.967261e-06,0,0.5
15825.png,0.8974455,1,0.5
15841.png,0.0017265076,0,0.5
15908.png,0.00060460303,0,0.5
15909.png,0.0069830297,0,0.5
15994.png,1.936243e-07,0,0.5
16108.png,1.1608162e-05,0,0.5
16190.png,3.5882658e-06,0,0.5
16219.png,4.4873292e-07,0,0.5
16329.png,0.0041986755,0,0.5
16394.png,5.000885e-06,0,0.5
16526.png,0.0004376718,0,0.5
16670.png,2.7656433e-05,0,0.5
16841.png,1.4819565e-07,0,0.5
16996.png,0.00089235924,0,0.5
17021.png,2.583804e-07,0,0.5
17058.png,4.375319e-05,0,0.5
17129.png,3.949277e-09,0,0.5
17175.png,0.050593335,0,0.5
17241.png,0.0010170558,0,0.5
17265.png,2.915139e-06,0,0.5
17282.png,8.31657e-05,0,0.5
17289.png,0.21183684,0,0.5
17399.png,1.445012e-06,0,0.5
17426.png,4.9488216e-07,0,0.5
17566.png,0.00018343583,0,0.5
17613.png,0.93560547,1,0.5
17680.png,0.0002778296,0,0.5
17808.png,0.0057397275,0,0.5
17873.png,0.0022635402,0,0.5
17882.png,0.008138262,0,0.5
17978.png,0.007500532,0,0.5
18061.png,8.6292195e-05,0,0.5
18207.png,0.00018973388,0,0.5
18267.png,8.4307394e-05,0,0.5
18560.png,0.12496181,0,0.5
18641.png,1.7058563e-06,0,0.5
18724.png,7.152452e-06,0,0.5
18857.png,3.7315143e-08,0,0.5
19156.png,8.625789e-05,0,0.5
19277.png,0.0004793249,0,0.5
19433.png,7.2568932e-06,0,0.5
19449.png,8.366488e-06,0,0.5
19497.png,0.017802196,0,0.5
19522.png,0.00013724639,0,0.5
19766.png,5.2986623e-05,0,0.5
19776.png,6.805799e-05,0,0.5
19957.png,1.5106926e-06,0,0.5
00049.png,6.5600643e-06,0,0.5
00069.png,3.854666e-09,0,0.5
00253.png,8.269932e-09,0,0.5
00296.png,6.411978e-11,0,0.5
00305.png,0.01026289,0,0.5
00335.png,4.4381178e-08,0,0.5
00519.png,1.1723967e-07,0,0.5
00642.png,0.0006129646,0,0.5
00728.png,3.0838958e-08,0,0.5
00771.png,0.0070113605,0,0.5
00807.png,7.0044436e-11,0,0.5
00820.png,3.5220353e-06,0,0.5
00834.png,3.2750264e-05,0,0.5
00880.png,1.0265227e-05,0,0.5
01050.png,0.00015019774,0,0.5
01167.png,3.7440239e-13,0,0.5
01280.png,1.16822584e-07,0,0.5
01557.png,1.7817528e-06,0,0.5
01560.png,0.0046122377,0,0.5
01602.png,2.0509722e-06,0,0.5
01952.png,3.3435128e-05,0,0.5
02018.png,0.0031586888,0,0.5
02022.png,1.6542316e-10,0,0.5
02135.png,1.2291468e-05,0,0.5
02313.png,1.2726289e-08,0,0.5
02356.png,0.00019492334,0,0.5
02390.png,2.7410576e-07,0,0.5
02423.png,1.1987732e-06,0,0.5
02487.png,0.00018123758,0,0.5
02617.png,6.9566217e-06,0,0.5
02909.png,4.0476363e-05,0,0.5
02938.png,0.003998229,0,0.5
02976.png,0.029360447,0,0.5
03032.png,2.4929927e-06,0,0.5
03127.png,5.399337e-10,0,0.5
03199.png,1.682397e-05,0,0.5
03294.png,5.5084703e-05,0,0.5
03505.png,0.0012384723,0,0.5
03527.png,2.289686e-08,0,0.5
03634.png,6.4379085e-11,0,0.5
03655.png,0.00018837382,0,0.5
03679.png,5.683573e-06,0,0.5
03693.png,1.6570679e-05,0,0.5
03711.png,0.0032629569,0,0.5
03793.png,2.031826e-11,0,0.5
03986.png,5.902381e-05,0,0.5
04223.png,6.402406e-08,0,0.5
04426.png,4.6349007e-05,0,0.5
04576.png,0.0002013124,0,0.5
04656.png,3.9370436e-05,0,0.5
04828.png,4.810773e-08,0,0.5
04991.png,8.024696e-06,0,0.5
05105.png,0.00011676091,0,0.5
05148.png,7.418787e-10,0,0.5
05339.png,3.7502925e-09,0,0.5
05450.png,1.2738452e-06,0,0.5
05454.png,2.9832404e-11,0,0.5
05560.png,0.00020978284,0,0.5
05687.png,0.00020757905,0,0.5
05830.png,6.67339e-05,0,0.5
05888.png,0.00050549814,0,0.5
05961.png,1.5441847e-11,0,0.5
05970.png,0.0053341454,0,0.5
06062.png,2.5679974e-08,0,0.5
06142.png,0.00041330646,0,0.5
06152.png,7.1294756e-14,0,0.5
06154.png,6.295204e-07,0,0.5
06216.png,6.3641914e-06,0,0.5
06430.png,2.2245885e-07,0,0.5
06462.png,0.00046906213,0,0.5
06559.png,4.919442e-11,0,0.5
06720.png,4.324582e-05,0,0.5
06930.png,0.00053887366,0,0.5
07013.png,1.3901633e-09,0,0.5
07057.png,3.02765e-14,0,0.5
07091.png,1.0457524e-08,0,0.5
07156.png,1.9212026e-13,0,0.5
07216.png,0.022723157,0,0.5
07413.png,3.7232373e-09,0,0.5
07463.png,1.2227641e-09,0,0.5
07543.png,2.5106102e-09,0,0.5
07552.png,0.00030145064,0,0.5
07716.png,0.001745989,0,0.5
07882.png,9.741742e-09,0,0.5
08071.png,1.1038854e-09,0,0.5
08134.png,9.754032e-07,0,0.5
08174.png,6.346195e-05,0,0.5
08243.png,7.760657e-07,0,0.5
08411.png,2.1788855e-09,0,0.5
08556.png,2.5820304e-11,0,0.5
08727.png,1.885662e-05,0,0.5
08828.png,6.749856e-11,0,0.5
08949.png,4.136073e-06,0,0.5
08995.png,4.298551e-05,0,0.5
09016.png,2.3690753e-05,0,0.5
09253.png,1.0198843e-06,0,0.5
09346.png,1.0920101e-05,0,0.5
09372.png,2.098714e-05,0,0.5
09428.png,1.7780849e-07,0,0.5
09829.png,0.02531147,0,0.5
09850.png,0.0073414464,0,0.5
10104.png,3.447784e-08,0,0.5
10105.png,4.9240013e-12,0,0.5
10123.png,4.170048e-05,0,0.5
10175.png,3.7908773e-08,0,0.5
10316.png,2.9175279e-05,0,0.5
10320.png,3.5936019e-09,0,0.5
10378.png,8.223031e-12,0,0.5
10386.png,2.0174598e-08,0,0.5
10418.png,0.004512568,0,0.5
10492.png,2.133083e-05,0,0.5
10558.png,6.0031318e-09,0,0.5
10641.png,0.029269408,0,0.5
10890.png,3.8939194e-09,0,0.5
11299.png,5.7066495e-07,0,0.5
11308.png,1.5842586e-09,0,0.5
11336.png,2.1688741e-11,0,0.5
11347.png,0.046270404,0,0.5
11488.png,1.9685895e-06,0,0.5
11534.png,0.0002979545,0,0.5
11735.png,8.661839e-13,0,0.5
11801.png,1.04734774e-07,0,0.5
11975.png,3.535826e-08,0,0.5
12150.png,1.7112557e-08,0,0.5
12307.png,2.6087668e-05,0,0.5
12364.png,1.0772069e-07,0,0.5
12455.png,1.2352401e-08,0,0.5
12585.png,1.1172592e-05,0,0.5
12749.png,0.00215488,0,0.5
12892.png,1.0829933e-06,0,0.5
12901.png,1.5833886e-09,0,0.5
12966.png,5.9695055e-13,0,0.5
13026.png,0.0004698824,0,0.5
13281.png,2.303209e-06,0,0.5
13409.png,8.837494e-06,0,0.5
13472.png,9.4251176e-05,0,0.5
13527.png,1.3446583e-05,0,0.5
13761.png,4.4743084e-07,0,0.5
13836.png,0.001521331,0,0.5
14005.png,3.7926165e-10,0,0.5
14085.png,2.8971701e-18,0,0.5
14444.png,1.1782448e-12,0,0.5
14542.png,1.6870312e-07,0,0.5
14651.png,7.0304054e-06,0,0.5
14798.png,4.318473e-07,0,0.5
14864.png,8.30698e-05,0,0.5
14881.png,0.0053899437,0,0.5
15105.png,7.982075e-07,0,0.5
15133.png,6.258925e-09,0,0.5
15465.png,3.4891157e-09,0,0.5
15502.png,2.1744848e-09,0,0.5
15599.png,8.2991286e-10,0,0.5
15766.png,3.833892e-06,0,0.5
15825.png,6.1685006e-07,0,0.5
15841.png,1.8170437e-06,0,0.5
15908.png,9.961347e-10,0,0.5
15909.png,1.1940372e-10,0,0.5
15994.png,1.06989945e-10,0,0.5
16108.png,0.13119821,0,0.5
16190.png,3.8431867e-06,0,0.5
16219.png,0.0008193932,0,0.5
16329.png,1.2256343e-08,0,0.5
16394.png,0.06516565,0,0.5
16526.png,0.0035112714,0,0.5
16670.png,1.0130186e-06,0,0.5
16841.png,0.0011710777,0,0.5
16996.png,1.9883507e-07,0,0.5
17021.png,4.5781405e-09,0,0.5
17058.png,0.00027036053,0,0.5
17129.png,2.1266767e-05,0,0.5
17175.png,1.3113569e-05,0,0.5
17241.png,3.8263136e-11,0,0.5
17265.png,2.186817e-09,0,0.5
17282.png,1.2070767e-06,0,0.5
17289.png,2.9089766e-05,0,0.5
17399.png,2.164797e-09,0,0.5
17426.png,3.428626e-07,0,0.5
17566.png,2.91371e-08,0,0.5
17613.png,9.6890025e-09,0,0.5
17680.png,5.213526e-08,0,0.5
17808.png,9.377462e-07,0,0.5
17873.png,6.019807e-07,0,0.5
17882.png,0.0029400743,0,0.5
17978.png,2.7259919e-06,0,0.5
18061.png,9.4175796e-08,0,0.5
18207.png,7.250239e-09,0,0.5
18267.png,1.8492421e-09,0,0.5
18560.png,2.2048345e-09,0,0.5
18641.png,1.8166147e-05,0,0.5
18724.png,1.8610985e-10,0,0.5
18857.png,1.2030614e-08,0,0.5
19156.png,0.032493066,0,0.5
19277.png,5.1871782e-09,0,0.5
19433.png,3.0370668e-07,0,0.5
19449.png,1.4329877e-06,0,0.5
19497.png,2.4164865e-07,0,0.5
19522.png,1.4084305e-15,0,0.5
19766.png,0.00023603723,0,0.5
19776.png,3.6785183e-05,0,0.5
19957.png,5.2236064e-06,0,0.5
00049.png,0.97774386,1,0.5
00069.png,0.92093205,1,0.5
00253.png,0.9880575,1,0.5
00296.png,0.00015721978,0,0.5
00305.png,0.99792933,1,0.5
00335.png,0.46989352,0,0.5
00519.png,0.06447462,0,0.5
00642.png,0.9682192,1,0.5
00728.png,0.005016171,0,0.5
00771.png,0.008044492,0,0.5
00807.png,0.13695322,0,0.5
00820.png,0.020293377,0,0.5
00834.png,0.5959811,1,0.5
00880.png,0.032985844,0,0.5
01050.png,5.239275e-07,0,0.5
01167.png,0.13688444,0,0.5
01280.png,0.97402364,1,0.5
01557.png,0.015250541,0,0.5
01560.png,0.7274956,1,0.5
01602.png,0.07107495,0,0.5
01952.png,8.599321e-07,0,0.5
02018.png,0.1800526,0,0.5
02022.png,0.996062,1,0.5
02135.png,0.5937359,1,0.5
02313.png,0.95146626,1,0.5
02356.png,6.786674e-05,0,0.5
02390.png,0.88295877,1,0.5
02423.png,0.00019995587,0,0.5
02487.png,0.19240539,0,0.5
02617.png,0.615587,1,0.5
02909.png,0.96346074,1,0.5
02938.png,0.03918813,0,0.5
02976.png,0.27561298,0,0.5
03032.png,0.00020332652,0,0.5
03127.png,0.0052068154,0,0.5
03199.png,0.99098337,1,0.5
03294.png,0.33537307,0,0.5
03505.png,0.01240114,0,0.5
03527.png,0.96308917,1,0.5
03634.png,0.65487385,1,0.5
03655.png,0.0016137804,0,0.5
03679.png,0.73322564,1,0.5
03693.png,0.010030536,0,0.5
03711.png,0.002289834,0,0.5
03793.png,0.0011483923,0,0.5
03986.png,0.08567954,0,0.5
04223.png,0.9991412,1,0.5
04426.png,0.69229054,1,0.5
04576.png,0.03324751,0,0.5
04656.png,0.38128215,0,0.5
04828.png,0.29660454,0,0.5
04991.png,3.4303408e-05,0,0.5
05105.png,0.00017767448,0,0.5
05148.png,2.1204664e-06,0,0.5
05339.png,0.99423367,1,0.5
05450.png,0.5922287,1,0.5
05454.png,0.74973154,1,0.5
05560.png,0.15213475,0,0.5
05687.png,0.9057042,1,0.5
05830.png,0.9946332,1,0.5
05888.png,0.018519113,0,0.5
05961.png,0.012823792,0,0.5
05970.png,0.46851322,0,0.5
06062.png,0.03140383,0,0.5
06142.png,0.00046088238,0,0.5
06152.png,0.25396287,0,0.5
06154.png,0.99507385,1,0.5
06216.png,0.9987907,1,0.5
06430.png,0.99604213,1,0.5
06462.png,0.0040157745,0,0.5
06559.png,0.83550423,1,0.5
06720.png,0.002228271,0,0.5
06930.png,0.99995923,1,0.5
07013.png,0.904112,1,0.5
07057.png,0.6638052,1,0.5
07091.png,0.8831086,1,0.5
07156.png,0.18196087,0,0.5
07216.png,0.8568025,1,0.5
07413.png,0.0003732211,0,0.5
07463.png,0.94640285,1,0.5
07543.png,0.72228587,1,0.5
07552.png,0.9922483,1,0.5
07716.png,0.011568226,0,0.5
07882.png,0.7105739,1,0.5
08071.png,0.61002386,1,0.5
08134.png,0.4366067,0,0.5
08174.png,0.99445915,1,0.5
08243.png,0.8619524,1,0.5
08411.png,0.15633915,0,0.5
08556.png,0.03646536,0,0.5
08727.png,3.4525725e-05,0,0.5
08828.png,0.19340579,0,0.5
08949.png,0.08244166,0,0.5
08995.png,0.0049321996,0,0.5
09016.png,0.008975939,0,0.5
09253.png,0.017372578,0,0.5
09346.png,0.031788923,0,0.5
09372.png,0.12589106,0,0.5
09428.png,0.6580974,1,0.5
09829.png,0.064269215,0,0.5
09850.png,0.9928,1,0.5
10104.png,0.049286313,0,0.5
10105.png,0.4156344,0,0.5
10123.png,0.15562806,0,0.5
10175.png,0.006061554,0,0.5
10316.png,0.0021090629,0,0.5
10320.png,0.01954727,0,0.5
10378.png,0.018371703,0,0.5
10386.png,0.20450161,0,0.5
10418.png,0.17814554,0,0.5
10492.png,0.0003385168,0,0.5
10558.png,0.03657937,0,0.5
10641.png,0.9934676,1,0.5
10890.png,0.027979482,0,0.5
11299.png,0.027696641,0,0.5
11308.png,0.4216411,0,0.5
11336.png,0.11698807,0,0.5
11347.png,0.039656922,0,0.5
11488.png,0.0009353253,0,0.5
11534.png,0.10135589,0,0.5
11735.png,0.013587778,0,0.5
11801.png,0.0318504,0,0.5
11975.png,0.09870177,0,0.5
12150.png,0.49106264,0,0.5
12307.png,0.0091489805,0,0.5
12364.png,0.0017634368,0,0.5
12455.png,0.6866676,1,0.5
12585.png,0.9937103,1,0.5
12749.png,0.00069525035,0,0.5
12892.png,0.7185553,1,0.5
12901.png,0.0116959745,0,0.5
12966.png,0.7359272,1,0.5
13026.png,0.45140624,0,0.5
13281.png,0.032568943,0,0.5
13409.png,5.0438626e-05,0,0.5
13472.png,0.9264772,1,0.5
13527.png,0.12814681,0,0.5
13761.png,0.020655422,0,0.5
13836.png,0.40615198,0,0.5
14005.png,0.96631247,1,0.5
14085.png,0.002959827,0,0.5
14444.png,0.99980444,1,0.5
14542.png,0.00014307897,0,0.5
14651.png,0.032416284,0,0.5
14798.png,2.0299065e-05,0,0.5
14864.png,0.8114643,1,0.5
14881.png,0.0014122986,0,0.5
15105.png,0.9976922,1,0.5
15133.png,0.0012401385,0,0.5
15465.png,0.012930694,0,0.5
15502.png,0.32027355,0,0.5
15599.png,0.9904146,1,0.5
15766.png,0.00063449936,0,0.5
15825.png,0.4146679,0,0.5
15841.png,3.1321488e-05,0,0.5
15908.png,0.5043918,1,0.5
15909.png,0.89893645,1,0.5
15994.png,0.0019952215,0,0.5
16108.png,0.004459226,0,0.5
16190.png,0.03208477,0,0.5
16219.png,0.010742031,0,0.5
16329.png,0.99990404,1,0.5
16394.png,0.003029825,0,0.5
16526.png,0.9884957,1,0.5
16670.png,8.2464285e-05,0,0.5
16841.png,3.5664007e-06,0,0.5
16996.png,0.99998426,1,0.5
17021.png,0.9999826,1,0.5
17058.png,0.00010625496,0,0.5
17129.png,0.0038312692,0,0.5
17175.png,0.99994123,1,0.5
17241.png,0.24049431,0,0.5
17265.png,0.00010265458,0,0.5
17282.png,0.0025651886,0,0.5
17289.png,0.0010982591,0,0.5
17399.png,0.013585734,0,0.5
17426.png,0.19500765,0,0.5
17566.png,0.01544076,0,0.5
17613.png,0.13721211,0,0.5
17680.png,0.38285884,0,0.5
17808.png,4.5986973e-05,0,0.5
17873.png,0.00010274644,0,0.5
17882.png,1.6211909e-06,0,0.5
17978.png,0.19713993,0,0.5
18061.png,0.63782233,1,0.5
18207.png,0.85905176,1,0.5
18267.png,0.08641651,0,0.5
18560.png,0.62969726,1,0.5
18641.png,0.09942721,0,0.5
18724.png,0.27308166,0,0.5
18857.png,0.23769914,0,0.5
19156.png,0.7411304,1,0.5
19277.png,0.9942173,1,0.5
19433.png,0.14186573,0,0.5
19449.png,0.9632028,1,0.5
19497.png,0.208821,0,0.5
19522.png,0.93613285,1,0.5
19766.png,5.263712e-06,0,0.5
19776.png,0.057506118,0,0.5
19957.png,0.043506466,0,0.5
00049.png,2.4276274e-09,0,0.5
00069.png,7.4208174e-07,0,0.5
00253.png,0.00014366767,0,0.5
00296.png,0.005772242,0,0.5
00305.png,0.003972445,0,0.5
00335.png,6.1245364e-06,0,0.5
00519.png,7.433835e-05,0,0.5
00642.png,3.7232017e-09,0,0.5
00728.png,6.066002e-07,0,0.5
00771.png,5.535866e-12,0,0.5
00807.png,2.3368266e-05,0,0.5
00820.png,2.06405e-05,0,0.5
00834.png,1.0294266e-06,0,0.5
00880.png,1.308466e-06,0,0.5
01050.png,3.973207e-08,0,0.5
01167.png,1.0932035e-09,0,0.5
01280.png,8.416847e-12,0,0.5
01557.png,1.3650958e-10,0,0.5
01560.png,6.01033e-08,0,0.5
01602.png,0.004920519,0,0.5
01952.png,2.4271032e-10,0,0.5
02018.png,2.2065718e-13,0,0.5
02022.png,7.018523e-05,0,0.5
02135.png,3.4426643e-12,0,0.5
02313.png,6.207399e-09,0,0.5
02356.png,0.0064066616,0,0.5
02390.png,5.415532e-06,0,0.5
02423.png,8.7548496e-10,0,0.5
02487.png,0.08978825,0,0.5
02617.png,7.601067e-06,0,0.5
02909.png,9.322235e-05,0,0.5
02938.png,1.4937784e-05,0,0.5
02976.png,8.73464e-07,0,0.5
03032.png,1.7698941e-10,0,0.5
03127.png,1.1757544e-05,0,0.5
03199.png,7.6056704e-12,0,0.5
03294.png,0.000109275956,0,0.5
03505.png,2.8420344e-10,0,0.5
03527.png,0.012961197,0,0.5
03634.png,1.8002293e-05,0,0.5
03655.png,0.0018311128,0,0.5
03679.png,5.677543e-08,0,0.5
03693.png,2.0839575e-06,0,0.5
03711.png,6.9106324e-07,0,0.5
03793.png,0.00024097004,0,0.5
03986.png,7.15272e-08,0,0.5
04223.png,0.014695354,0,0.5
04426.png,1.4781434e-08,0,0.5
04576.png,1.8482864e-09,0,0.5
04656.png,5.72676e-05,0,0.5
04828.png,3.4704585e-06,0,0.5
04991.png,2.9008993e-09,0,0.5
05105.png,1.4346723e-06,0,0.5
05148.png,6.5898094e-12,0,0.5
05339.png,3.3281506e-06,0,0.5
05450.png,0.09776037,0,0.5
05454.png,1.7151595e-13,0,0.5
05560.png,0.0018809179,0,0.5
05687.png,6.2363576e-08,0,0.5
05830.png,2.140949e-06,0,0.5
05888.png,0.06854808,0,0.5
05961.png,3.5006625e-08,0,0.5
05970.png,0.00024274424,0,0.5
06062.png,2.413299e-07,0,0.5
06142.png,2.5227279e-11,0,0.5
06152.png,9.055137e-07,0,0.5
06154.png,3.0544275e-08,0,0.5
06216.png,0.0029537685,0,0.5
06430.png,1.93642e-06,0,0.5
06462.png,7.2865146e-07,0,0.5
06559.png,0.0009916328,0,0.5
06720.png,1.2071407e-09,0,0.5
06930.png,6.074697e-07,0,0.5
07013.png,6.675104e-10,0,0.5
07057.png,1.6780776e-07,0,0.5
07091.png,2.5001373e-05,0,0.5
07156.png,3.5679745e-10,0,0.5
07216.png,0.0014971343,0,0.5
07413.png,5.0178933e-08,0,0.5
07463.png,2.4453647e-10,0,0.5
07543.png,5.4371863e-12,0,0.5
07552.png,5.1362513e-05,0,0.5
07716.png,4.9337583e-09,0,0.5
07882.png,1.6894416e-09,0,0.5
08071.png,1.21564234e-11,0,0.5
08134.png,1.0880016e-08,0,0.5
08174.png,0.003444396,0,0.5
08243.png,0.021861987,0,0.5
08411.png,2.1321876e-08,0,0.5
08556.png,5.9154672e-08,0,0.5
08727.png,1.2408621e-05,0,0.5
08828.png,2.5267982e-10,0,0.5
08949.png,1.1985185e-10,0,0.5
08995.png,6.234068e-10,0,0.5
09016.png,5.076845e-07,0,0.5
09253.png,0.00012580547,0,0.5
09346.png,7.851509e-06,0,0.5
09372.png,0.0038325798,0,0.5
09428.png,6.918616e-11,0,0.5
09829.png,1.0318258e-08,0,0.5
09850.png,0.0003475838,0,0.5
10104.png,0.0010179766,0,0.5
10105.png,5.1371043e-12,0,0.5
10123.png,0.0012856202,0,0.5
10175.png,0.0005276826,0,0.5
10316.png,2.0628773e-08,0,0.5
10320.png,1.5552775e-08,0,0.5
10378.png,0.00047549358,0,0.5
10386.png,8.3187316e-14,0,0.5
10418.png,0.00051252963,0,0.5
10492.png,1.0574454e-09,0,0.5
10558.png,2.94251e-09,0,0.5
10641.png,0.0029370359,0,0.5
10890.png,5.590822e-08,0,0.5
11299.png,0.00011105188,0,0.5
11308.png,1.7458449e-06,0,0.5
11336.png,1.1111387e-14,0,0.5
11347.png,1.4025281e-05,0,0.5
11488.png,0.00051850954,0,0.5
11534.png,4.604195e-06,0,0.5
11735.png,0.0026169242,0,0.5
11801.png,7.009842e-05,0,0.5
11975.png,4.0061703e-05,0,0.5
12150.png,6.8133504e-06,0,0.5
12307.png,1.2568916e-05,0,0.5
12364.png,6.879438e-07,0,0.5
12455.png,0.001054249,0,0.5
12585.png,0.002002144,0,0.5
12749.png,2.9361953e-14,0,0.5
12892.png,1.8652284e-07,0,0.5
12901.png,0.00070980034,0,0.5
12966.png,1.1240854e-05,0,0.5
13026.png,0.0003104921,0,0.5
13281.png,1.1492945e-06,0,0.5
13409.png,3.24056e-09,0,0.5
13472.png,1.3240666e-06,0,0.5
13527.png,2.0290834e-08,0,0.5
13761.png,4.4649394e-08,0,0.5
13836.png,0.000759201,0,0.5
14005.png,9.070469e-05,0,0.5
14085.png,5.379854e-11,0,0.5
14444.png,1.7133266e-15,0,0.5
14542.png,0.00019015116,0,0.5
14651.png,0.00038240346,0,0.5
14798.png,2.4873048e-05,0,0.5
14864.png,3.6566124e-08,0,0.5
14881.png,6.837356e-06,0,0.5
15105.png,1.2474029e-05,0,0.5
15133.png,1.30502996e-11,0,0.5
15465.png,0.007550621,0,0.5
15502.png,8.8146756e-08,0,0.5
15599.png,3.5454158e-07,0,0.5
15766.png,1.16793515e-07,0,0.5
15825.png,0.00052347174,0,0.5
15841.png,0.009108898,0,0.5
15908.png,3.0421301e-12,0,0.5
15909.png,0.00050774135,0,0.5
15994.png,0.009913318,0,0.5
16108.png,1.0376969e-09,0,0.5
16190.png,0.00010631465,0,0.5
16219.png,2.0554033e-08,0,0.5
16329.png,0.0017814619,0,0.5
16394.png,0.002479012,0,0.5
16526.png,1.2399758e-07,0,0.5
16670.png,1.4017908e-07,0,0.5
16841.png,1.8075897e-07,0,0.5
16996.png,9.398329e-06,0,0.5
17021.png,0.13225165,0,0.5
17058.png,1.3131968e-08,0,0.5
17129.png,0.0023615495,0,0.5
17175.png,5.976333e-08,0,0.5
17241.png,5.8544687e-05,0,0.5
17265.png,1.13604194e-07,0,0.5
17282.png,1.4985339e-05,0,0.5
17289.png,2.5006952e-15,0,0.5
17399.png,1.3889117e-05,0,0.5
17426.png,3.2434805e-08,0,0.5
17566.png,2.314506e-13,0,0.5
17613.png,9.738769e-07,0,0.5
17680.png,6.485927e-11,0,0.5
17808.png,2.697054e-09,0,0.5
17873.png,1.8190728e-09,0,0.5
17882.png,3.0436508e-12,0,0.5
17978.png,9.875083e-06,0,0.5
18061.png,1.9348727e-08,0,0.5
18207.png,1.1961679e-07,0,0.5
18267.png,0.005707853,0,0.5
18560.png,3.9616043e-13,0,0.5
18641.png,4.0854498e-09,0,0.5
18724.png,5.049384e-08,0,0.5
18857.png,6.176989e-08,0,0.5
19156.png,1.1553757e-07,0,0.5
19277.png,0.0018693,0,0.5
19433.png,0.0062560285,0,0.5
19449.png,1.5902332e-11,0,0.5
19497.png,4.108771e-07,0,0.5
19522.png,1.7338332e-08,0,0.5
19766.png,1.7504463e-13,0,0.5
19776.png,1.1659159e-08,0,0.5
19957.png,1.11063255e-05,0,0.5
00049.png,0.9834856,1,0.5
00069.png,0.76261127,1,0.5
00253.png,0.001177878,0,0.5
00296.png,0.0011922035,0,0.5
00305.png,0.009761763,0,0.5
00335.png,0.98294455,1,0.5
00519.png,0.99995077,1,0.5
00642.png,0.0006921985,0,0.5
00728.png,0.4716576,0,0.5
00771.png,0.93348396,1,0.5
00807.png,0.04659482,0,0.5
00820.png,0.07523195,0,0.5
00834.png,0.018652901,0,0.5
00880.png,0.95099825,1,0.5
01050.png,0.14078972,0,0.5
01167.png,0.0006504934,0,0.5
01280.png,0.9049462,1,0.5
01557.png,0.15492412,0,0.5
01560.png,0.033137333,0,0.5
01602.png,0.046044804,0,0.5
01952.png,0.834263,1,0.5
02018.png,0.86935514,1,0.5
02022.png,0.0029690305,0,0.5
02135.png,0.48017272,0,0.5
02313.png,0.9997843,1,0.5
02356.png,0.00019155236,0,0.5
02390.png,0.0060869944,0,0.5
02423.png,0.2108793,0,0.5
02487.png,0.0041677402,0,0.5
02617.png,0.999995,1,0.5
02909.png,0.044263247,0,0.5
02938.png,0.008834368,0,0.5
02976.png,0.73158354,1,0.5
03032.png,0.08953186,0,0.5
03127.png,0.00039248003,0,0.5
03199.png,0.013954603,0,0.5
03294.png,0.07337242,0,0.5
03505.png,0.64126605,1,0.5
03527.png,0.33642972,0,0.5
03634.png,0.99997604,1,0.5
03655.png,0.45203462,0,0.5
03679.png,0.13235746,0,0.5
03693.png,0.061590087,0,0.5
03711.png,0.22004704,0,0.5
03793.png,0.6761046,1,0.5
03986.png,0.9766598,1,0.5
04223.png,0.83884454,1,0.5
04426.png,0.0042900485,0,0.5
04576.png,0.110296495,0,0.5
04656.png,0.9991742,1,0.5
04828.png,0.92504174,1,0.5
04991.png,0.0003055117,0,0.5
05105.png,0.8973603,1,0.5
05148.png,0.00095387705,0,0.5
05339.png,0.001941512,0,0.5
05450.png,0.7607829,1,0.5
05454.png,0.99987245,1,0.5
05560.png,0.016321238,0,0.5
05687.png,0.9972574,1,0.5
05830.png,0.08902735,0,0.5
05888.png,0.9999609,1,0.5
05961.png,0.99976176,1,0.5
05970.png,0.99929,1,0.5
06062.png,2.0198402e-05,0,0.5
06142.png,0.004927942,0,0.5
06152.png,0.3813172,0,0.5
06154.png,0.05512756,0,0.5
06216.png,0.0027476456,0,0.5
06430.png,0.18207087,0,0.5
06462.png,0.42953736,0,0.5
06559.png,0.0010809755,0,0.5
06720.png,0.54059374,1,0.5
06930.png,0.114728115,0,0.5
07013.png,0.015309633,0,0.5
07057.png,0.0013962635,0,0.5
07091.png,0.99610776,1,0.5
07156.png,0.20357183,0,0.5
07216.png,5.7828955e-05,0,0.5
07413.png,0.9651074,1,0.5
07463.png,0.23623495,0,0.5
07543.png,0.98982006,1,0.5
07552.png,0.004963757,0,0.5
07716.png,0.24367008,0,0.5
07882.png,0.0004082509,0,0.5
08071.png,0.45416522,0,0.5
08134.png,0.99199015,1,0.5
08174.png,0.09125529,0,0.5
08243.png,0.9983365,1,0.5
08411.png,0.99985635,1,0.5
08556.png,0.16449414,0,0.5
08727.png,0.08779134,0,0.5
08828.png,0.90295655,1,0.5
08949.png,0.19491473,0,0.5
08995.png,4.1197465e-05,0,0.5
09016.png,0.4871853,0,0.5
09253.png,8.147347e-05,0,0.5
09346.png,0.0005063055,0,0.5
09372.png,0.35281616,0,0.5
09428.png,0.0013962176,0,0.5
09829.png,0.99957997,1,0.5
09850.png,0.0882231,0,0.5
10104.png,0.99992645,1,0.5
10105.png,0.8028469,1,0.5
10123.png,0.001394403,0,0.5
10175.png,0.9998356,1,0.5
10316.png,0.0009837787,0,0.5
10320.png,0.80089533,1,0.5
10378.png,0.99215055,1,0.5
10386.png,0.77335423,1,0.5
10418.png,0.18119398,0,0.5
10492.png,0.004699516,0,0.5
10558.png,0.44413045,0,0.5
10641.png,0.64726293,1,0.5
10890.png,0.013218492,0,0.5
11299.png,0.21761444,0,0.5
11308.png,0.86884546,1,0.5
11336.png,0.90681636,1,0.5
11347.png,0.5114373,1,0.5
11488.png,0.5537879,1,0.5
11534.png,0.9887305,1,0.5
11735.png,0.36972147,0,0.5
11801.png,0.9959597,1,0.5
11975.png,0.999775,1,0.5
12150.png,0.00075944694,0,0.5
12307.png,0.08135795,0,0.5
12364.png,7.794749e-05,0,0.5
12455.png,0.79854816,1,0.5
12585.png,0.8036237,1,0.5
12749.png,0.27085134,0,0.5
12892.png,0.57474566,1,0.5
12901.png,0.89868647,1,0.5
12966.png,0.9999498,1,0.5
13026.png,0.48361257,0,0.5
13281.png,0.009139812,0,0.5
13409.png,0.6843642,1,0.5
13472.png,0.05169673,0,0.5
13527.png,0.16094072,0,0.5
13761.png,0.9330874,1,0.5
13836.png,0.3998536,0,0.5
14005.png,0.098576486,0,0.5
14085.png,0.80802894,1,0.5
14444.png,0.96620053,1,0.5
14542.png,0.009637316,0,0.5
14651.png,0.07711419,0,0.5
14798.png,0.0013547693,0,0.5
14864.png,0.03899927,0,0.5
14881.png,0.99977416,1,0.5
15105.png,0.059961118,0,0.5
15133.png,0.0024636257,0,0.5
15465.png,0.000698078,0,0.5
15502.png,0.23833455,0,0.5
15599.png,0.99512935,1,0.5
15766.png,0.07288626,0,0.5
15825.png,0.013286578,0,0.5
15841.png,0.0002699173,0,0.5
15908.png,0.007202293,0,0.5
15909.png,0.9999713,1,0.5
15994.png,1.6127979e-05,0,0.5
16108.png,0.57066464,1,0.5
16190.png,0.99217415,1,0.5
16219.png,0.0061112,0,0.5
16329.png,0.022198185,0,0.5
16394.png,0.057752986,0,0.5
16526.png,0.9651707,1,0.5
16670.png,0.00019451264,0,0.5
16841.png,0.14381686,0,0.5
16996.png,0.99991274,1,0.5
17021.png,0.00018430983,0,0.5
17058.png,0.029738402,0,0.5
17129.png,0.5188823,1,0.5
17175.png,0.06398185,0,0.5
17241.png,0.00031786802,0,0.5
17265.png,0.99956053,1,0.5
17282.png,0.06089908,0,0.5
17289.png,0.57962376,1,0.5
17399.png,0.021679213,0,0.5
17426.png,0.06886881,0,0.5
17566.png,0.00840025,0,0.5
17613.png,0.98942006,1,0.5
17680.png,0.00016838971,0,0.5
17808.png,0.0004184766,0,0.5
17873.png,0.9996487,1,0.5
17882.png,0.99998975,1,0.5
17978.png,0.9934656,1,0.5
18061.png,0.86133873,1,0.5
18207.png,0.19393027,0,0.5
18267.png,0.040908802,0,0.5
18560.png,0.1463376,0,0.5
18641.png,0.0032858881,0,0.5
18724.png,0.007725519,0,0.5
18857.png,0.9390398,1,0.5
19156.png,7.566368e-05,0,0.5
19277.png,0.35326168,0,0.5
19433.png,0.8572644,1,0.5
19449.png,0.96973455,1,0.5
19497.png,0.62910104,1,0.5
19522.png,0.010815254,0,0.5
19766.png,0.13756724,0,0.5
19776.png,0.9996125,1,0.5
19957.png,0.9967704,1,0.5
00049.png,0.00061378535,0,0.5
00069.png,0.000667442,0,0.5
00253.png,0.00016091057,0,0.5
00296.png,4.4919489e-07,0,0.5
00305.png,3.2143466e-10,0,0.5
00335.png,0.0025713742,0,0.5
00519.png,2.3325941e-07,0,0.5
00642.png,2.1796998e-07,0,0.5
00728.png,4.7273416e-09,0,0.5
00771.png,1.6190423e-05,0,0.5
00807.png,2.7778333e-06,0,0.5
00820.png,0.00036623204,0,0.5
00834.png,0.00013468957,0,0.5
00880.png,3.5739896e-07,0,0.5
01050.png,7.069057e-14,0,0.5
01167.png,0.0024486633,0,0.5
01280.png,0.0017350502,0,0.5
01557.png,2.645854e-07,0,0.5
01560.png,0.0007779949,0,0.5
01602.png,1.7186602e-09,0,0.5
01952.png,1.1405532e-08,0,0.5
02018.png,9.499792e-08,0,0.5
02022.png,8.705667e-07,0,0.5
02135.png,7.6798473e-10,0,0.5
02313.png,3.5395615e-06,0,0.5
02356.png,6.627765e-06,0,0.5
02390.png,4.6024975e-09,0,0.5
02423.png,0.000120583165,0,0.5
02487.png,1.0299096e-05,0,0.5
02617.png,0.002197971,0,0.5
02909.png,6.714398e-09,0,0.5
02938.png,1.9912942e-09,0,0.5
02976.png,2.877149e-07,0,0.5
03032.png,6.304228e-08,0,0.5
03127.png,6.056955e-07,0,0.5
03199.png,5.437171e-07,0,0.5
03294.png,1.8154215e-05,0,0.5
03505.png,3.127994e-06,0,0.5
03527.png,1.8397639e-06,0,0.5
03634.png,4.484621e-08,0,0.5
03655.png,8.2692336e-10,0,0.5
03679.png,1.9972024e-06,0,0.5
03693.png,6.485577e-07,0,0.5
03711.png,6.1229515e-11,0,0.5
03793.png,5.893562e-07,0,0.5
03986.png,0.00019914268,0,0.5
04223.png,5.0201903e-05,0,0.5
04426.png,1.8282992e-05,0,0.5
04576.png,0.000176733,0,0.5
04656.png,5.1507425e-07,0,0.5
04828.png,0.005341969,0,0.5
04991.png,1.895804e-05,0,0.5
05105.png,2.502133e-10,0,0.5
05148.png,8.199273e-08,0,0.5
05339.png,8.908719e-08,0,0.5
05450.png,5.88424e-08,0,0.5
05454.png,1.7097669e-06,0,0.5
05560.png,3.0266917e-10,0,0.5
05687.png,0.0005735674,0,0.5
05830.png,6.3229268e-06,0,0.5
05888.png,8.0716624e-08,0,0.5
05961.png,1.1469323e-07,0,0.5
05970.png,3.2655112e-07,0,0.5
06062.png,1.4640489e-09,0,0.5
06142.png,1.3544926e-11,0,0.5
06152.png,1.6005625e-06,0,0.5
06154.png,1.6278096e-09,0,0.5
06216.png,5.467211e-05,0,0.5
06430.png,8.614012e-09,0,0.5
06462.png,1.04283835e-08,0,0.5
06559.png,0.00030187084,0,0.5
06720.png,1.5773578e-08,0,0.5
06930.png,3.0621443e-12,0,0.5
07013.png,1.0380485e-05,0,0.5
07057.png,1.7753129e-07,0,0.5
07091.png,1.3078046e-09,0,0.5
07156.png,1.0745389e-08,0,0.5
07216.png,8.347819e-10,0,0.5
07413.png,9.567272e-12,0,0.5
07463.png,3.304692e-06,0,0.5
07543.png,8.644939e-09,0,0.5
07552.png,1.6494758e-08,0,0.5
07716.png,6.016443e-12,0,0.5
07882.png,8.919413e-08,0,0.5
08071.png,5.6633485e-06,0,0.5
08134.png,9.076916e-05,0,0.5
08174.png,0.0001144072,0,0.5
08243.png,8.7499495e-05,0,0.5
08411.png,0.0023006008,0,0.5
08556.png,1.6634832e-10,0,0.5
08727.png,2.6340862e-07,0,0.5
08828.png,4.734161e-05,0,0.5
08949.png,0.0011929544,0,0.5
08995.png,1.5254916e-06,0,0.5
09016.png,2.1993392e-05,0,0.5
09253.png,2.0053909e-07,0,0.5
09346.png,0.003825748,0,0.5
09372.png,0.007442277,0,0.5
09428.png,6.201122e-05,0,0.5
09829.png,1.2843435e-08,0,0.5
09850.png,3.3585766e-07,0,0.5
10104.png,8.842502e-10,0,0.5
10105.png,0.0003453279,0,0.5
10123.png,9.579347e-07,0,0.5
10175.png,1.9640572e-08,0,0.5
10316.png,2.7922608e-06,0,0.5
10320.png,1.0116031e-10,0,0.5
10378.png,0.0001799043,0,0.5
10386.png,5.025833e-12,0,0.5
10418.png,3.994559e-08,0,0.5
10492.png,0.001655703,0,0.5
10558.png,1.4612321e-05,0,0.5
10641.png,0.00031367026,0,0.5
10890.png,4.37798e-11,0,0.5
11299.png,0.0006648996,0,0.5
11308.png,8.612155e-09,0,0.5
11336.png,0.007898521,0,0.5
11347.png,1.2676315e-05,0,0.5
11488.png,8.649698e-07,0,0.5
11534.png,5.158124e-06,0,0.5
11735.png,1.4719455e-08,0,0.5
11801.png,9.612231e-08,0,0.5
11975.png,8.422407e-06,0,0.5
12150.png,8.307875e-09,0,0.5
12307.png,7.832572e-06,0,0.5
12364.png,9.68751e-08,0,0.5
12455.png,8.120588e-05,0,0.5
12585.png,0.00017749702,0,0.5
12749.png,7.823137e-06,0,0.5
12892.png,8.3470875e-10,0,0.5
12901.png,1.2951132e-08,0,0.5
12966.png,3.936374e-08,0,0.5
13026.png,9.24359e-06,0,0.5
13281.png,5.9467435e-09,0,0.5
13409.png,5.0781724e-05,0,0.5
13472.png,3.0349503e-07,0,0.5
13527.png,2.0199901e-07,0,0.5
13761.png,2.043277e-09,0,0.5
13836.png,6.3775303e-07,0,0.5
14005.png,2.8466378e-08,0,0.5
14085.png,3.9261163e-08,0,0.5
14444.png,2.507138e-06,0,0.5
14542.png,3.8832553e-12,0,0.5
14651.png,0.06738141,0,0.5
14798.png,3.5252526e-12,0,0.5
14864.png,3.143413e-08,0,0.5
14881.png,6.4456804e-09,0,0.5
15105.png,1.7133125e-05,0,0.5
15133.png,0.00053962955,0,0.5
15465.png,0.00016355,0,0.5
15502.png,1.3277804e-06,0,0.5
15599.png,0.0057317954,0,0.5
15766.png,1.6100772e-06,0,0.5
15825.png,6.540046e-09,0,0.5
15841.png,4.742168e-10,0,0.5
15908.png,1.9096333e-12,0,0.5
15909.png,2.0251656e-09,0,0.5
15994.png,1.8129427e-08,0,0.5
16108.png,2.6802796e-05,0,0.5
16190.png,1.6722912e-07,0,0.5
16219.png,3.6034993e-09,0,0.5
16329.png,4.135695e-06,0,0.5
16394.png,0.0021666514,0,0.5
16526.png,6.3365997e-06,0,0.5
16670.png,5.1422614e-07,0,0.5
16841.png,1.2621422e-06,0,0.5
16996.png,6.3821666e-08,0,0.5
17021.png,2.4159744e-08,0,0.5
17058.png,0.00029085687,0,0.5
17129.png,2.049158e-05,0,0.5
17175.png,6.0320815e-07,0,0.5
17241.png,0.002836356,0,0.5
17265.png,1.1418308e-08,0,0.5
17282.png,3.3541827e-09,0,0.5
17289.png,7.096113e-11,0,0.5
17399.png,2.0112347e-09,0,0.5
17426.png,2.0810986e-13,0,0.5
17566.png,2.0257103e-09,0,0.5
17613.png,0.0014896905,0,0.5
17680.png,7.565979e-09,0,0.5
17808.png,1.30863125e-08,0,0.5
17873.png,3.4253855e-05,0,0.5
17882.png,4.019557e-05,0,0.5
17978.png,2.5222052e-05,0,0.5
18061.png,3.820932e-05,0,0.5
18207.png,2.6384828e-10,0,0.5
18267.png,7.824845e-12,0,0.5
18560.png,1.7311673e-07,0,0.5
18641.png,3.8557127e-07,0,0.5
18724.png,5.4879115e-07,0,0.5
18857.png,4.6212677e-05,0,0.5
19156.png,1.02655595e-05,0,0.5
19277.png,1.1794473e-09,0,0.5
19433.png,1.73279e-10,0,0.5
19449.png,4.531013e-09,0,0.5
19497.png,8.605264e-06,0,0.5
19522.png,0.00041119978,0,0.5
19766.png,3.2390283e-06,0,0.5
19776.png,1.7005613e-07,0,0.5
19957.png,6.667334e-05,0,0.5
00049.png,0.00023475433,0,0.5
00069.png,0.17746496,0,0.5
00253.png,3.7618754e-06,0,0.5
00296.png,0.0076757837,0,0.5
00305.png,0.04352835,0,0.5
00335.png,0.00052467786,0,0.5
00519.png,0.0008541763,0,0.5
00642.png,0.011186936,0,0.5
00728.png,0.00023612658,0,0.5
00771.png,0.00046480284,0,0.5
00807.png,3.7226857e-07,0,0.5
00820.png,0.30842394,0,0.5
00834.png,0.00042029083,0,0.5
00880.png,0.006096441,0,0.5
01050.png,0.0008539618,0,0.5
01167.png,0.8318943,1,0.5
01280.png,0.36257607,0,0.5
01557.png,0.0003257413,0,0.5
01560.png,0.17741923,0,0.5
01602.png,9.421236e-05,0,0.5
01952.png,0.6077301,1,0.5
02018.png,1.6298239e-06,0,0.5
02022.png,0.11642301,0,0.5
02135.png,0.077618755,0,0.5
02313.png,1.9249532e-05,0,0.5
02356.png,0.038547453,0,0.5
02390.png,0.0034673985,0,0.5
02423.png,0.9762131,1,0.5
02487.png,0.0022782483,0,0.5
02617.png,0.0009772914,0,0.5
02909.png,0.059191927,0,0.5
02938.png,0.005184231,0,0.5
02976.png,0.056952782,0,0.5
03032.png,0.24682255,0,0.5
03127.png,1.080868e-05,0,0.5
03199.png,0.10620185,0,0.5
03294.png,0.91716385,1,0.5
03505.png,0.003015537,0,0.5
03527.png,0.008573022,0,0.5
03634.png,2.5529336e-05,0,0.5
03655.png,0.007845178,0,0.5
03679.png,0.0002799023,0,0.5
03693.png,0.0057143536,0,0.5
03711.png,0.1928978,0,0.5
03793.png,0.8621468,1,0.5
03986.png,0.0696297,0,0.5
04223.png,0.4061666,0,0.5
04426.png,0.4112406,0,0.5
04576.png,0.16887793,0,0.5
04656.png,0.0012310545,0,0.5
04828.png,0.008691066,0,0.5
04991.png,0.11566572,0,0.5
05105.png,0.9993537,1,0.5
05148.png,0.00029983063,0,0.5
05339.png,0.79571986,1,0.5
05450.png,0.42417064,0,0.5
05454.png,0.0011412627,0,0.5
05560.png,0.057629112,0,0.5
05687.png,0.0008505393,0,0.5
05830.png,0.00021374892,0,0.5
05888.png,0.1880948,0,0.5
05961.png,0.04364953,0,0.5
05970.png,0.0093899155,0,0.5
06062.png,0.14494629,0,0.5
06142.png,0.81093454,1,0.5
06152.png,0.86837673,1,0.5
06154.png,1.171435e-06,0,0.5
06216.png,8.8127956e-05,0,0.5
06430.png,0.98278135,1,0.5
06462.png,0.0018800249,0,0.5
06559.png,0.14705788,0,0.5
06720.png,0.9949452,1,0.5
06930.png,0.35120398,0,0.5
07013.png,0.92137426,1,0.5
07057.png,0.7176015,1,0.5
07091.png,0.005066342,0,0.5
07156.png,4.2430314e-05,0,0.5
07216.png,0.43755725,0,0.5
07413.png,0.9057597,1,0.5
07463.png,0.04226603,0,0.5
07543.png,0.15409766,0,0.5
07552.png,0.015260097,0,0.5
07716.png,1.3536854e-05,0,0.5
07882.png,0.00064073055,0,0.5
08071.png,5.368914e-08,0,0.5
08134.png,0.15811333,0,0.5
08174.png,0.26934782,0,0.5
08243.png,0.2405244,0,0.5
08411.png,0.22217551,0,0.5
08556.png,0.5989177,1,0.5
08727.png,0.9111656,1,0.5
08828.png,0.000573685,0,0.5
08949.png,0.9991341,1,0.5
08995.png,0.09980609,0,0.5
09016.png,0.00049668644,0,0.5
09253.png,0.08266194,0,0.5
09346.png,0.59970456,1,0.5
09372.png,0.7042997,1,0.5
09428.png,0.043361902,0,0.5
09829.png,2.348765e-06,0,0.5
09850.png,0.10691931,0,0.5
10104.png,0.017707545,0,0.5
10105.png,0.99996805,1,0.5
10123.png,0.9893367,1,0.5
10175.png,0.3845198,0,0.5
10316.png,0.0011959508,0,0.5
10320.png,0.0516542,0,0.5
10378.png,0.9842768,1,0.5
10386.png,0.16375373,0,0.5
10418.png,0.9959557,1,0.5
10492.png,0.025476428,0,0.5
10558.png,0.8987405,1,0.5
10641.png,0.15581428,0,0.5
10890.png,0.0035116368,0,0.5
11299.png,0.03099112,0,0.5
11308.png,4.0008376e-06,0,0.5
11336.png,0.97892237,1,0.5
11347.png,2.3338689e-05,0,0.5
11488.png,0.93148756,1,0.5
11534.png,0.16707784,0,0.5
11735.png,0.9834078,1,0.5
11801.png,3.313884e-07,0,0.5
11975.png,0.0069725686,0,0.5
12150.png,0.073409155,0,0.5
12307.png,0.99585104,1,0.5
12364.png,0.001717737,0,0.5
12455.png,0.15945822,0,0.5
12585.png,0.02305688,0,0.5
12749.png,0.019361187,0,0.5
12892.png,0.0016078049,0,0.5
12901.png,0.011245987,0,0.5
12966.png,0.16606767,0,0.5
13026.png,2.2015326e-08,0,0.5
13281.png,0.006189038,0,0.5
13409.png,0.058178663,0,0.5
13472.png,0.87223583,1,0.5
13527.png,0.003277729,0,0.5
13761.png,0.9532983,1,0.5
13836.png,0.00036635128,0,0.5
14005.png,0.9664855,1,0.5
14085.png,0.018905168,0,0.5
14444.png,0.002373282,0,0.5
14542.png,0.03693394,0,0.5
14651.png,0.033124913,0,0.5
14798.png,0.07981338,0,0.5
14864.png,0.97588867,1,0.5
14881.png,0.6362593,1,0.5
15105.png,0.35811326,0,0.5
15133.png,0.97495306,1,0.5
15465.png,0.00016590394,0,0.5
15502.png,0.007396723,0,0.5
15599.png,0.00026548404,0,0.5
15766.png,0.0064319316,0,0.5
15825.png,0.00013364143,0,0.5
15841.png,0.11515718,0,0.5
15908.png,0.0044924263,0,0.5
15909.png,0.98649836,1,0.5
15994.png,0.9531937,1,0.5
16108.png,0.12918405,0,0.5
16190.png,0.006976826,0,0.5
16219.png,0.006485811,0,0.5
16329.png,0.99977034,1,0.5
16394.png,0.009994284,0,0.5
16526.png,0.00020808853,0,0.5
16670.png,0.14903371,0,0.5
16841.png,0.0008076529,0,0.5
16996.png,0.49786383,0,0.5
17021.png,0.018902501,0,0.5
17058.png,0.071221866,0,0.5
17129.png,0.012644329,0,0.5
17175.png,0.43387985,0,0.5
17241.png,0.015149508,0,0.5
17265.png,0.54311585,1,0.5
17282.png,0.0034810249,0,0.5
17289.png,0.0005434782,0,0.5
17399.png,0.0036314237,0,0.5
17426.png,0.00093667407,0,0.5
17566.png,2.9862798e-05,0,0.5
17613.png,0.033857226,0,0.5
17680.png,0.00017972992,0,0.5
17808.png,1.9548244e-05,0,0.5
17873.png,3.3267795e-06,0,0.5
17882.png,0.42879674,0,0.5
17978.png,0.0022476602,0,0.5
18061.png,0.01834854,0,0.5
18207.png,0.7223727,1,0.5
18267.png,0.00054931815,0,0.5
18560.png,0.6898571,1,0.5
18641.png,0.3782485,0,0.5
18724.png,0.003669804,0,0.5
18857.png,0.00026779488,0,0.5
19156.png,0.9967553,1,0.5
19277.png,0.0400357,0,0.5
19433.png,0.017148027,0,0.5
19449.png,0.9954808,1,0.5
19497.png,0.292674,0,0.5
19522.png,0.87329733,1,0.5
19766.png,0.5677352,1,0.5
19776.png,0.09700483,0,0.5
19957.png,0.8006714,1,0.5
00049.png,1.3318841e-07,0,0.5
00069.png,6.711586e-15,0,0.5
00253.png,6.8590618e-09,0,0.5
00296.png,2.272192e-05,0,0.5
00305.png,5.4491615e-14,0,0.5
00335.png,1.3021725e-08,0,0.5
00519.png,4.7860166e-08,0,0.5
00642.png,0.0016120127,0,0.5
00728.png,4.246802e-09,0,0.5
00771.png,2.6211548e-12,0,0.5
00807.png,1.2039657e-12,0,0.5
00820.png,2.5074418e-05,0,0.5
00834.png,7.365263e-11,0,0.5
00880.png,1.3564892e-10,0,0.5
01050.png,1.4085529e-07,0,0.5
01167.png,0.0023987154,0,0.5
01280.png,1.6600194e-13,0,0.5
01557.png,7.189537e-05,0,0.5
01560.png,1.7893956e-09,0,0.5
01602.png,9.377975e-10,0,0.5
01952.png,9.4477446e-17,0,0.5
02018.png,1.949718e-11,0,0.5
02022.png,4.8949926e-07,0,0.5
02135.png,9.508181e-13,0,0.5
02313.png,1.0061447e-16,0,0.5
02356.png,9.793971e-11,0,0.5
02390.png,1.3373538e-12,0,0.5
02423.png,6.493589e-11,0,0.5
02487.png,2.3644998e-06,0,0.5
02617.png,1.5449287e-07,0,0.5
02909.png,6.2211477e-13,0,0.5
02938.png,1.2287332e-12,0,0.5
02976.png,4.349724e-14,0,0.5
03032.png,1.3406957e-10,0,0.5
03127.png,7.638647e-11,0,0.5
03199.png,2.2101903e-09,0,0.5
03294.png,2.7738922e-09,0,0.5
03505.png,1.2438416e-11,0,0.5
03527.png,1.6522803e-06,0,0.5
03634.png,1.1037765e-06,0,0.5
03655.png,3.8250317e-10,0,0.5
03679.png,0.00065766275,0,0.5
03693.png,0.008438138,0,0.5
03711.png,3.2401726e-07,0,0.5
03793.png,3.3541923e-11,0,0.5
03986.png,6.851983e-14,0,0.5
04223.png,4.2884826e-06,0,0.5
04426.png,9.587481e-11,0,0.5
04576.png,4.5146952e-11,0,0.5
04656.png,1.2724487e-09,0,0.5
04828.png,9.738694e-07,0,0.5
04991.png,9.136923e-05,0,0.5
05105.png,0.2665783,0,0.5
05148.png,1.326105e-06,0,0.5
05339.png,3.4634424e-09,0,0.5
05450.png,1.6693225e-13,0,0.5
05454.png,2.8871987e-09,0,0.5
05560.png,0.00038825523,0,0.5
05687.png,3.3150405e-10,0,0.5
05830.png,6.1595763e-12,0,0.5
05888.png,7.517675e-09,0,0.5
05961.png,8.1143865e-09,0,0.5
05970.png,9.357374e-10,0,0.5
06062.png,0.0048990995,0,0.5
06142.png,2.8197292e-05,0,0.5
06152.png,5.2499196e-11,0,0.5
06154.png,6.4680415e-07,0,0.5
06216.png,3.5742337e-14,0,0.5
06430.png,2.5310886e-12,0,0.5
06462.png,2.7219696e-12,0,0.5
06559.png,2.1903859e-09,0,0.5
06720.png,6.794973e-06,0,0.5
06930.png,8.361582e-06,0,0.5
07013.png,3.1010763e-13,0,0.5
07057.png,1.8892243e-06,0,0.5
07091.png,1.2578683e-10,0,0.5
07156.png,1.1916805e-13,0,0.5
07216.png,4.2690032e-10,0,0.5
07413.png,9.578097e-07,0,0.5
07463.png,8.401342e-11,0,0.5
07543.png,0.030476661,0,0.5
07552.png,2.430455e-05,0,0.5
07716.png,1.8561469e-09,0,0.5
07882.png,1.6128097e-11,0,0.5
08071.png,4.8943764e-07,0,0.5
08134.png,1.3933255e-12,0,0.5
08174.png,1.8926587e-09,0,0.5
08243.png,1.2445198e-08,0,0.5
08411.png,3.6147274e-05,0,0.5
08556.png,1.0346832e-16,0,0.5
08727.png,6.700732e-17,0,0.5
08828.png,2.414435e-06,0,0.5
08949.png,1.0067286e-08,0,0.5
08995.png,9.912482e-11,0,0.5
09016.png,2.0967622e-08,0,0.5
09253.png,5.506648e-10,0,0.5
09346.png,5.841985e-06,0,0.5
09372.png,1.6583835e-09,0,0.5
09428.png,3.6665267e-06,0,0.5
09829.png,2.5662774e-09,0,0.5
09850.png,1.558156e-10,0,0.5
10104.png,1.8909103e-07,0,0.5
10105.png,7.623636e-08,0,0.5
10123.png,1.13144566e-07,0,0.5
10175.png,3.9149094e-05,0,0.5
10316.png,1.1123024e-11,0,0.5
10320.png,9.537802e-10,0,0.5
10378.png,2.4758882e-11,0,0.5
10386.png,6.2924044e-09,0,0.5
10418.png,0.71956706,1,0.5
10492.png,3.028677e-11,0,0.5
10558.png,9.999063e-07,0,0.5
10641.png,7.96888e-12,0,0.5
10890.png,4.774935e-13,0,0.5
11299.png,1.3010416e-10,0,0.5
11308.png,3.2554794e-08,0,0.5
11336.png,5.9573035e-06,0,0.5
11347.png,1.9840635e-10,0,0.5
11488.png,4.127988e-10,0,0.5
11534.png,5.7368665e-09,0,0.5
11735.png,0.0003799637,0,0.5
11801.png,5.171466e-11,0,0.5
11975.png,3.5109004e-08,0,0.5
12150.png,1.3802753e-07,0,0.5
12307.png,1.9292887e-09,0,0.5
12364.png,1.1928047e-08,0,0.5
12455.png,2.2648616e-09,0,0.5
12585.png,8.060377e-14,0,0.5
12749.png,1.1539082e-06,0,0.5
12892.png,0.00014626313,0,0.5
12901.png,4.653292e-11,0,0.5
12966.png,1.3596974e-08,0,0.5
13026.png,2.3771554e-10,0,0.5
13281.png,1.1446784e-06,0,0.5
13409.png,5.2148157e-09,0,0.5
13472.png,2.2755478e-07,0,0.5
13527.png,2.6502283e-11,0,0.5
13761.png,0.00042921252,0,0.5
13836.png,1.228861e-10,0,0.5
14005.png,6.600461e-09,0,0.5
14085.png,2.8623734e-07,0,0.5
14444.png,0.001975637,0,0.5
14542.png,1.4310208e-07,0,0.5
14651.png,0.00014830723,0,0.5
14798.png,7.537575e-09,0,0.5
14864.png,0.0006229084,0,0.5
14881.png,1.0343341e-08,0,0.5
15105.png,1.3791502e-09,0,0.5
15133.png,4.5694138e-14,0,0.5
15465.png,5.48032e-09,0,0.5
15502.png,2.3115224e-06,0,0.5
15599.png,6.282651e-07,0,0.5
15766.png,9.039342e-10,0,0.5
15825.png,3.719059e-07,0,0.5
15841.png,4.258852e-06,0,0.5
15908.png,2.1725557e-06,0,0.5
15909.png,7.481202e-16,0,0.5
15994.png,1.8055462e-07,0,0.5
16108.png,5.840071e-09,0,0.5
16190.png,3.6046748e-09,0,0.5
16219.png,1.6732733e-08,0,0.5
16329.png,2.8540306e-05,0,0.5
16394.png,1.0936515e-10,0,0.5
16526.png,1.3405564e-12,0,0.5
16670.png,5.278179e-09,0,0.5
16841.png,1.7957651e-13,0,0.5
16996.png,3.1922048e-10,0,0.5
17021.png,1.260023e-06,0,0.5
17058.png,3.9642512e-12,0,0.5
17129.png,4.4471676e-08,0,0.5
17175.png,5.4137633e-10,0,0.5
17241.png,4.941092e-06,0,0.5
17265.png,3.143852e-11,0,0.5
17282.png,2.1628706e-12,0,0.5
17289.png,1.0934809e-09,0,0.5
17399.png,1.7216887e-07,0,0.5
17426.png,4.6624645e-13,0,0.5
17566.png,8.008126e-13,0,0.5
17613.png,2.4636188e-07,0,0.5
17680.png,2.9912214e-12,0,0.5
17808.png,7.552495e-10,0,0.5
17873.png,1.1263717e-07,0,0.5
17882.png,8.016697e-10,0,0.5
17978.png,2.0521997e-11,0,0.5
18061.png,1.5708374e-06,0,0.5
18207.png,2.0877728e-06,0,0.5
18267.png,5.883891e-07,0,0.5
18560.png,0.006638112,0,0.5
18641.png,3.5033663e-06,0,0.5
18724.png,0.0025246765,0,0.5
18857.png,2.2344089e-10,0,0.5
19156.png,3.096436e-05,0,0.5
19277.png,1.03465226e-07,0,0.5
19433.png,3.062152e-11,0,0.5
19449.png,2.579572e-09,0,0.5
19497.png,1.28405455e-08,0,0.5
19522.png,1.9967541e-05,0,0.5
19766.png,5.0695764e-10,0,0.5
19776.png,3.291122e-12,0,0.5
19957.png,8.063701e-05,0,0.5
00049.png,0.00053668773,0,0.5
00069.png,0.0038714726,0,0.5
00253.png,0.014218464,0,0.5
00296.png,0.012096184,0,0.5
00305.png,0.01862073,0,0.5
00335.png,0.12220168,0,0.5
00519.png,0.00060171087,0,0.5
00642.png,0.007592718,0,0.5
00728.png,0.012575821,0,0.5
00771.png,0.04870595,0,0.5
00807.png,0.7871284,1,0.5
00820.png,4.7358953e-05,0,0.5
00834.png,0.9972933,1,0.5
00880.png,0.9504654,1,0.5
01050.png,0.48914,0,0.5
01167.png,0.001134364,0,0.5
01280.png,0.031796277,0,0.5
01557.png,8.083486e-05,0,0.5
01560.png,0.008425298,0,0.5
01602.png,0.9849925,1,0.5
01952.png,0.0014993835,0,0.5
02018.png,0.08831732,0,0.5
02022.png,0.7687262,1,0.5
02135.png,0.9848585,1,0.5
02313.png,0.0604978,0,0.5
02356.png,0.9357023,1,0.5
02390.png,0.7939746,1,0.5
02423.png,0.9992493,1,0.5
02487.png,0.4168643,0,0.5
02617.png,0.52519566,1,0.5
02909.png,0.00041632875,0,0.5
02938.png,0.71400964,1,0.5
02976.png,0.0011169816,0,0.5
03032.png,0.51817524,1,0.5
03127.png,0.0040938063,0,0.5
03199.png,0.65453357,1,0.5
03294.png,0.15405835,0,0.5
03505.png,0.14213756,0,0.5
03527.png,0.039486572,0,0.5
03634.png,0.011810126,0,0.5
03655.png,0.6659217,1,0.5
03679.png,0.56079024,1,0.5
03693.png,0.33709055,0,0.5
03711.png,0.0047213356,0,0.5
03793.png,0.0060425308,0,0.5
03986.png,0.7734953,1,0.5
04223.png,0.664991,1,0.5
04426.png,0.000103533144,0,0.5
04576.png,0.037182488,0,0.5
04656.png,0.010432807,0,0.5
04828.png,0.00040662565,0,0.5
04991.png,0.0036630612,0,0.5
05105.png,0.007753313,0,0.5
05148.png,4.8161623e-06,0,0.5
05339.png,0.65612024,1,0.5
05450.png,0.023950785,0,0.5
05454.png,0.0030100073,0,0.5
05560.png,0.02566614,0,0.5
05687.png,0.93888986,1,0.5
05830.png,0.99715376,1,0.5
05888.png,0.4907958,0,0.5
05961.png,0.99564266,1,0.5
05970.png,4.134533e-05,0,0.5
06062.png,0.14657599,0,0.5
06142.png,0.77045727,1,0.5
06152.png,0.0008616331,0,0.5
06154.png,0.37711003,0,0.5
06216.png,1.6215608e-05,0,0.5
06430.png,0.25360507,0,0.5
06462.png,0.0048594554,0,0.5
06559.png,3.0666906e-05,0,0.5
06720.png,0.75289744,1,0.5
06930.png,8.448115e-05,0,0.5
07013.png,4.6900077e-05,0,0.5
07057.png,0.94172007,1,0.5
07091.png,0.8023084,1,0.5
07156.png,0.9912361,1,0.5
07216.png,0.6609828,1,0.5
07413.png,0.9621792,1,0.5
07463.png,0.99095833,1,0.5
07543.png,0.0009614881,0,0.5
07552.png,0.062824264,0,0.5
07716.png,0.014454563,0,0.5
07882.png,0.8996736,1,0.5
08071.png,0.015551535,0,0.5
08134.png,0.78012025,1,0.5
08174.png,0.0031471606,0,0.5
08243.png,0.11328133,0,0.5
08411.png,0.000604349,0,0.5
08556.png,0.27323064,0,0.5
08727.png,8.840444e-05,0,0.5
08828.png,0.23946907,0,0.5
08949.png,0.9627638,1,0.5
08995.png,0.009651348,0,0.5
09016.png,0.001093004,0,0.5
09253.png,1.601685e-07,0,0.5
09346.png,0.82613605,1,0.5
09372.png,0.00017317188,0,0.5
09428.png,0.9743489,1,0.5
09829.png,0.6134328,1,0.5
09850.png,0.023103455,0,0.5
10104.png,0.007908212,0,0.5
10105.png,2.1235941e-05,0,0.5
10123.png,0.028456986,0,0.5
10175.png,7.613676e-06,0,0.5
10316.png,3.2761324e-07,0,0.5
10320.png,0.00053250534,0,0.5
10378.png,0.009963485,0,0.5
10386.png,5.8336867e-05,0,0.5
10418.png,0.010353255,0,0.5
10492.png,0.00047050364,0,0.5
10558.png,0.17469937,0,0.5
10641.png,0.0010164358,0,0.5
10890.png,0.1071524,0,0.5
11299.png,0.048507445,0,0.5
11308.png,0.00016887837,0,0.5
11336.png,0.005101454,0,0.5
11347.png,0.28483725,0,0.5
11488.png,0.9943381,1,0.5
11534.png,0.00030757498,0,0.5
11735.png,0.11459069,0,0.5
11801.png,0.026510822,0,0.5
11975.png,0.4191127,0,0.5
12150.png,0.06391435,0,0.5
12307.png,0.023223542,0,0.5
12364.png,0.0011481631,0,0.5
12455.png,0.003951359,0,0.5
12585.png,2.6618529e-05,0,0.5
12749.png,0.0140269,0,0.5
12892.png,0.00040653217,0,0.5
12901.png,0.19787115,0,0.5
12966.png,0.99972755,1,0.5
13026.png,6.2963363e-06,0,0.5
13281.png,0.05631901,0,0.5
13409.png,0.00037554133,0,0.5
13472.png,0.85030705,1,0.5
13527.png,0.6541719,1,0.5
13761.png,0.001980976,0,0.5
13836.png,0.030784834,0,0.5
14005.png,0.0096126115,0,0.5
14085.png,0.060456924,0,0.5
14444.png,0.040475603,0,0.5
14542.png,0.0010228114,0,0.5
14651.png,0.016196838,0,0.5
14798.png,0.00017014798,0,0.5
14864.png,0.19252555,0,0.5
14881.png,5.074059e-06,0,0.5
15105.png,0.035533596,0,0.5
15133.png,1.6551994e-05,0,0.5
15465.png,0.28581658,0,0.5
15502.png,0.014564965,0,0.5
15599.png,0.0063925716,0,0.5
15766.png,0.028648784,0,0.5
15825.png,1.9037558e-05,0,0.5
15841.png,0.005791364,0,0.5
15908.png,0.03804937,0,0.5
15909.png,0.015084972,0,0.5
15994.png,0.35532326,0,0.5
16108.png,0.0032540702,0,0.5
16190.png,0.8156585,1,0.5
16219.png,0.7128561,1,0.5
16329.png,0.039745,0,0.5
16394.png,0.0005726246,0,0.5
16526.png,0.9298988,1,0.5
16670.png,0.3038972,0,0.5
16841.png,0.00469475,0,0.5
16996.png,3.1429412e-05,0,0.5
17021.png,0.58789206,1,0.5
17058.png,0.0016774397,0,0.5
17129.png,0.4409688,0,0.5
17175.png,0.00010815347,0,0.5
17241.png,0.4876152,0,0.5
17265.png,0.029709468,0,0.5
17282.png,0.8631333,1,0.5
17289.png,0.9996345,1,0.5
17399.png,0.00034798103,0,0.5
17426.png,0.027573863,0,0.5
17566.png,0.1883321,0,0.5
17613.png,0.009181622,0,0.5
17680.png,0.071257375,0,0.5
17808.png,0.9491255,1,0.5
17873.png,0.039274164,0,0.5
17882.png,0.26943377,0,0.5
17978.png,0.0033587164,0,0.5
18061.png,0.00064953906,0,0.5
18207.png,3.0433834e-05,0,0.5
18267.png,0.096491866,0,0.5
18560.png,0.8886145,1,0.5
18641.png,0.19413126,0,0.5
18724.png,0.00016115703,0,0.5
18857.png,0.06809066,0,0.5
19156.png,0.16461153,0,0.5
19277.png,0.7621602,1,0.5
19433.png,1.761611e-05,0,0.5
19449.png,0.0019664052,0,0.5
19497.png,0.9658492,1,0.5
19522.png,0.9997601,1,0.5
19766.png,5.543812e-07,0,0.5
19776.png,0.001283201,0,0.5
19957.png,0.93492866,1,0.5
00049.png,9.704067e-07,0,0.5
00069.png,2.9285584e-08,0,0.5
00253.png,1.2251686e-09,0,0.5
00296.png,5.737224e-14,0,0.5
00305.png,4.79825e-10,0,0.5
00335.png,3.2552114e-06,0,0.5
00519.png,2.0787719e-07,0,0.5
00642.png,3.2646724e-10,0,0.5
00728.png,1.0424599e-09,0,0.5
00771.png,1.04788676e-08,0,0.5
00807.png,1.6702678e-10,0,0.5
00820.png,6.647698e-10,0,0.5
00834.png,4.8783824e-12,0,0.5
00880.png,1.0968775e-09,0,0.5
01050.png,4.360452e-12,0,0.5
01167.png,5.685264e-10,0,0.5
01280.png,6.967153e-10,0,0.5
01557.png,2.7228069e-11,0,0.5
01560.png,9.853115e-09,0,0.5
01602.png,2.2739447e-07,0,0.5
01952.png,4.4227465e-07,0,0.5
02018.png,1.0256408e-16,0,0.5
02022.png,3.181187e-09,0,0.5
02135.png,2.6908745e-07,0,0.5
02313.png,2.8699063e-07,0,0.5
02356.png,0.0001200087,0,0.5
02390.png,3.9450853e-08,0,0.5
02423.png,7.4372647e-06,0,0.5
02487.png,2.0435139e-06,0,0.5
02617.png,2.9413355e-10,0,0.5
02909.png,4.084715e-10,0,0.5
02938.png,8.5900257e-07,0,0.5
02976.png,3.2946565e-09,0,0.5
03032.png,1.663936e-07,0,0.5
03127.png,5.7372107e-11,0,0.5
03199.png,7.873893e-08,0,0.5
03294.png,5.2993525e-09,0,0.5
03505.png,3.0375644e-10,0,0.5
03527.png,5.0743822e-11,0,0.5
03634.png,3.121596e-10,0,0.5
03655.png,1.7714054e-08,0,0.5
03679.png,8.441751e-12,0,0.5
03693.png,6.803967e-14,0,0.5
03711.png,0.000111394875,0,0.5
03793.png,9.0821844e-10,0,0.5
03986.png,7.2106587e-09,0,0.5
04223.png,2.080928e-07,0,0.5
04426.png,1.1023511e-05,0,0.5
04576.png,7.0477735e-10,0,0.5
04656.png,4.686511e-09,0,0.5
04828.png,2.2093484e-08,0,0.5
04991.png,6.546213e-08,0,0.5
05105.png,1.1900391e-08,0,0.5
05148.png,5.3874114e-11,0,0.5
05339.png,1.0974705e-05,0,0.5
05450.png,4.9836903e-15,0,0.5
05454.png,1.2156621e-09,0,0.5
05560.png,2.6303853e-12,0,0.5
05687.png,7.532311e-10,0,0.5
05830.png,1.9564269e-11,0,0.5
05888.png,4.0400704e-05,0,0.5
05961.png,1.1079888e-08,0,0.5
05970.png,6.129843e-07,0,0.5
06062.png,1.561337e-09,0,0.5
06142.png,2.994013e-08,0,0.5
06152.png,7.657017e-06,0,0.5
06154.png,7.007026e-10,0,0.5
06216.png,2.7650992e-07,0,0.5
06430.png,9.9161544e-14,0,0.5
06462.png,4.8938627e-08,0,0.5
06559.png,1.0499149e-09,0,0.5
06720.png,3.8783348e-11,0,0.5
06930.png,1.5986284e-06,0,0.5
07013.png,2.6234734e-10,0,0.5
07057.png,1.4316899e-09,0,0.5
07091.png,7.439174e-11,0,0.5
07156.png,1.5085994e-09,0,0.5
07216.png,1.0493052e-07,0,0.5
07413.png,1.7667229e-07,0,0.5
07463.png,9.068135e-20,0,0.5
07543.png,3.329765e-07,0,0.5
07552.png,6.8253753e-06,0,0.5
07716.png,5.3284847e-08,0,0.5
07882.png,1.08352367e-13,0,0.5
08071.png,3.0224484e-05,0,0.5
08134.png,1.6135746e-09,0,0.5
08174.png,3.7536165e-11,0,0.5
08243.png,4.927621e-11,0,0.5
08411.png,1.060328e-08,0,0.5
08556.png,2.047428e-09,0,0.5
08727.png,9.4708144e-11,0,0.5
08828.png,0.00032069365,0,0.5
08949.png,8.841785e-08,0,0.5
08995.png,6.581496e-15,0,0.5
09016.png,2.1724607e-05,0,0.5
09253.png,2.7109157e-10,0,0.5
09346.png,6.17645e-11,0,0.5
09372.png,1.994799e-09,0,0.5
09428.png,2.3116525e-06,0,0.5
09829.png,4.750229e-05,0,0.5
09850.png,1.5161497e-11,0,0.5
10104.png,5.2099913e-10,0,0.5
10105.png,1.6541911e-13,0,0.5
10123.png,7.472814e-09,0,0.5
10175.png,4.7405088e-06,0,0.5
10316.png,2.9770575e-10,0,0.5
10320.png,9.4627734e-12,0,0.5
10378.png,6.855262e-11,0,0.5
10386.png,3.2965956e-11,0,0.5
10418.png,6.444248e-11,0,0.5
10492.png,6.322836e-11,0,0.5
10558.png,1.5859139e-11,0,0.5
10641.png,9.152007e-09,0,0.5
10890.png,1.6559592e-07,0,0.5
11299.png,1.00107124e-10,0,0.5
11308.png,2.8185964e-16,0,0.5
11336.png,5.2535887e-10,0,0.5
11347.png,6.417579e-08,0,0.5
11488.png,3.5122153e-05,0,0.5
11534.png,1.4001034e-11,0,0.5
11735.png,5.4541697e-08,0,0.5
11801.png,0.00029220685,0,0.5
11975.png,2.5658196e-06,0,0.5
12150.png,6.31421e-10,0,0.5
12307.png,1.4306222e-13,0,0.5
12364.png,1.126507e-11,0,0.5
12455.png,0.006794673,0,0.5
12585.png,7.656822e-11,0,0.5
12749.png,2.5323963e-09,0,0.5
12892.png,6.442997e-10,0,0.5
12901.png,5.552971e-14,0,0.5
12966.png,8.123872e-11,0,0.5
13026.png,1.132763e-09,0,0.5
13281.png,5.0425904e-15,0,0.5
13409.png,2.0715407e-11,0,0.5
13472.png,4.2521003e-14,0,0.5
13527.png,9.917677e-12,0,0.5
13761.png,9.3828465e-09,0,0.5
13836.png,1.6107171e-10,0,0.5
14005.png,0.0051024607,0,0.5
14085.png,3.120653e-07,0,0.5
14444.png,1.4217707e-13,0,0.5
14542.png,2.2719648e-10,0,0.5
14651.png,1.700006e-08,0,0.5
14798.png,1.1042756e-06,0,0.5
14864.png,1.5668832e-06,0,0.5
14881.png,2.4301788e-10,0,0.5
15105.png,0.027830385,0,0.5
15133.png,8.9635077e-10,0,0.5
15465.png,1.720981e-11,0,0.5
15502.png,7.676583e-06,0,0.5
15599.png,8.422877e-14,0,0.5
15766.png,1.1554595e-09,0,0.5
15825.png,5.36193e-07,0,0.5
15841.png,2.2979207e-11,0,0.5
15908.png,5.7060564e-14,0,0.5
15909.png,5.0474724e-10,0,0.5
15994.png,1.2958816e-08,0,0.5
16108.png,1.6670269e-07,0,0.5
16190.png,6.3846414e-11,0,0.5
16219.png,6.038951e-13,0,0.5
16329.png,8.524376e-06,0,0.5
16394.png,2.9947222e-11,0,0.5
16526.png,2.010363e-06,0,0.5
16670.png,1.9896814e-12,0,0.5
16841.png,3.4498962e-07,0,0.5
16996.png,1.9153222e-10,0,0.5
17021.png,7.488714e-05,0,0.5
17058.png,1.85933e-05,0,0.5
17129.png,3.0916738e-13,0,0.5
17175.png,6.6566845e-09,0,0.5
17241.png,8.046834e-09,0,0.5
17265.png,2.95601e-13,0,0.5
17282.png,6.816961e-09,0,0.5
17289.png,1.1991748e-05,0,0.5
17399.png,2.0366966e-10,0,0.5
17426.png,1.893209e-07,0,0.5
17566.png,2.5963718e-05,0,0.5
17613.png,7.787741e-12,0,0.5
17680.png,4.6044446e-10,0,0.5
17808.png,3.8881e-17,0,0.5
17873.png,1.0451178e-09,0,0.5
17882.png,2.7713932e-11,0,0.5
17978.png,3.547181e-07,0,0.5
18061.png,2.0840911e-08,0,0.5
18207.png,7.396298e-09,0,0.5
18267.png,4.5823836e-10,0,0.5
18560.png,0.00014296362,0,0.5
18641.png,5.039911e-10,0,0.5
18724.png,4.9253873e-10,0,0.5
18857.png,2.7376995e-08,0,0.5
19156.png,3.3694415e-14,0,0.5
19277.png,1.0014499e-09,0,0.5
19433.png,3.445059e-10,0,0.5
19449.png,1.4450711e-11,0,0.5
19497.png,3.7464942e-10,0,0.5
19522.png,8.561337e-12,0,0.5
19766.png,8.2398115e-09,0,0.5
19776.png,6.616083e-05,0,0.5
19957.png,1.208636e-09,0,0.5
00049.png,2.3876822e-07,0,0.5
00069.png,0.006270949,0,0.5
00253.png,5.068826e-06,0,0.5
00296.png,0.011499945,0,0.5
00305.png,0.0003329939,0,0.5
00335.png,3.4646936e-07,0,0.5
00519.png,1.04999195e-07,0,0.5
00642.png,0.020888837,0,0.5
00728.png,0.36415553,0,0.5
00771.png,0.37634507,0,0.5
00807.png,0.008076759,0,0.5
00820.png,0.42893898,0,0.5
00834.png,0.040216498,0,0.5
00880.png,2.606315e-06,0,0.5
01050.png,0.029676316,0,0.5
01167.png,0.15094739,0,0.5
01280.png,4.6260084e-06,0,0.5
01557.png,0.019905584,0,0.5
01560.png,0.8670013,1,0.5
01602.png,0.00096847874,0,0.5
01952.png,2.6744328e-05,0,0.5
02018.png,0.55293983,1,0.5
02022.png,0.00063916185,0,0.5
02135.png,0.0004807828,0,0.5
02313.png,3.2510187e-07,0,0.5
02356.png,2.3747847e-05,0,0.5
02390.png,0.0093055945,0,0.5
02423.png,8.540479e-06,0,0.5
02487.png,0.00013983701,0,0.5
02617.png,0.00029288768,0,0.5
02909.png,0.2761925,0,0.5
02938.png,0.00031193733,0,0.5
02976.png,0.0011063404,0,0.5
03032.png,6.160277e-05,0,0.5
03127.png,0.16979,0,0.5
03199.png,0.9850323,1,0.5
03294.png,0.018474268,0,0.5
03505.png,8.318712e-05,0,0.5
03527.png,9.905039e-05,0,0.5
03634.png,0.0052522034,0,0.5
03655.png,0.02481552,0,0.5
03679.png,0.32971734,0,0.5
03693.png,7.3263574e-05,0,0.5
03711.png,0.0035998982,0,0.5
03793.png,0.019697055,0,0.5
03986.png,0.028007952,0,0.5
04223.png,1.7685175e-05,0,0.5
04426.png,3.73648e-11,0,0.5
04576.png,1.1779901e-05,0,0.5
04656.png,5.834872e-05,0,0.5
04828.png,0.0009858364,0,0.5
04991.png,3.175339e-08,0,0.5
05105.png,0.003583124,0,0.5
05148.png,0.00058742205,0,0.5
05339.png,0.017890047,0,0.5
05450.png,0.010842157,0,0.5
05454.png,0.0003590978,0,0.5
05560.png,0.00030299794,0,0.5
05687.png,0.0009025439,0,0.5
05830.png,0.061775643,0,0.5
05888.png,0.9060253,1,0.5
05961.png,0.10430112,0,0.5
05970.png,0.0036212485,0,0.5
06062.png,1.15935145e-05,0,0.5
06142.png,1.6786264e-06,0,0.5
06152.png,0.00079210126,0,0.5
06154.png,0.12603387,0,0.5
06216.png,0.0006010225,0,0.5
06430.png,1.3033932e-07,0,0.5
06462.png,5.477613e-06,0,0.5
06559.png,0.10546681,0,0.5
06720.png,0.5778258,1,0.5
06930.png,0.00020575398,0,0.5
07013.png,4.527832e-05,0,0.5
07057.png,0.007813811,0,0.5
07091.png,0.001047963,0,0.5
07156.png,0.00010927961,0,0.5
07216.png,0.0013892045,0,0.5
07413.png,2.2769522e-07,0,0.5
07463.png,0.00012973163,0,0.5
07543.png,0.008424999,0,0.5
07552.png,0.42278796,0,0.5
07716.png,4.5637848e-11,0,0.5
07882.png,4.140191e-05,0,0.5
08071.png,0.0019662806,0,0.5
08134.png,0.016943539,0,0.5
08174.png,1.6652656e-08,0,0.5
08243.png,7.1350263e-07,0,0.5
08411.png,0.0036839515,0,0.5
08556.png,0.012889021,0,0.5
08727.png,3.050102e-08,0,0.5
08828.png,1.7238342e-05,0,0.5
08949.png,0.00014119725,0,0.5
08995.png,3.4028884e-07,0,0.5
09016.png,0.00060324755,0,0.5
09253.png,6.694037e-07,0,0.5
09346.png,2.9032204e-05,0,0.5
09372.png,5.8656726e-05,0,0.5
09428.png,2.5144744e-05,0,0.5
09829.png,2.2485698e-09,0,0.5
09850.png,0.0040718233,0,0.5
10104.png,0.013945466,0,0.5
10105.png,7.68988e-05,0,0.5
10123.png,0.00037492358,0,0.5
10175.png,3.0746556e-05,0,0.5
10316.png,1.6742139e-06,0,0.5
10320.png,0.0002505685,0,0.5
10378.png,0.049915385,0,0.5
10386.png,0.0036735665,0,0.5
10418.png,0.03897967,0,0.5
10492.png,0.0025398629,0,0.5
10558.png,1.3407657e-05,0,0.5
10641.png,0.00046003042,0,0.5
10890.png,0.9596879,1,0.5
11299.png,0.30967012,0,0.5
11308.png,4.8183585e-05,0,0.5
11336.png,2.288006e-11,0,0.5
11347.png,0.0004187272,0,0.5
11488.png,0.014306047,0,0.5
11534.png,0.0018732562,0,0.5
11735.png,0.005533023,0,0.5
11801.png,0.98383164,1,0.5
11975.png,0.9985259,1,0.5
12150.png,1.7196078e-06,0,0.5
12307.png,0.000992417,0,0.5
12364.png,2.4335679e-05,0,0.5
12455.png,0.0418728,0,0.5
12585.png,4.073333e-05,0,0.5
12749.png,0.0002641371,0,0.5
12892.png,6.593882e-07,0,0.5
12901.png,0.9845925,1,0.5
12966.png,0.0031555227,0,0.5
13026.png,5.5340384e-05,0,0.5
13281.png,0.9990563,1,0.5
13409.png,0.0009108048,0,0.5
13472.png,0.50504804,1,0.5
13527.png,0.006021866,0,0.5
13761.png,0.0001228456,0,0.5
13836.png,0.4316975,0,0.5
14005.png,0.026628703,0,0.5
14085.png,4.8080085e-05,0,0.5
14444.png,0.9596934,1,0.5
14542.png,8.749766e-05,0,0.5
14651.png,0.0012307968,0,0.5
14798.png,0.02370184,0,0.5
14864.png,0.0027204691,0,0.5
14881.png,0.13856801,0,0.5
15105.png,8.718864e-06,0,0.5
15133.png,0.019361448,0,0.5
15465.png,0.00013102154,0,0.5
15502.png,0.9930569,1,0.5
15599.png,0.008056625,0,0.5
15766.png,1.4570674e-05,0,0.5
15825.png,0.07159349,0,0.5
15841.png,7.611803e-06,0,0.5
15908.png,4.782047e-08,0,0.5
15909.png,2.2751375e-07,0,0.5
15994.png,1.9022323e-08,0,0.5
16108.png,0.027699672,0,0.5
16190.png,0.0025804576,0,0.5
16219.png,0.019132242,0,0.5
16329.png,1.3126718e-06,0,0.5
16394.png,0.00055338856,0,0.5
16526.png,2.1607617e-05,0,0.5
16670.png,0.006983519,0,0.5
16841.png,0.9769036,1,0.5
16996.png,0.056460496,0,0.5
17021.png,3.22387e-05,0,0.5
17058.png,1.4518079e-07,0,0.5
17129.png,3.1040966e-07,0,0.5
17175.png,3.6479576e-06,0,0.5
17241.png,0.012497483,0,0.5
17265.png,0.0004898902,0,0.5
17282.png,0.051708773,0,0.5
17289.png,0.79665077,1,0.5
17399.png,1.6265088e-06,0,0.5
17426.png,0.00021692346,0,0.5
17566.png,0.00049370376,0,0.5
17613.png,0.25884855,0,0.5
17680.png,0.00015743326,0,0.5
17808.png,6.66576e-06,0,0.5
17873.png,1.3540637e-11,0,0.5
17882.png,0.0002751608,0,0.5
17978.png,0.14182368,0,0.5
18061.png,3.191282e-06,0,0.5
18207.png,0.0024313629,0,0.5
18267.png,1.5493151e-07,0,0.5
18560.png,0.0029141589,0,0.5
18641.png,0.0011145056,0,0.5
18724.png,8.5853935e-06,0,0.5
18857.png,1.10457465e-08,0,0.5
19156.png,7.679717e-06,0,0.5
19277.png,0.10765776,0,0.5
19433.png,0.8681776,1,0.5
19449.png,0.00017057748,0,0.5
19497.png,3.2880387e-05,0,0.5
19522.png,3.434898e-05,0,0.5
19766.png,0.00014958772,0,0.5
19776.png,3.43896e-10,0,0.5
19957.png,0.03307617,0,0.5
00049.png,2.8377185e-09,0,0.5
00069.png,3.9663013e-05,0,0.5
00253.png,1.5051481e-12,0,0.5
00296.png,2.4264737e-10,0,0.5
00305.png,1.1469975e-08,0,0.5
00335.png,0.0070609767,0,0.5
00519.png,6.517984e-06,0,0.5
00642.png,2.325689e-09,0,0.5
00728.png,6.087491e-07,0,0.5
00771.png,0.00082232093,0,0.5
00807.png,0.04322288,0,0.5
00820.png,9.076197e-05,0,0.5
00834.png,2.0287067e-07,0,0.5
00880.png,9.259959e-09,0,0.5
01050.png,2.865131e-06,0,0.5
01167.png,9.116085e-07,0,0.5
01280.png,2.9305978e-05,0,0.5
01557.png,3.7900205e-10,0,0.5
01560.png,4.550521e-11,0,0.5
01602.png,1.2230827e-05,0,0.5
01952.png,3.0316352e-07,0,0.5
02018.png,4.8327734e-11,0,0.5
02022.png,9.828639e-09,0,0.5
02135.png,1.4877858e-08,0,0.5
02313.png,6.710685e-09,0,0.5
02356.png,3.307009e-09,0,0.5
02390.png,0.0014549113,0,0.5
02423.png,0.00044891794,0,0.5
02487.png,0.010974571,0,0.5
02617.png,1.4148683e-11,0,0.5
02909.png,0.00040251898,0,0.5
02938.png,0.000565877,0,0.5
02976.png,0.012234405,0,0.5
03032.png,8.0023976e-10,0,0.5
03127.png,4.4627683e-08,0,0.5
03199.png,8.2459576e-13,0,0.5
03294.png,2.3209589e-06,0,0.5
03505.png,3.0247997e-17,0,0.5
03527.png,1.2314524e-06,0,0.5
03634.png,0.001918118,0,0.5
03655.png,1.6151581e-08,0,0.5
03679.png,1.2546199e-09,0,0.5
03693.png,0.00021406321,0,0.5
03711.png,8.787979e-09,0,0.5
03793.png,1.7944809e-06,0,0.5
03986.png,0.00027453134,0,0.5
04223.png,0.0006219104,0,0.5
04426.png,3.7145695e-09,0,0.5
04576.png,6.558542e-07,0,0.5
04656.png,5.0335175e-06,0,0.5
04828.png,4.4761625e-11,0,0.5
04991.png,8.705211e-14,0,0.5
05105.png,1.3821378e-07,0,0.5
05148.png,0.0003628892,0,0.5
05339.png,0.00138586,0,0.5
05450.png,7.319846e-06,0,0.5
05454.png,6.0266475e-10,0,0.5
05560.png,0.010048593,0,0.5
05687.png,1.4051586e-06,0,0.5
05830.png,1.3978466e-10,0,0.5
05888.png,5.1000617e-09,0,0.5
05961.png,5.180981e-12,0,0.5
05970.png,1.3396411e-06,0,0.5
06062.png,7.554328e-09,0,0.5
06142.png,2.0041377e-06,0,0.5
06152.png,1.4482497e-05,0,0.5
06154.png,2.0157584e-07,0,0.5
06216.png,0.030031003,0,0.5
06430.png,0.00043103923,0,0.5
06462.png,0.0071242545,0,0.5
06559.png,0.0013028317,0,0.5
06720.png,0.26543322,0,0.5
06930.png,3.0399028e-06,0,0.5
07013.png,0.00042799828,0,0.5
07057.png,4.1371038e-08,0,0.5
07091.png,8.4949465e-07,0,0.5
07156.png,1.3574194e-06,0,0.5
07216.png,8.471071e-09,0,0.5
07413.png,2.0400426e-05,0,0.5
07463.png,0.17750163,0,0.5
07543.png,8.0450245e-06,0,0.5
07552.png,0.00014670969,0,0.5
07716.png,1.2660224e-05,0,0.5
07882.png,3.899618e-10,0,0.5
08071.png,8.10714e-07,0,0.5
08134.png,1.4412435e-13,0,0.5
08174.png,0.00020234869,0,0.5
08243.png,0.00015783007,0,0.5
08411.png,4.5697057e-12,0,0.5
08556.png,1.1638543e-15,0,0.5
08727.png,9.790796e-11,0,0.5
08828.png,9.581699e-08,0,0.5
08949.png,6.1207877e-16,0,0.5
08995.png,9.6372155e-08,0,0.5
09016.png,0.0002265754,0,0.5
09253.png,0.0020468556,0,0.5
09346.png,6.538315e-08,0,0.5
09372.png,2.104931e-07,0,0.5
09428.png,0.00019590787,0,0.5
09829.png,0.00017018188,0,0.5
09850.png,4.061316e-06,0,0.5
10104.png,4.4104065e-15,0,0.5
10105.png,0.000163642,0,0.5
10123.png,1.020724e-05,0,0.5
10175.png,5.6151765e-07,0,0.5
10316.png,0.0001834514,0,0.5
10320.png,8.774926e-05,0,0.5
10378.png,6.523031e-08,0,0.5
10386.png,0.064886585,0,0.5
10418.png,1.0004806e-08,0,0.5
10492.png,5.607965e-06,0,0.5
10558.png,0.0005369287,0,0.5
10641.png,0.0038548103,0,0.5
10890.png,0.27794167,0,0.5
11299.png,7.9378275e-08,0,0.5
11308.png,1.7059241e-08,0,0.5
11336.png,2.2898377e-09,0,0.5
11347.png,3.5661074e-08,0,0.5
11488.png,2.0275397e-06,0,0.5
11534.png,5.3200226e-09,0,0.5
11735.png,8.111504e-10,0,0.5
11801.png,3.8172686e-05,0,0.5
11975.png,2.4067869e-14,0,0.5
12150.png,7.213121e-09,0,0.5
12307.png,0.0003265759,0,0.5
12364.png,0.00022296628,0,0.5
12455.png,4.8108937e-11,0,0.5
12585.png,6.3068463e-13,0,0.5
12749.png,1.7827311e-05,0,0.5
12892.png,9.4391e-06,0,0.5
12901.png,6.218185e-07,0,0.5
12966.png,2.3549093e-08,0,0.5
13026.png,2.154921e-06,0,0.5
13281.png,1.4740665e-12,0,0.5
13409.png,2.635745e-06,0,0.5
13472.png,0.0013607957,0,0.5
13527.png,9.809128e-08,0,0.5
13761.png,2.7798839e-08,0,0.5
13836.png,3.4461367e-10,0,0.5
14005.png,9.037419e-08,0,0.5
14085.png,0.0004869823,0,0.5
14444.png,1.5945225e-05,0,0.5
14542.png,3.7938878e-11,0,0.5
14651.png,0.00027736457,0,0.5
14798.png,4.5511012e-08,0,0.5
14864.png,0.00012575496,0,0.5
14881.png,9.4224816e-07,0,0.5
15105.png,2.1666038e-07,0,0.5
15133.png,0.1284134,0,0.5
15465.png,2.394669e-08,0,0.5
15502.png,2.3386745e-08,0,0.5
15599.png,1.2993832e-09,0,0.5
15766.png,0.000105561856,0,0.5
15825.png,1.0098549e-13,0,0.5
15841.png,6.627796e-06,0,0.5
15908.png,1.0997044e-07,0,0.5
15909.png,6.032541e-08,0,0.5
15994.png,7.5883463e-07,0,0.5
16108.png,2.2823136e-07,0,0.5
16190.png,0.00016018005,0,0.5
16219.png,1.4715782e-05,0,0.5
16329.png,7.343817e-05,0,0.5
16394.png,0.00661853,0,0.5
16526.png,0.00012019951,0,0.5
16670.png,4.608281e-05,0,0.5
16841.png,3.0444517e-06,0,0.5
16996.png,0.0002955728,0,0.5
17021.png,5.451096e-07,0,0.5
17058.png,2.0385037e-10,0,0.5
17129.png,5.9729715e-05,0,0.5
17175.png,4.0572394e-12,0,0.5
17241.png,2.3095001e-10,0,0.5
17265.png,1.6657891e-09,0,0.5
17282.png,3.939823e-05,0,0.5
17289.png,2.4956533e-08,0,0.5
17399.png,1.8460703e-09,0,0.5
17426.png,2.9722152e-08,0,0.5
17566.png,2.1673202e-06,0,0.5
17613.png,4.2928687e-06,0,0.5
17680.png,0.016254265,0,0.5
17808.png,0.00020882474,0,0.5
17873.png,0.004027431,0,0.5
17882.png,3.0249927e-07,0,0.5
17978.png,6.754145e-11,0,0.5
18061.png,1.7783164e-10,0,0.5
18207.png,3.2981828e-07,0,0.5
18267.png,4.5096347e-11,0,0.5
18560.png,0.00081929675,0,0.5
18641.png,6.9565464e-09,0,0.5
18724.png,1.0147771e-06,0,0.5
18857.png,2.7633814e-05,0,0.5
19156.png,3.229507e-14,0,0.5
19277.png,8.84796e-08,0,0.5
19433.png,2.9462683e-06,0,0.5
19449.png,8.640723e-06,0,0.5
19497.png,0.06462341,0,0.5
19522.png,7.640985e-13,0,0.5
19766.png,2.0715358e-06,0,0.5
19776.png,5.8667435e-09,0,0.5
19957.png,0.00073348585,0,0.5
00049.png,0.065699205,0,0.5
00069.png,0.93467885,1,0.5
00253.png,0.98527133,1,0.5
00296.png,0.0017554531,0,0.5
00305.png,0.29332176,0,0.5
00335.png,0.010523632,0,0.5
00519.png,0.49695832,0,0.5
00642.png,0.5162293,1,0.5
00728.png,0.59855944,1,0.5
00771.png,0.05156813,0,0.5
00807.png,0.69342375,1,0.5
00820.png,0.03024239,0,0.5
00834.png,0.76065797,1,0.5
00880.png,0.67211133,1,0.5
01050.png,0.53005886,1,0.5
01167.png,0.048962865,0,0.5
01280.png,0.8729968,1,0.5
01557.png,5.9899407e-06,0,0.5
01560.png,0.75578684,1,0.5
01602.png,0.021725394,0,0.5
01952.png,0.00962628,0,0.5
02018.png,0.0059672086,0,0.5
02022.png,0.55945987,1,0.5
02135.png,0.3288211,0,0.5
02313.png,0.6684626,1,0.5
02356.png,0.036739457,0,0.5
02390.png,0.49607727,0,0.5
02423.png,0.04267752,0,0.5
02487.png,0.93665665,1,0.5
02617.png,0.00048064897,0,0.5
02909.png,0.008704284,0,0.5
02938.png,0.0091096945,0,0.5
02976.png,0.00048446498,0,0.5
03032.png,0.46320134,0,0.5
03127.png,0.8662755,1,0.5
03199.png,0.0003147019,0,0.5
03294.png,0.29758468,0,0.5
03505.png,0.00026755934,0,0.5
03527.png,0.79070514,1,0.5
03634.png,0.30528697,0,0.5
03655.png,0.99563473,1,0.5
03679.png,0.019606054,0,0.5
03693.png,0.47485322,0,0.5
03711.png,0.0018329807,0,0.5
03793.png,0.04753072,0,0.5
03986.png,0.9774269,1,0.5
04223.png,0.01736231,0,0.5
04426.png,0.24199864,0,0.5
04576.png,0.87416047,1,0.5
04656.png,0.44765586,0,0.5
04828.png,0.18089138,0,0.5
04991.png,0.9996257,1,0.5
05105.png,0.31162316,0,0.5
05148.png,0.4847639,0,0.5
05339.png,0.009478225,0,0.5
05450.png,0.0008623682,0,0.5
05454.png,0.9939452,1,0.5
05560.png,0.99950826,1,0.5
05687.png,0.6984984,1,0.5
05830.png,0.2834827,0,0.5
05888.png,0.32256168,0,0.5
05961.png,0.4669289,0,0.5
05970.png,0.013902551,0,0.5
06062.png,0.2617106,0,0.5
06142.png,3.3080985e-05,0,0.5
06152.png,0.16254415,0,0.5
06154.png,0.0023237949,0,0.5
06216.png,0.40123665,0,0.5
06430.png,0.82504064,1,0.5
06462.png,0.92506063,1,0.5
06559.png,0.0009268673,0,0.5
06720.png,0.5209757,1,0.5
06930.png,0.0062836464,0,0.5
07013.png,0.9646085,1,0.5
07057.png,0.2526379,0,0.5
07091.png,0.88999057,1,0.5
07156.png,0.21143745,0,0.5
07216.png,0.0013042991,0,0.5
07413.png,0.002294258,0,0.5
07463.png,0.39078113,0,0.5
07543.png,0.00044027795,0,0.5
07552.png,0.035453755,0,0.5
07716.png,0.0020934578,0,0.5
07882.png,0.082452185,0,0.5
08071.png,0.021005874,0,0.5
08134.png,0.5035197,1,0.5
08174.png,0.0083981855,0,0.5
08243.png,0.9911397,1,0.5
08411.png,0.001877405,0,0.5
08556.png,0.01576315,0,0.5
08727.png,0.0035360863,0,0.5
08828.png,0.019045519,0,0.5
08949.png,0.019784557,0,0.5
08995.png,0.99468344,1,0.5
09016.png,0.15057762,0,0.5
09253.png,0.09455167,0,0.5
09346.png,0.001133542,0,0.5
09372.png,0.9999201,1,0.5
09428.png,0.57701445,1,0.5
09829.png,0.020609826,0,0.5
09850.png,0.08319657,0,0.5
10104.png,0.020849349,0,0.5
10105.png,0.00051001937,0,0.5
10123.png,2.8192318e-05,0,0.5
10175.png,0.30405372,0,0.5
10316.png,0.01595014,0,0.5
10320.png,0.5838571,1,0.5
10378.png,3.858497e-05,0,0.5
10386.png,0.20099433,0,0.5
10418.png,0.00072402565,0,0.5
10492.png,0.6315771,1,0.5
10558.png,0.2224535,0,0.5
10641.png,1.7162889e-05,0,0.5
10890.png,0.13387541,0,0.5
11299.png,0.9726396,1,0.5
11308.png,0.00010644806,0,0.5
11336.png,0.9886961,1,0.5
11347.png,0.93969864,1,0.5
11488.png,0.48961404,0,0.5
11534.png,0.8679023,1,0.5
11735.png,0.017806232,0,0.5
11801.png,0.016982142,0,0.5
11975.png,0.269786,0,0.5
12150.png,0.9975795,1,0.5
12307.png,0.9992674,1,0.5
12364.png,0.9456691,1,0.5
12455.png,0.101302765,0,0.5
12585.png,0.20325494,0,0.5
12749.png,0.10504743,0,0.5
12892.png,0.049891666,0,0.5
12901.png,0.985797,1,0.5
12966.png,0.0016977603,0,0.5
13026.png,0.00059780007,0,0.5
13281.png,0.02938825,0,0.5
13409.png,0.28921747,0,0.5
13472.png,0.9815118,1,0.5
13527.png,0.11265029,0,0.5
13761.png,0.7666691,1,0.5
13836.png,0.98405725,1,0.5
14005.png,0.44264442,0,0.5
14085.png,0.52789617,1,0.5
14444.png,0.008730131,0,0.5
14542.png,0.187867,0,0.5
14651.png,0.0019471102,0,0.5
14798.png,0.0022244195,0,0.5
14864.png,0.32147318,0,0.5
14881.png,0.0024020176,0,0.5
15105.png,0.0006930289,0,0.5
15133.png,0.25880724,0,0.5
15465.png,0.36563087,0,0.5
15502.png,0.029738512,0,0.5
15599.png,0.047100686,0,0.5
15766.png,0.0020388104,0,0.5
15825.png,0.30203795,0,0.5
15841.png,0.008788845,0,0.5
15908.png,0.23485138,0,0.5
15909.png,0.011062344,0,0.5
15994.png,0.85962045,1,0.5
16108.png,0.3066052,0,0.5
16190.png,0.5319951,1,0.5
16219.png,0.2669101,0,0.5
16329.png,0.026870867,0,0.5
16394.png,0.0013406281,0,0.5
16526.png,0.869469,1,0.5
16670.png,0.9990125,1,0.5
16841.png,0.10729074,0,0.5
16996.png,0.8046475,1,0.5
17021.png,0.0059891855,0,0.5
17058.png,0.17226602,0,0.5
17129.png,0.35046682,0,0.5
17175.png,0.021028705,0,0.5
17241.png,0.9998994,1,0.5
17265.png,0.49646354,0,0.5
17282.png,0.80451506,1,0.5
17289.png,0.9908873,1,0.5
17399.png,0.0038510496,0,0.5
17426.png,0.1767979,0,0.5
17566.png,0.79198134,1,0.5
17613.png,0.53997564,1,0.5
17680.png,0.42857435,0,0.5
17808.png,0.015206355,0,0.5
17873.png,0.837337,1,0.5
17882.png,0.917609,1,0.5
17978.png,0.6822911,1,0.5
18061.png,0.07060095,0,0.5
18207.png,0.34367207,0,0.5
18267.png,0.81868464,1,0.5
18560.png,0.22852834,0,0.5
18641.png,0.00053416437,0,0.5
18724.png,0.776669,1,0.5
18857.png,0.9723999,1,0.5
19156.png,0.14652294,0,0.5
19277.png,0.8583114,1,0.5
19433.png,0.062282454,0,0.5
19449.png,0.0027269581,0,0.5
19497.png,0.74433213,1,0.5
19522.png,0.5422562,1,0.5
19766.png,0.21602675,0,0.5
19776.png,1.44618925e-05,0,0.5
19957.png,0.0514809,0,0.5
