image_id,prob,label,threshold
0003ae2d-1438-44d4-8c8b-8fcd46f82ff7.jpg,0.012092356570065022,0,0.5
000cc12a-28bf-4d55-8575-ff778cab9aae.jpg,0.00016254596994258463,0,0.5
000e8a3b-03d6-4de3-9218-c90d7f7c694b.jpg,0.03153524547815323,0,0.5
00107746-217a-4f52-b569-d0b85e4b4d53.jpg,1.337329422312905e-06,0,0.5
0011bf5a-efcf-44e8-bdf6-0ccebe681461.jpg,4.7090846777564366e-08,0,0.5
001c0adf-45e6-48bc-99b3-f21ad737f124.jpg,3.270539991717669e-06,0,0.5
0023cc95-50d9-4607-af35-463211c257d9.jpg,1.460857902202406e-06,0,0.5
003c4622-ef22-4899-92e7-8c21ee394471.jpg,9.593023833076586e-07,0,0.5
004bd219-8a91-48ec-827a-cf065042c81f.jpg,1.6743488106402138e-12,0,0.5
00510e71-bab0-4055-88f4-d0410d178f6a.jpg,3.135401698273199e-07,0,0.5
0061a258-f4b2-4731-adbe-24392d497b07.jpg,0.12594637274742126,0,0.5
0069aed3-6f2f-45ef-bb71-18a0b2791b83.jpg,0.009254196658730507,0,0.5
006d508d-8fd4-41c8-bf31-3c694d35a013.jpg,0.0005194355617277324,0,0.5
00737b5d-05f6-48ef-a57d-8cb4eaf9a141.jpg,8.293398536807217e-07,0,0.5
0088e3bf-1355-401f-8ce6-a40f1999851a.jpg,0.007067511789500713,0,0.5
0089a5e7-3421-43a8-9321-3ba1494c9e5b.jpg,0.07365481555461884,0,0.5
0089a942-f696-4d4e-af0c-625b02631cf6.jpg,0.011620006524026394,0,0.5
008f9ae2-b93c-4ff3-8a87-963fad933a9b.jpg,0.0005942125571891665,0,0.5
00909ad7-a1d9-4061-a771-dc8a79aa5ba6.jpg,0.02085747942328453,0,0.5
00934800-814e-4d5a-9a7e-a972ddd2c555.jpg,0.10921115428209305,0,0.5
00941b86-f51a-4fd4-b811-6b8f62d28184.jpg,0.0016650842735543847,0,0.5
009553d9-73d7-4d66-a3a7-a2a99dc71c7e.jpg,0.4690280854701996,0,0.5
00972005-d828-42d4-87f1-11c82560c870.jpg,0.0004375954740680754,0,0.5
009dc102-a9f2-433c-b46b-504d1d3781b4.jpg,0.06804235279560089,0,0.5
009f551b-78c6-4714-bdd3-76701521ff91.jpg,1.3987502143208985e-06,0,0.5
00a7da40-f7b5-4126-98b2-0033655c9bba.jpg,0.004575076047331095,0,0.5
00a8af1c-f045-478f-a975-c7a8c0a48a16.jpg,0.000617338577285409,0,0.5
00a9e51e-5de7-4a36-a811-cc4302f9bef4.jpg,8.342206569977861e-07,0,0.5
00ae71f3-e464-4eec-805a-39cf98e22f3f.jpg,5.057666567154229e-05,0,0.5
00c24c7e-0dbd-4525-9fe6-92362fbe4624.jpg,2.0578099793056026e-06,0,0.5
00c9ac9f-3d44-4576-a06e-536292ae0a4b.jpg,3.903970355167985e-05,0,0.5
00ca39cd-05dd-4977-abb0-65fba7ded007.jpg,0.00042491863132454455,0,0.5
00cc95fb-461e-4695-acc2-8697290eafb2.jpg,5.820363639941206e-07,0,0.5
00ccf9e9-191d-43b6-87f0-315ba8d22323.jpg,3.74443038708705e-06,0,0.5
00d76a2e-b08b-41e7-a48e-dd1ca35b75d2.jpg,0.00019073314615525305,0,0.5
00deb03f-519e-4663-b687-6cf70fd41480.jpg,7.131073402888433e-07,0,0.5
00dfdb6f-f6f4-446d-b806-066c00b1cd85.jpg,0.003135994076728821,0,0.5
00e40d7f-8494-493e-9b29-6c6237c6add6.jpg,3.085826278947934e-07,0,0.5
00f9bd70-4a17-4c52-8dce-18620d920467.jpg,0.24859215319156647,0,0.5
0100b558-f806-4b31-9a0e-492f888e7d42.jpg,1.6406014538006275e-06,0,0.5
0101ad7f-7af6-4116-851c-892316fd159f.jpg,0.04334867373108864,0,0.5
01042a83-abf1-411a-9841-300ef6569ed2.jpg,7.395175998681225e-06,0,0.5
01097b9c-64f2-47fb-81bb-5410f93c6853.jpg,0.00019946039537899196,0,0.5
01167eb6-4e52-4f1c-8e41-8daa1d8149f4.jpg,3.0614715797128156e-05,0,0.5
011b220e-4a7e-4c96-9cb5-03add8320e02.jpg,2.2977460503170732e-06,0,0.5
0127c671-1e97-447b-b7a2-f2c34d477c99.jpg,0.0006798889371566474,0,0.5
012b49c5-1195-4425-84d2-b90a2058e58d.jpg,0.9035636186599731,1,0.5
012bc547-ad78-487e-a0d7-ab7a42c40ddc.jpg,2.3446473278454505e-06,0,0.5
0134b349-42a1-48f6-92c9-eb54352ad105.jpg,2.257350903422939e-11,0,0.5
013fbee4-cdca-4873-a271-5b302f64601e.jpg,2.494853745815817e-08,0,0.5
0140cb53-6bd3-47f2-bea3-4f657791a357.jpg,0.018506471067667007,0,0.5
0143daa1-be17-4b45-8c31-2e500908dc5c.jpg,8.165553140315751e-07,0,0.5
0153584a-e09c-40e9-95ba-5f9d71f9b8c4.jpg,0.07938342541456223,0,0.5
0157c210-6437-4282-81e7-513b98fc469e.jpg,0.5017998814582825,1,0.5
01628b4d-f57e-4ae1-9625-a2d97e004e30.jpg,3.588366825901801e-10,0,0.5
0166bcad-c512-482b-ab4e-2867d7e8f8ec.jpg,0.001951260375790298,0,0.5
016f88b1-0217-45d8-bb49-0495693ca442.jpg,6.481277320391499e-11,0,0.5
01723870-b7e1-47fb-b67f-24269cb860a4.jpg,0.00033468613401055336,0,0.5
01937a08-fb4e-4f34-a807-446e9d8d2bce.jpg,0.07720454782247543,0,0.5
0194140f-71dd-4a6d-b8f7-b3f08bdc6e51.jpg,8.661354513606057e-05,0,0.5
01adacf2-0986-4f29-a003-3c4aacb0da4e.jpg,5.5861443942761824e-11,0,0.5
01b1b793-1186-4456-a77e-8a28256a8916.jpg,2.4975746470978777e-10,0,0.5
01b4eb5b-473e-40dd-b004-becdc1819df0.jpg,8.152176633302588e-06,0,0.5
01c2080c-64ca-4530-a0e1-f73b270acf03.jpg,0.00044524515396915376,0,0.5
01c4fbce-13d2-4920-9849-11176ebe88ff.jpg,3.6201563489157706e-06,0,0.5
01c9a2d2-8ed7-4bef-8457-148add5e6b28.jpg,0.00043183250818401575,0,0.5
01d4aa5f-28db-4b02-9c2b-ede65f258c3d.jpg,0.00011544005974428728,0,0.5
01d6d33a-2e31-4f91-804b-bfbd1d34e6d6.jpg,4.412822090671398e-05,0,0.5
01e12145-bf4e-4c01-8699-e8530c39934b.jpg,0.004959823098033667,0,0.5
01e8c640-d772-47db-bb96-481a7b0e73be.jpg,6.097592995502055e-05,0,0.5
01e9bdae-f4ef-483c-afa2-df7a0daf8319.jpg,0.000779897382017225,0,0.5
01eef518-5ab1-4c1a-962b-1b0380e67663.jpg,1.497094035585178e-05,0,0.5
01f3e615-d279-4c10-bf24-dbd860edfd94.jpg,6.100110638840306e-09,0,0.5
01f7e4d6-f8aa-456a-8d5d-6aea7706eea4.jpg,0.11996666342020035,0,0.5
01fbbd48-d1c0-47c4-94c8-6a368d363590.jpg,0.00010843724885489792,0,0.5
01fd4279-44a9-4675-91a3-4ee90caf6e48.jpg,0.004819689318537712,0,0.5
01fdcfc5-0a2a-448a-adc0-9ef0211e48d8.jpg,1.3696661653739284e-06,0,0.5
0203a00f-f20a-4a6a-9059-cd0d5c77d655.jpg,1.7512408021502779e-06,0,0.5
020607a7-d190-4491-a311-20a6bba1dc7c.jpg,0.00013028115790802985,0,0.5
020b39b8-750c-4aa8-aa35-31e91b79412a.jpg,6.483180641225772e-06,0,0.5
0212d3af-f797-4b5a-8cfc-2297cae6525e.jpg,0.05455845966935158,0,0.5
02168984-1420-41d5-b0d5-507ca36d1fe4.jpg,4.021044514956884e-05,0,0.5
0219111f-fb56-4c57-bf27-7dd306c0e45a.jpg,0.00011597020056797192,0,0.5
021bbd2f-3dc8-4f81-b709-d44485e131e3.jpg,2.588401002867613e-06,0,0.5
021eb2c6-b046-4e42-944c-b010a1b4c940.jpg,0.0022303361911326647,0,0.5
0226680d-077a-4c4a-84c5-c66ec4c33a2f.jpg,4.488883860176429e-06,0,0.5
0237a381-42b9-42a0-9333-ddc9c23f3741.jpg,0.00017251876124646515,0,0.5
023c2c01-01d1-49df-8ad8-29d7fe1bc2f6.jpg,0.003905934514477849,0,0.5
0240fcce-23d9-4b45-a7ec-66c8164c9339.jpg,9.038488497026265e-05,0,0.5
024b885d-9853-49b9-8153-170a89bfa824.jpg,3.485123670543544e-05,0,0.5
0250c5c2-0248-4144-9734-f7ebffd8e512.jpg,0.005141859874129295,0,0.5
0250dc3d-201d-4c5a-a2ae-d7456b7bb7ec.jpg,0.0010752435773611069,0,0.5
0259c367-9b12-4c0a-8700-7888e153ab9c.jpg,8.490570746477744e-11,0,0.5
025f5436-406d-4dc2-ab61-c13be0a923ba.jpg,5.974064265501511e-08,0,0.5
026273da-bd11-49b5-aa2d-174a674eda3a.jpg,0.020535767078399658,0,0.5
0265dc98-ae8d-4a44-8df5-74bcb4599631.jpg,4.705467290477827e-05,0,0.5
026ea21b-5260-4c76-b87e-aecd3cdf90f1.jpg,3.890617605861735e-08,0,0.5
027997ca-9b08-41b2-ad2e-8a8fdd493751.jpg,1.197944214936797e-07,0,0.5
028199ea-176e-4b55-8fae-65f46edc0f93.jpg,0.0006620708154514432,0,0.5
0281eae0-e5e1-420b-b672-0a2d135dc01b.jpg,0.6755874156951904,1,0.5
0288423a-86c0-4ae4-86bc-01cb4273eb29.jpg,9.369342478748877e-06,0,0.5
029b0c6f-827d-4f75-98fa-f644367e2fa7.jpg,0.00011869421723531559,0,0.5
029fe6bb-6605-42c8-a78d-af7988032b11.jpg,0.0009203653316944838,0,0.5
02a65437-79d3-46c1-b89f-40958bbf73ff.jpg,0.03415929526090622,0,0.5
02a99f5b-3b48-4fd3-b6d4-3518185c333b.jpg,2.650199226739147e-10,0,0.5
02ad6b93-3edc-4fda-99ea-0b5037a10a3f.jpg,3.819777339231223e-05,0,0.5
02c0b605-fac2-41c5-ad18-70d52e66d868.jpg,0.47162705659866333,0,0.5
02c38a40-c043-412d-987e-61ae32cd32ce.jpg,3.2960317184915766e-05,0,0.5
02d21a61-7e09-4b5c-8602-5e0062904539.jpg,0.009741788730025291,0,0.5
02d2b543-969c-480d-a9eb-ac3cd39fd43e.jpg,0.00018321452080272138,0,0.5
02da7c82-3434-4824-b363-1faaef94348f.jpg,3.65129963029176e-05,0,0.5
02e63437-25b7-4c5b-b49a-e2a8f3e9e615.jpg,6.01240863034036e-05,0,0.5
02eb57a6-23ba-4e9a-8bfc-eb0d3e3db1e9.jpg,0.2880207896232605,0,0.5
02f01250-c5dd-40b7-b8d9-45fbbcc3196b.jpg,7.090322079461586e-11,0,0.5
02f1268c-9c4d-4959-a987-05792935e885.jpg,0.00447876425459981,0,0.5
02f2289d-af89-4d2c-8ccf-328dd6e1b983.jpg,0.00019521087233442813,0,0.5
02f609cb-d658-4c57-be93-b09076d7a7af.jpg,2.492766907380428e-05,0,0.5
02fb22ab-100f-429c-8c18-b068f0b7b6ab.jpg,2.6957854970532935e-07,0,0.5
02ffcf36-df29-4a44-ac92-6956acfbddbf.jpg,3.2831644070085986e-09,0,0.5
0309bcf5-66e4-41d6-9f2e-a1a304b95788.jpg,5.07580324438095e-08,0,0.5
031458b7-283c-4b6b-a724-5948e1c6095c.jpg,0.012974435463547707,0,0.5
03150e23-ef2a-4766-95d9-0546297e2ed8.jpg,0.0009845963213592768,0,0.5
0320a24d-d0cd-47ff-ab97-4fbf4d4349b9.jpg,0.10870582610368729,0,0.5
0331b0bf-6e71-46ee-bd89-289bb7a7e901.jpg,0.000105110346339643,0,0.5
033401a3-eeb9-4290-a498-875e1f9119b7.jpg,3.5740652037929976e-06,0,0.5
033473ac-0f75-42d2-a1c1-a1e29118c79b.jpg,1.162373109764303e-06,0,0.5
033bdc35-4cb6-4c21-ac0f-41929ce89e00.jpg,1.4177306866258732e-06,0,0.5
033c68e7-05e9-4ac2-acbe-74c254c798d7.jpg,3.955728971050121e-07,0,0.5
033f70e1-38e5-405e-b005-9fed3706d9cb.jpg,8.365658426406908e-13,0,0.5
03432ec9-1936-4524-9a0f-32d91b2f6e83.jpg,1.531403768240125e-06,0,0.5
03513d57-5698-4afe-b35d-322f1490c52e.jpg,1.1557730772437935e-08,0,0.5
0353d732-7cf8-45b8-9ab5-103baf08bfe3.jpg,0.03149978443980217,0,0.5
035c923c-7e2c-4ef6-88b9-ce56a188c1dc.jpg,0.030541760846972466,0,0.5
035f23a2-d847-4fe1-8a3b-932733ef1103.jpg,0.004977575037628412,0,0.5
036f00a7-deb4-4091-8330-d19aedaf0703.jpg,0.0008081467822194099,0,0.5
0373ca8e-7259-49f0-a3b3-1172542cdb55.jpg,0.0029301694594323635,0,0.5
03781926-563f-44b0-a6e9-7954a02e7342.jpg,5.551163121708669e-05,0,0.5
037f7b7d-76e2-4885-bebd-2c819ada14ac.jpg,0.0747021958231926,0,0.5
038aadba-08a8-4367-9471-b340e9916742.jpg,1.78295886144042e-05,0,0.5
03918383-be9a-4f7b-8d89-1529db2db753.jpg,0.0008830155129544437,0,0.5
0396b440-3051-4f1b-a2b7-224259361623.jpg,5.94715093029663e-05,0,0.5
0397c137-6713-4d54-90f8-78975d1c4710.jpg,1.4959446161810774e-06,0,0.5
03a7588a-0324-42da-9197-cbf7c50100dc.jpg,0.001325411256402731,0,0.5
03aa89a1-8ff9-4bb0-9f42-15dd29e0df29.jpg,1.1044439816032536e-06,0,0.5
03ad3861-5ebd-4f11-9bbc-60aa078cf08b.jpg,0.027584483847022057,0,0.5
03b40468-b433-46d7-b5f3-39ed9136a80a.jpg,0.0007076915353536606,0,0.5
03b7d787-4cb5-4904-b970-3de5734ac595.jpg,0.00010250393825117499,0,0.5
03b8b045-b0ab-4139-91f3-d73ac02cce33.jpg,1.9515198800945655e-05,0,0.5
03c15b22-de6f-432d-9009-fd11bb76a255.jpg,3.314672540000174e-06,0,0.5
03c3e5c0-cabd-4e1c-ad87-6c250be47db0.jpg,0.38396647572517395,0,0.5
03cce6b1-077a-490d-a3ac-a39d28e3d986.jpg,0.06869101524353027,0,0.5
03d3b47d-e6f7-46c9-b6d5-f6e13ec12f9f.jpg,5.62824709504639e-07,0,0.5
03d5ef03-1e8d-472e-9001-5bcac3a50540.jpg,0.5359918475151062,1,0.5
03dc0480-c91d-49d9-af6b-6e5e19b6076e.jpg,0.010530736297369003,0,0.5
03dedeb7-438b-4fc3-8bcd-1d5c2406b0ed.jpg,0.00022782704036217183,0,0.5
03dff97d-3cd0-4d4c-a2e3-23a1b0a81163.jpg,1.8251628262078157e-06,0,0.5
03e10819-c88d-4d1f-9fcd-24a12b62362d.jpg,0.03593926876783371,0,0.5
03e9abc8-50ed-40d5-9177-948b231e425c.jpg,0.04409611225128174,0,0.5
03eea526-8373-4c39-98af-da1f638ff5c5.jpg,0.2228853553533554,0,0.5
03f1509b-8d4d-4c52-a67b-21b695231b93.jpg,0.1438446044921875,0,0.5
03f21f7b-90bd-4ed3-8258-974ee25fe812.jpg,5.206887365716284e-08,0,0.5
03f26d5d-dd0c-45e2-a914-95f48713df40.jpg,0.9655207991600037,1,0.5
03fb1f97-f353-4a80-9682-eac5bc1887c5.jpg,5.372189207264455e-06,0,0.5
0408c17d-7954-4b8c-9a0a-e455c4700381.jpg,0.0011960190022364259,0,0.5
040d369b-b5e4-4d03-bfbe-1d5252a19948.jpg,5.569811946770642e-06,0,0.5
040fbf50-8cf4-4ccb-ab9a-00d36863e1d4.jpg,3.007500026797061e-06,0,0.5
0413ddf6-0a46-4daf-825d-ab8c8ef89d6a.jpg,5.760717272096372e-07,0,0.5
041b4652-af8b-43fb-affe-8479eb1ec0b9.jpg,0.03595247119665146,0,0.5
041deb36-7cdc-4cd1-a4a5-0c69402a76e1.jpg,0.013304237276315689,0,0.5
041ec5d3-4a01-40a2-b75b-0577bf5677a9.jpg,0.0004011625424027443,0,0.5
041fa775-223d-4cd4-bf43-f114b31ae253.jpg,0.29057005047798157,0,0.5
0420d29f-923b-4b05-93db-f066601fb331.jpg,0.010263859294354916,0,0.5
042a1328-761a-409c-ae2f-b848a2a41909.jpg,2.241657603008207e-05,0,0.5
04327a2b-7b6c-4deb-b7bd-21b73b70890f.jpg,0.005290036089718342,0,0.5
04350ca9-db86-4b49-94f8-ba63f2cb34b6.jpg,1.4376731087395456e-05,0,0.5
044cac9e-d29b-484d-8898-f1fa00cd7b07.jpg,0.002445475198328495,0,0.5
04567193-30c7-4306-91b3-7cb5aa6596f1.jpg,0.00017036536883097142,0,0.5
045e8b50-8ee8-4fcb-9632-d3cd0e05a831.jpg,0.0006556098232977092,0,0.5
04667d6a-39c4-43a5-82a5-45b8dc98deb8.jpg,1.3703317563340534e-05,0,0.5
046b5f09-a5b1-4cb2-8f1b-1d115261d17e.jpg,0.014495374634861946,0,0.5
046bdddb-7522-4a5f-b2dd-b3be12c6a8f8.jpg,2.1652895156876184e-05,0,0.5
048678d2-bf59-43d0-aeff-a278b2f9ec4b.jpg,5.550806392307095e-08,0,0.5
048fbd78-605d-410a-a15d-2744751675b6.jpg,1.2832371965032507e-07,0,0.5
04a022ca-c0ee-4192-b411-19634569e345.jpg,3.4281100180777457e-09,0,0.5
04a4e5da-98fc-4111-8706-ef610665ab24.jpg,0.40825095772743225,0,0.5
04af5b10-f447-4a5d-9b1e-2b0f4e565bef.jpg,3.0244268600654323e-06,0,0.5
04c04074-ca93-4f6b-92f7-c74b5f2882b0.jpg,4.439647909748601e-06,0,0.5
04c32bf7-2b0e-4df7-b94f-3cc296b45dbe.jpg,0.00025972421281039715,0,0.5
04d35fe8-a836-4084-9c4c-3cdfc0558449.jpg,2.825734918587841e-05,0,0.5
04e4928c-645e-4376-9ecd-b9224e072032.jpg,1.0540005312975609e-08,0,0.5
04f064ef-c300-4e69-8259-752ae0859608.jpg,1.774952380628747e-07,0,0.5
04f98c53-8b3f-4ad7-86ce-edaa2dea8243.jpg,0.0029979227110743523,0,0.5
04fcaacb-0eca-451f-99cf-ccdf0209a5f0.jpg,6.095036697573164e-10,0,0.5
04fd2c0f-367b-49b5-8165-f09ad7affcc8.jpg,0.001692911610007286,0,0.5
0504b8e2-c803-428a-8a9f-53ea3bcce76c.jpg,3.282422250672212e-11,0,0.5
0507ee6d-888a-4695-b025-c6bc333a4084.jpg,0.0007354393019340932,0,0.5
050854e5-76f5-4f6e-9075-0787bf44a6cb.jpg,5.793600668657639e-11,0,0.5
050a0a97-0129-476c-93bb-5f6178013c1e.jpg,4.1675995987588976e-10,0,0.5
050acff7-b624-4712-9973-3439e8fc6b70.jpg,0.00011686707875924185,0,0.5
051175db-ae45-428b-84aa-8c011f6630c7.jpg,0.0004982693353667855,0,0.5
05146790-5ec1-43bd-aa2e-526722d092a2.jpg,1.0962718580143083e-11,0,0.5
051aa142-9dd8-4f88-9e9f-7e4dab398e20.jpg,0.0073620956391096115,0,0.5
05229420-435f-4193-9bd5-7ed21af26128.jpg,0.10113093256950378,0,0.5
0526d98d-a16a-4377-9745-53d186ca062f.jpg,0.6634692549705505,1,0.5
052a0abb-d009-42ea-90ec-ef8a0a74a4fe.jpg,8.212134972040985e-09,0,0.5
052ef0dc-7a38-478a-965d-061bba365140.jpg,3.156391539960168e-05,0,0.5
0532f2ea-4ad4-4331-9198-13e98bf915af.jpg,0.0009751540492288768,0,0.5
053b03c2-85d9-4a46-a8e5-e3cdb351d8b7.jpg,0.010730777867138386,0,0.5
054343bf-bd66-4318-982c-5fb4c470964f.jpg,0.0004400668840389699,0,0.5
054c3591-78fc-4309-a0a3-6e20878a11c5.jpg,3.5512704926077276e-05,0,0.5
0550c62e-b8d4-4c06-ae1f-10f810372668.jpg,0.0010197112569585443,0,0.5
05510988-71c5-4684-82d9-8ad8b3562e72.jpg,0.003290499560534954,0,0.5
0554e56b-6ee1-4d32-8597-98fce2e3469d.jpg,8.962781095078753e-08,0,0.5
05558914-dcad-457e-b20c-578026c60547.jpg,0.00021862339053768665,0,0.5
055a57e2-dc53-4eec-aeeb-150f238a1d5f.jpg,0.6769142746925354,1,0.5
0560d393-93c8-48fc-b72a-d640eed40966.jpg,0.004246485885232687,0,0.5
05671288-9a2b-4ea4-b382-19629c77c44c.jpg,1.678877197264228e-05,0,0.5
056b1262-ba03-404a-875b-4309c2515795.jpg,1.5252532648446504e-05,0,0.5
0570a0f9-33f9-4dfe-b3b0-8f213131f5f0.jpg,1.3534608989118624e-09,0,0.5
05781876-bf22-4742-a6ae-c25fca9d712a.jpg,0.00016392109682783484,0,0.5
0579d37b-85f4-4b66-a1fe-fbd5e9179a70.jpg,0.00019162798707839102,0,0.5
057beb1c-82cf-4053-ba91-7d4df95e9d14.jpg,0.0004333703254815191,0,0.5
057ff807-4ad3-448f-846e-59bd1268ae06.jpg,3.309563180664554e-05,0,0.5
05879a73-a6d2-4514-bd07-31aa3ea869f7.jpg,0.08421166986227036,0,0.5
0587a1a0-4f60-45af-a32f-0b2b57acdefc.jpg,0.29981017112731934,0,0.5
0597a2c1-dd15-4e14-a317-a3b3da8d726f.jpg,6.9177276600385085e-06,0,0.5
05b0594c-77bd-41a4-857d-e15b14995102.jpg,0.0031251306645572186,0,0.5
05bb1b8a-97aa-43d1-9ba7-559be1ad9493.jpg,0.001282479497604072,0,0.5
05c23b0d-db10-4f0e-9a11-2ba00ae1fd6f.jpg,0.1098020002245903,0,0.5
05c2a9fc-df90-4aa5-9796-23d400f195d8.jpg,2.961166728709941e-06,0,0.5
05c42a23-b98b-4a02-a6b0-b551edfbebac.jpg,0.0003902847529388964,0,0.5
05cad9b8-00b3-4a3d-887d-be869522dfb5.jpg,4.408203949424205e-06,0,0.5
05cb6b98-cca5-45f7-a81a-822e21cd7cc7.jpg,0.0023724264465272427,0,0.5
05d7f7ed-5db7-4676-bb3b-c1ef985d41a3.jpg,0.6507244110107422,1,0.5
05d8c2c7-4c48-45f8-8129-1ac8fdeefbf2.jpg,0.6776067614555359,1,0.5
05db946b-bfbe-42d2-95df-359c24bb5ff6.jpg,4.27134073106572e-05,0,0.5
05dcea31-96de-48e3-b82d-7ba2ce3b2b6f.jpg,0.9786633253097534,1,0.5
05de09d0-b848-4558-84b8-d24b6ebd6079.jpg,0.004131063353270292,0,0.5
05e1bebb-b592-4a27-a050-79bbf346f188.jpg,2.2420481270157833e-12,0,0.5
05eb7d84-dce5-4481-9b26-912d0091d063.jpg,0.1876995861530304,0,0.5
05f4b06c-454e-4110-a14c-d50398fc02aa.jpg,3.8854642525620875e-07,0,0.5
05f5bfe1-1d13-4f06-a5c6-dc0f868f5a00.jpg,1.0366933700378667e-10,0,0.5
0607e465-082c-4f65-934a-3bcfd99eaaf1.jpg,0.0001525083789601922,0,0.5
060e8082-0285-480d-b720-82768f2ccdb7.jpg,2.6226258341921493e-05,0,0.5
060e89fd-81be-4a95-9483-a6e915785cd1.jpg,1.0729238510975847e-06,0,0.5
06158e7b-102c-4729-9f9d-456f52c40506.jpg,8.481847908115014e-05,0,0.5
061701e6-d23d-43b4-80ec-1f853cc35421.jpg,0.0007683888543397188,0,0.5
061870cf-5983-459b-8d68-ee93f3a62ab8.jpg,0.0004828407836612314,0,0.5
061fa3ce-645c-42b2-9458-e9ded82b6c1c.jpg,4.033078312204452e-06,0,0.5
06214dfe-bd16-43bb-9657-fab1f862c78b.jpg,3.94737708120374e-06,0,0.5
062b8c43-3f4c-4d40-9a6a-ae98dc00b8c3.jpg,3.1093073630472645e-05,0,0.5
062c6a91-fd2d-4be1-93f7-fc7f46d73a69.jpg,1.4398623626732387e-08,0,0.5
062e8755-87f1-4de2-a5cd-7925b3b00a06.jpg,6.67388894726173e-06,0,0.5
0634e398-d85f-4097-ab11-6f8e1177722b.jpg,0.014529692940413952,0,0.5
064b77cb-91a9-49e7-970e-2d3c24670fbc.jpg,0.0022344186436384916,0,0.5
06528566-9b88-4712-a508-c10a5e8b3525.jpg,2.4901339656935306e-06,0,0.5
0652d7e1-fdd3-4f40-bb11-dda853bbc59d.jpg,0.7476257085800171,1,0.5
0654fc69-2c50-43e6-bf9b-d46db0587a42.jpg,0.0015640506753697991,0,0.5
0655986c-e847-488a-a939-01bf580a6f69.jpg,9.62002741289325e-06,0,0.5
065de496-b756-4490-8482-09a58bd76cb2.jpg,0.0002847187570296228,0,0.5
06672903-af99-4476-a2a1-9f5b9c8b94af.jpg,4.190406616544351e-05,0,0.5
066ba609-adae-46d7-90bb-93a07001e9c9.jpg,7.423703937092796e-05,0,0.5
066c274d-43c6-42fd-96ad-2ea00586240d.jpg,0.00036867099697701633,0,0.5
0672847d-1443-48b8-8fee-c5caafadf094.jpg,0.007568202912807465,0,0.5
0673f105-6a71-448c-8569-ca7ba31dc36d.jpg,0.0006024133181199431,0,0.5
0698abb9-4958-4970-986d-ea098056c418.jpg,1.649194814490329e-06,0,0.5
0698fbb4-b227-4d9f-a220-9f931b6de4e0.jpg,1.935056337387664e-09,0,0.5
06a17dab-ce7c-454c-aaab-d84524c3c59a.jpg,5.267888991511427e-05,0,0.5
06a4b9af-07f6-44e1-9f45-f8689e3471c6.jpg,6.000815574225271e-06,0,0.5
06a84bf3-b588-4024-bdb5-1e5ea08f1ee6.jpg,0.002344483742490411,0,0.5
06acdac3-ee5a-41c1-91bf-5aa1e879a6b0.jpg,0.0002125608007190749,0,0.5
06b254aa-117f-4f7b-8ce2-9f166f5b6c45.jpg,0.9805337190628052,1,0.5
06b9ba5e-d496-459d-b759-578869965f8b.jpg,0.022413119673728943,0,0.5
06c192af-408d-4bb6-ae78-039249f79d1b.jpg,4.5951823267387226e-05,0,0.5
06c7dcec-12c1-486c-9c30-58e0bf2d7ea6.jpg,3.5084783576166956e-06,0,0.5
06cc66a9-70f1-4567-b5ac-8517dd62a848.jpg,1.9724784294794517e-07,0,0.5
06d587fd-7ea6-4e3c-bcbc-06ff9653a32b.jpg,0.08659829944372177,0,0.5
06d988f5-5c9b-45d3-8479-9bf90bd15762.jpg,1.2018034794891719e-05,0,0.5
06da4734-7932-48fe-8c25-5abaed6d80fb.jpg,0.010484414175152779,0,0.5
06da7f3a-3525-4140-9b0b-c3dd4707a20f.jpg,0.23460590839385986,0,0.5
06e3b422-e0ab-4e2a-b543-2c89cdd1facb.jpg,0.003182660788297653,0,0.5
06e86954-476b-41c5-9816-35a36ce463ad.jpg,1.2060976587235928e-05,0,0.5
06f0a8ac-7658-46d6-a42f-a3f4072df5fc.jpg,2.594347051854129e-06,0,0.5
06fd1240-1ef8-4ebb-8718-04cfcafcfbec.jpg,0.04443975165486336,0,0.5
07020976-d3b6-4531-89c9-78d862f7af65.jpg,0.00024751966702751815,0,0.5
07022d75-f346-4269-b648-f39f375f7744.jpg,0.44275808334350586,0,0.5
0709d54b-38e5-472b-8b89-8b2ce782f2b0.jpg,8.738826727494597e-05,0,0.5
070a0d5d-82d4-40d8-af6c-4fd6e9a7a1cd.jpg,0.050605595111846924,0,0.5
07113512-ce24-46f7-9ae8-bb38028864af.jpg,1.7441308955312707e-05,0,0.5
071209cd-f7cf-4c25-a14f-337d518d006d.jpg,4.26038683498664e-11,0,0.5
07151001-24ff-48a8-a4e8-d2a130223474.jpg,1.1771222574452622e-07,0,0.5
071e8143-77e1-45cf-970e-1fdb7a4f968d.jpg,1.674759914749302e-06,0,0.5
0728af6a-91ed-408d-a6f2-20cca7e9b352.jpg,7.624116449278517e-08,0,0.5
072f18e4-1a88-44e6-8c5b-81cd098122e6.jpg,2.140259493899066e-05,0,0.5
07335bc0-40b5-4e4c-9e66-cba90322fdbc.jpg,0.058477021753787994,0,0.5
07370d0f-945e-4dfd-a536-a0db2bb14522.jpg,2.149622014258057e-05,0,0.5
073f77bb-e0cd-4c16-aa32-96823ff5a734.jpg,1.6751315342844464e-05,0,0.5
0750f435-90ec-475c-b4c6-30f9169775c5.jpg,1.2196056387026033e-09,0,0.5
075d4bdc-07fd-4981-ba5c-298d13008ab9.jpg,0.003335540182888508,0,0.5
075e644f-b0dc-40f4-9e40-9793dc950b9a.jpg,8.364463788268495e-09,0,0.5
07700539-dea5-421a-b376-e6212e4dd6a8.jpg,0.0007861066260375082,0,0.5
0773e649-91b3-4d69-8728-2bb4a11153ae.jpg,0.5097475051879883,1,0.5
0779031a-e530-4b35-a653-a3e4f1224994.jpg,0.00015350310422945768,0,0.5
07837245-d350-49ab-8472-7477a9c9973d.jpg,0.12962886691093445,0,0.5
07844b96-66ee-4206-8048-d7c716b763b5.jpg,0.9344591498374939,1,0.5
0784950c-f531-4893-a8c7-2df8aa9b288d.jpg,1.8246325561577237e-09,0,0.5
079872cc-546e-4fda-8a50-55af3b73cd8f.jpg,0.0021574136335402727,0,0.5
0799c22e-b1a8-4169-9f5b-c5e50aa746f9.jpg,9.623395271773916e-06,0,0.5
079e3191-cac6-4c7b-a4b9-03bbd932b0a2.jpg,0.6161893010139465,1,0.5
07a00280-bdfe-4257-9bc7-9e11f4be5d45.jpg,0.014365170150995255,0,0.5
07a58cb6-7fdc-46a4-9abc-1c86067e125b.jpg,5.783093729405664e-05,0,0.5
07a75897-1b6f-4315-9e59-1d3de1f0a6aa.jpg,0.00041091046296060085,0,0.5
07b2791e-6e65-4ebb-a8e1-4382d4ef2e61.jpg,3.6121346056461334e-06,0,0.5
07b75194-01ad-497f-889a-8f9a03d741e1.jpg,0.0003230549627915025,0,0.5
07b8abaf-e874-49cb-8b4a-e1e28da06da7.jpg,2.599519766111058e-10,0,0.5
07bf957e-abaa-4d68-b109-42540010938e.jpg,8.777296045536787e-08,0,0.5
07cb93f9-3c75-4074-a284-11b2e75d98d4.jpg,0.00035153442877344787,0,0.5
07cbbc91-0f09-44ff-9caf-81f1e08a09f5.jpg,0.002319423481822014,0,0.5
07cd43da-7d1d-4cf7-a561-66d408c42228.jpg,3.2868551897990983e-06,0,0.5
07de6d83-98e2-492c-9d70-00ff77ec65a0.jpg,4.5247343649634786e-09,0,0.5
07e48ebf-a224-4d25-9fc3-0073a0e6c9a5.jpg,8.763124696997693e-07,0,0.5
07eba6ed-3649-457f-9394-a6c5394a8ca8.jpg,5.602413875749335e-05,0,0.5
07f663f2-cf8d-4b62-b129-ad53afab83ee.jpg,1.501682805882254e-10,0,0.5
07f850ac-c358-4d9d-ac63-dad89c4cc42d.jpg,1.8266013057655073e-06,0,0.5
07f8e5f2-25c3-4940-b982-8f024d71819e.jpg,1.9018529806569262e-10,0,0.5
07ff5b16-3230-4957-b5fa-acb7f9f0b003.jpg,0.0017298482125625014,0,0.5
0808c627-e994-4343-b98e-a2260cc514e9.jpg,0.9570885300636292,1,0.5
0820949b-7039-4578-8f51-ef8ad0b1153d.jpg,0.1095724105834961,0,0.5
08286251-29c1-490d-879d-80d6029da9b1.jpg,3.825466592388693e-07,0,0.5
082d7201-716a-4cd4-bee7-405be2408f11.jpg,0.0024716153275221586,0,0.5
082d9b6e-3d80-4b85-8c2d-0b3db57c2a95.jpg,0.007817956618964672,0,0.5
082ef269-cf03-4544-bdcf-015cee20d73e.jpg,4.454896770766936e-05,0,0.5
0842da4c-24ed-494a-82ab-971994172087.jpg,0.00022460451873485,0,0.5
0842ded3-d8ac-4079-a68f-ff0a48b73c12.jpg,0.010307530872523785,0,0.5
084abb86-0582-4e9e-999e-6099ee10565d.jpg,0.001821997226215899,0,0.5
084e08c8-6dbd-4bc3-a253-583c00256ef5.jpg,3.621614450821653e-05,0,0.5
08503de5-fb0d-4328-a89a-83901a779fdd.jpg,0.00499988766387105,0,0.5
0858f828-f3c2-4d50-bbf6-9a93483441e0.jpg,0.2066342830657959,0,0.5
0861dbfa-a92e-4847-938f-59c9a7a377fb.jpg,4.882972604036695e-08,0,0.5
086ca958-4194-4a22-9297-6ec9458f2ba9.jpg,4.874984964320372e-13,0,0.5
0875a8dc-4414-4f7b-8034-62231b595f49.jpg,0.00020837780903093517,0,0.5
088c6ea0-118a-4d48-b64a-45a9a6b8b4a1.jpg,2.1062447558506392e-05,0,0.5
088d3425-5b13-4fc4-8c26-2d6d5b00c109.jpg,0.35133740305900574,0,0.5
089287a2-5eb0-4cd0-a7e7-b45f288c87c1.jpg,5.192946628262973e-10,0,0.5
089fc2bf-e4a1-4d08-8439-0e37cdc12a3a.jpg,0.0002204822958447039,0,0.5
08bb0e51-1910-4e42-9f5e-851e3a636277.jpg,1.6470408370494738e-10,0,0.5
08bdd648-8460-4442-9e2d-4f5d08a05616.jpg,6.47163760731928e-05,0,0.5
08c403e4-c791-49cc-a070-a2c8efda6e98.jpg,0.10572148859500885,0,0.5
08c67719-f2d2-4bbe-9bae-983c43821ba9.jpg,0.0005175575497560203,0,0.5
08c8ff89-2067-4d0a-bbed-89552a922f87.jpg,0.0002098338445648551,0,0.5
08c9c762-e6e5-41d7-aea3-7188d5b81a72.jpg,0.0009380981791764498,0,0.5
08cbbf1a-aad4-45c5-b7c2-1e3c8f448904.jpg,0.004406432155519724,0,0.5
08cbdfac-4d33-489a-a9d8-14ca80ed4528.jpg,0.058306630700826645,0,0.5
08d01094-a860-4154-9bdf-4edb1f7b4cfb.jpg,0.00041710754157975316,0,0.5
08d8ee2b-a79a-41da-adc8-2cf4dc71eb69.jpg,0.003502498148009181,0,0.5
08ebdb66-4030-42cf-a446-db1ab2e2af4a.jpg,0.00013245057198219,0,0.5
08eea28c-75a4-4d16-a5db-893fdc2d181f.jpg,5.9684502048185095e-05,0,0.5
08f33928-f5e6-48b9-b66d-68fe92c86d20.jpg,0.04281679168343544,0,0.5
08fd86d2-5a69-47d3-bf97-c655d2479c09.jpg,0.6643049716949463,1,0.5
08fefe4a-b6d8-45ca-a87e-0a97d425a13c.jpg,1.091620674742444e-06,0,0.5
0906a346-ae02-4472-a30b-ec72edc38ce8.jpg,9.93528010440059e-05,0,0.5
0907223b-d3be-4090-8adf-061c21be6f7e.jpg,0.7663835883140564,1,0.5
09097f53-a01f-450b-8223-b24ceecc744a.jpg,0.01672472059726715,0,0.5
090bdbe2-6316-4823-ab43-ae80c9e7adb1.jpg,5.0575028581079096e-05,0,0.5
09153dc2-93e5-4e7b-8f7d-d61e8ad4b2e7.jpg,0.0013341079466044903,0,0.5
091710d0-d344-48e5-84bd-4e8fce24ad3d.jpg,3.416442041270784e-06,0,0.5
09193e2f-6c55-4904-b700-b8f5dd6538d0.jpg,0.004547773394733667,0,0.5
091f194d-ad2f-4670-85b6-5cb7b0e6710f.jpg,0.007307453081011772,0,0.5
092c219e-bb61-4995-9341-619585f559c5.jpg,0.006107482593506575,0,0.5
09397b9e-d0d0-464b-8b43-a011c86bac0e.jpg,0.00018651204300113022,0,0.5
09410a04-4d0f-4755-ac25-b91b721836c3.jpg,3.4656888601602986e-05,0,0.5
0947bb20-b98a-47c0-93bd-4852bb02172c.jpg,0.00010297575499862432,0,0.5
094914d2-6c04-466c-9f40-8c98202c760d.jpg,3.7911302541715486e-08,0,0.5
096e2f0f-bc94-46b9-afae-e095ea7452b0.jpg,2.1499665308510885e-05,0,0.5
097d001d-5444-4eb2-95c2-7adf757fc25b.jpg,1.2250020442472476e-10,0,0.5
0981d7d0-87a8-43aa-a4d4-d8c0a9b57c55.jpg,0.00218241848051548,0,0.5
09928ad5-8f06-419b-9efd-858f6548d4bb.jpg,1.6364776911359513e-07,0,0.5
09a7032c-2149-4d1a-8d33-396f33e40d7d.jpg,0.8225123882293701,1,0.5
09ace69c-ecdf-4220-abdf-399b4f0905ed.jpg,1.297167159464152e-06,0,0.5
09af1232-c9b9-41b8-bc2c-c989f0506a31.jpg,7.257614197442308e-05,0,0.5
09b4514b-4e2a-483a-a484-7c57bada40ce.jpg,0.010473868809640408,0,0.5
09b5e241-75c8-49e0-b197-b1f1693a08bf.jpg,0.0022701371926814318,0,0.5
09bf9552-655a-42c6-85c4-3697bb1f75d9.jpg,0.0006736558279953897,0,0.5
09cce7ee-8831-4caf-904e-6e8fcc5ffbb5.jpg,4.806458673556335e-05,0,0.5
09d0e4ef-a88e-419b-8307-8f26eeff8990.jpg,0.00020556415256578475,0,0.5
09ef8c8b-4ea2-47f3-b35e-493ff17cf9c7.jpg,0.0005119354464113712,0,0.5
09f5ebdd-ee06-4935-9e2b-990608b797c8.jpg,1.2966053475338413e-07,0,0.5
0a0c3059-9c5a-4878-987e-c14c3383e138.jpg,2.2440201519202674e-06,0,0.5
0a11c862-2792-40b3-bc0c-4e43762ed7cf.jpg,0.026306038722395897,0,0.5
0a1c8377-2dd7-4940-8e70-4d18b5c7ab06.jpg,0.46581825613975525,0,0.5
0a23ea32-9927-493c-8fdf-ca639ac22d14.jpg,8.124090527417138e-06,0,0.5
0a2ad12e-1ea0-49db-90ca-d4c4fa6ad4d1.jpg,8.039348813326797e-07,0,0.5
0a2b0d21-d8fb-4742-80c8-88e0fc90cb9c.jpg,0.8405411243438721,1,0.5
0a2ff975-2128-431c-ba6c-4ded244392b0.jpg,1.3298608791956212e-07,0,0.5
0a39df75-9478-4732-9d32-c75fe0ecb38e.jpg,1.4748865396541078e-05,0,0.5
0a407c45-c633-4267-ba0a-3d4296fe5b92.jpg,0.011436289176344872,0,0.5
0a48f057-711b-44a3-9bdc-f0731355aa06.jpg,0.05029115080833435,0,0.5
0a4cb8b2-c401-4b2e-9275-60dd5e636268.jpg,0.00022141553927212954,0,0.5
0a5a03d1-8915-4419-ad4f-87614478cd5b.jpg,4.343339242041111e-06,0,0.5
0a5fe27c-9d3e-4cd0-a0a8-4372e843b480.jpg,0.07544854283332825,0,0.5
0a61ebe6-ed0d-4a04-878d-15a2a7705b09.jpg,2.7433770810603164e-07,0,0.5
0a74c3de-9df2-416c-a999-233eab16be54.jpg,0.00010303460294380784,0,0.5
0a8575ba-c2bc-4500-bf7f-a2e4c7f699db.jpg,4.0155745750780625e-07,0,0.5
0a91c800-30a7-41d0-8c03-b2869d56f75c.jpg,3.694529482345388e-07,0,0.5
0aa46799-6747-46d8-a1b9-4e47e90629eb.jpg,6.722107679518752e-14,0,0.5
0ab9da04-8f5d-49db-b05d-0fc212521988.jpg,4.020802953164093e-05,0,0.5
0ac5cf32-5833-42d0-ad42-9320afd3889d.jpg,0.056776583194732666,0,0.5
0ac8eec5-1375-432f-b6e2-c57e3ce7f44d.jpg,1.0310884590580827e-07,0,0.5
0acbe072-7437-4d68-92a0-b5201a8f2499.jpg,0.21860453486442566,0,0.5
0ace795f-0661-4130-abd7-88475187057a.jpg,4.777251660925685e-07,0,0.5
0ad68845-7ed1-4740-8ba2-b708caf11067.jpg,1.4824435901061861e-08,0,0.5
0ad7e71a-8cd9-4288-abc5-04253cdc1d77.jpg,6.992973908270805e-12,0,0.5
0aded5a4-76d9-4573-a176-5f51972518a1.jpg,0.22880469262599945,0,0.5
0af201d4-4117-4018-9a0e-27ba3e4741d7.jpg,0.07650940120220184,0,0.5
0aff9621-e5b4-4f70-963c-78ff488b6130.jpg,0.012322106398642063,0,0.5
0b0855a2-c564-4f8b-9e4f-2662b30ce277.jpg,0.005560833495110273,0,0.5
0b09baea-1bc1-4b38-bcf0-a39267a08d31.jpg,6.573504934825891e-11,0,0.5
0b0fffb5-b87a-4064-bbdd-cf70a6fffd7a.jpg,2.8593754905159585e-05,0,0.5
0b158163-fedc-4274-94d5-c18d5d32caae.jpg,5.98858562739224e-09,0,0.5
0b17825c-4dfc-47e3-9094-497a637fb45a.jpg,3.66170825145673e-05,0,0.5
0b19026e-24ed-421e-aaae-c5ce63d1d427.jpg,4.1128012640001543e-07,0,0.5
0b1ab432-b599-4a82-8587-acddf423caf0.jpg,0.12567555904388428,0,0.5
0b1d81d6-7bcb-4023-8a96-06da730e4619.jpg,0.028077546507120132,0,0.5
0b1da308-fbfc-42c9-ba50-d1ed12a641f9.jpg,0.019470883533358574,0,0.5
0b20d164-b86d-4b34-afab-c755abe20091.jpg,0.027481546625494957,0,0.5
0b251f1b-5d1c-46c5-9139-ee41991bd297.jpg,9.675134151621023e-07,0,0.5
0b2a0a13-7157-4d6c-bd2e-0b758af6d83f.jpg,6.885611219331622e-05,0,0.5
0b2e529f-89ff-4919-b5f4-7f08dc58cd57.jpg,0.003642752766609192,0,0.5
0b2ebb15-b834-42e5-8f87-725cf70372e0.jpg,0.31322669982910156,0,0.5
0b2f14e9-5e93-42eb-9d35-aa4a40bc0470.jpg,2.6177610834565712e-06,0,0.5
0b37930e-f71c-417e-b4c8-0879b919f05c.jpg,0.4787597954273224,0,0.5
0b3ad171-2e2c-43ab-bcc6-ac1778ab5b1a.jpg,9.155861069309879e-10,0,0.5
0b415c5e-82f2-4855-b790-11828404aa24.jpg,0.00044472681474871933,0,0.5
0b4d5feb-5040-4243-8764-68c26a6823d4.jpg,0.015161605551838875,0,0.5
0b4fabc9-be78-4541-8cc9-5e096fa2b76f.jpg,7.826083674444817e-06,0,0.5
0b573956-28ad-417c-8c94-421cca221ae6.jpg,2.3901111489976756e-07,0,0.5
0b6f0b79-fad5-4e5d-9096-788bd78485fb.jpg,0.0002597014245111495,0,0.5
0b748c9d-d388-451e-bd19-bae4394b0caf.jpg,2.06932444513086e-08,0,0.5
0b79b77f-13eb-4045-98da-0685a10d6c11.jpg,0.0020913630723953247,0,0.5
0b7a014a-89da-4805-bca5-db07976789ee.jpg,0.0017321142368018627,0,0.5
0b7f19c4-2e9f-46fb-a7ea-60067f6520df.jpg,0.010394145734608173,0,0.5
0b89b58f-1f6f-4cc8-a1c7-f6cb6439b2ae.jpg,0.08705715835094452,0,0.5
0b94c71c-39fd-4cd0-aaca-58d874ce6aa4.jpg,1.5116567908535217e-07,0,0.5
0b95b676-a8dd-4cf1-8c2f-d63bf7303fe6.jpg,0.008857227861881256,0,0.5
0b9ab7d6-d2fd-4cf7-a038-c23cab46b889.jpg,0.037218157202005386,0,0.5
0ba99922-574f-4976-9a62-b0ad0cf1b2e6.jpg,0.9614808559417725,1,0.5
0baad59a-9f75-4b37-a332-8a464d6dc702.jpg,0.007946072146296501,0,0.5
0bad2fb9-ef69-4dc7-a084-97077378c81b.jpg,2.7289539502817206e-05,0,0.5
0bb08280-8485-43e6-ab1c-4431725b1674.jpg,0.03025253489613533,0,0.5
0bb2be1b-128c-4607-9bf4-51767d906421.jpg,0.0024357233196496964,0,0.5
0bc94828-2fff-413b-a9f7-2f0d17e3858e.jpg,7.860629557399079e-05,0,0.5
0bd7ddfc-fc8d-4097-8fa4-6801860774d4.jpg,0.00020433501049410552,0,0.5
0bd81069-31fc-4cf9-b92e-c293f1a5eb0d.jpg,0.32206377387046814,0,0.5
0bdb3bc6-19bf-4c8c-871d-49ecc4c6b493.jpg,1.2507459814514732e-06,0,0.5
0bdb62e1-3d5d-41b0-a9b8-ec3577acb33e.jpg,3.2532066143176053e-06,0,0.5
0bdc778a-b95e-4b7a-8604-4fa63cdeaf6d.jpg,3.3845117286546156e-07,0,0.5
0be0dbb8-e5fc-4f4a-bf48-6b4b05f8ed3e.jpg,0.0007506415131501853,0,0.5
0be7c2e5-846a-4620-8b29-5b603263a7a5.jpg,2.4407734144915594e-07,0,0.5
0be9e383-e3f4-44b0-b9e2-09118b612a1e.jpg,1.700833571205429e-11,0,0.5
0bf76608-2661-43e9-a763-00e5f80a034e.jpg,6.309765012701973e-06,0,0.5
0bfa554f-e5e3-44a6-88c1-75569869cfc5.jpg,0.10825807601213455,0,0.5
0bfadb86-1b64-4521-b2d1-dccd158af2c5.jpg,0.0007556274067610502,0,0.5
0bfdb29f-fb06-47c2-b6c0-42f46d5d8e56.jpg,0.0005362331867218018,0,0.5
0c020cec-89e0-4ada-8c1c-76a28dd5c714.jpg,0.006300103385001421,0,0.5
0c132838-10b4-4ef8-b1fc-801fb3928921.jpg,0.0004056797770317644,0,0.5
0c26b589-4f18-41a7-bc58-fafb95e59673.jpg,0.3388155400753021,0,0.5
0c395cfc-1154-46c4-b440-8956f67aab6a.jpg,0.009202759712934494,0,0.5
0c3bdbbe-6c82-439e-a19b-32b35c7a5d61.jpg,1.793968884555852e-08,0,0.5
0c57b3c0-6717-47cd-bc30-8c4b5cd81f08.jpg,9.182535904983524e-06,0,0.5
0c594fd0-2313-4c40-81e2-7133a903e459.jpg,3.633036158134928e-06,0,0.5
0c5e5431-b459-469e-a8ec-7d6919450215.jpg,3.874543835991062e-05,0,0.5
0c61a0bc-5763-4a73-8963-472543bfd040.jpg,2.9643342713825405e-06,0,0.5
0c631463-8fc3-473a-aaa3-0438099d2172.jpg,2.0332797134869907e-07,0,0.5
0c6a53dc-05d4-480e-acfe-8df0aa3ae2b9.jpg,4.2735948113659106e-08,0,0.5
0c723403-dc82-4d52-85a3-bc63df7ebef3.jpg,2.7640877306112088e-05,0,0.5
0c7d674e-df2c-4f92-bf6a-cf80291b8f73.jpg,0.0004523385432548821,0,0.5
0c81557e-dab1-4dc7-b58a-57f154152801.jpg,5.771083579020342e-06,0,0.5
0c8dcc75-1011-44fc-8089-c33510533797.jpg,0.043054305016994476,0,0.5
0c92f7c9-c106-4430-842a-b04bdec539a5.jpg,1.3753494840784697e-06,0,0.5
0c96296e-f3c4-495d-955e-4ac00d473689.jpg,1.1304256986477412e-05,0,0.5
0c97448f-1ca5-409e-b255-ab51d607769b.jpg,0.0011367232073098421,0,0.5
0c9b0010-e3a5-4de5-abba-129332b61de1.jpg,0.010185045190155506,0,0.5
0c9c6f1d-291b-4eec-8a94-63ef41c51f8d.jpg,4.0306449733407135e-08,0,0.5
0ca9439d-e43e-43c7-aa98-3d2b385ff29d.jpg,0.0517040491104126,0,0.5
0cb06099-550d-4c78-af4a-8521c6782d7e.jpg,4.0452250686939806e-05,0,0.5
0cb0d2ac-f72a-4e92-a187-18c84181eff9.jpg,0.0009101896430365741,0,0.5
0cb12f60-accc-4bc0-9086-6f65e26268ed.jpg,0.000721295305993408,0,0.5
0cb47f3b-0f6d-4ff4-ac96-b0f041fac3f1.jpg,7.033464498817921e-05,0,0.5
0cb6c391-96ed-4442-bc59-9b8e87374d68.jpg,1.0178962384088663e-06,0,0.5
0cb8f032-8527-4ac4-b54b-8eb0efba2336.jpg,1.401486002805541e-07,0,0.5
0cb97e90-72cc-447d-8ff2-79d31fe74e16.jpg,0.00012993862037546933,0,0.5
0cbb84d1-c77c-41e6-81c1-258a733d4f48.jpg,1.836590854509268e-06,0,0.5
0cbc7fa1-9b64-40ff-9107-903548af29bf.jpg,1.5370340406661853e-05,0,0.5
0cc71bd4-14fd-4d46-8565-ec3e63fb0348.jpg,0.01904073730111122,0,0.5
0ccc95e6-e2c2-4fc0-8f30-a4a636a0646d.jpg,0.00017164534074254334,0,0.5
0ccd690d-d632-4824-a5b3-1ccb3165e562.jpg,9.161735761153977e-06,0,0.5
0cdb27e0-98d9-4087-934f-88ae71949f5e.jpg,0.010503889992833138,0,0.5
0cdc2169-de7f-470d-bdfa-abee8807edaf.jpg,4.840862288801873e-07,0,0.5
0ce8b667-75f5-45ac-98b9-2d530d4deb45.jpg,0.6196587681770325,1,0.5
0ce918db-ddf2-49d9-b28c-180163945274.jpg,0.01074614655226469,0,0.5
0ceb4cfe-3622-4f25-b198-0ba7267e5f64.jpg,0.020671920850872993,0,0.5
0cebdfd3-459e-4e5f-ae39-91e0fc5fc4be.jpg,9.925015910994262e-05,0,0.5
0cee7cf7-6d8f-4bdd-a0e1-d08ee8751fc6.jpg,0.0005485581932589412,0,0.5
0cf31b59-4864-4656-a677-4dd0e754f31b.jpg,8.75178593560122e-05,0,0.5
0cf50ff5-bc05-47aa-992b-f74d82f652ef.jpg,6.624572557178965e-10,0,0.5
0cfbd6a5-9df2-4c6a-bc3c-e89c411f3b30.jpg,9.544020576868206e-05,0,0.5
0cfec640-1827-484e-b3fb-e70e7f9cf8d9.jpg,4.6836763090141176e-07,0,0.5
0d01d48b-e627-4a92-a845-f67f0ab802f3.jpg,4.6720529667254596e-09,0,0.5
0d032add-ae07-4846-acc0-c8758b283db4.jpg,0.00017431563173886389,0,0.5
0d113dbb-c047-47ed-a946-20c3d62333c6.jpg,1.5569119682368182e-07,0,0.5
0d11dd41-966e-4fd1-80a0-5161fcc9270e.jpg,3.3624866091486183e-07,0,0.5
0d138027-80c3-460a-91ae-e88bff3d14d6.jpg,5.558582643061527e-07,0,0.5
0d186ba8-4efa-4022-8da3-930c4243e40c.jpg,0.5759775638580322,1,0.5
0d1ceb43-0be3-4500-996e-62d002aacd5b.jpg,0.08283073455095291,0,0.5
0d25b6c0-0575-44f2-8fa5-14e7bbf62077.jpg,0.005091811530292034,0,0.5
0d2651cb-8a53-4754-a231-d2c40f70e16b.jpg,0.26552680134773254,0,0.5
0d453bf5-28e9-47ce-837f-d454f5955fad.jpg,8.726875967113301e-05,0,0.5
0d47ad6c-572b-44b7-ac95-1ae3cc0aa496.jpg,0.005793510936200619,0,0.5
0d4effd1-9015-43ed-9e2d-2d40d6d8e67c.jpg,1.7650783945555304e-08,0,0.5
0d51e6bb-513c-486d-826f-610d7718b657.jpg,8.879088272806257e-05,0,0.5
0d59a84f-a06e-444a-ab7c-b0b387e3ce17.jpg,3.797832093255238e-08,0,0.5
0d5f35fc-c6e1-497c-92f7-c529b3ab1265.jpg,3.999339170945859e-08,0,0.5
0d62f982-70fb-4b0e-bfa4-bdae21ba1305.jpg,0.0031112160068005323,0,0.5
0d63bc91-bb5c-48b2-9596-085b83d65dd4.jpg,7.02041870681569e-05,0,0.5
0d688f61-5c51-4fb4-bd47-71956cdac3c7.jpg,3.847821972158272e-08,0,0.5
0d69c934-4208-43c8-a9cb-e9189fd16971.jpg,0.0007408020901493728,0,0.5
0d8679d2-d800-45a9-96dc-4415ed9d92ba.jpg,0.00024814443895593286,0,0.5
0d988d72-6621-4705-a82c-aef5f796a176.jpg,5.690934876123599e-11,0,0.5
0d993644-7141-4b56-901d-fca5859a8920.jpg,0.006157294847071171,0,0.5
0da94fbe-dbed-4ce2-9502-fc34e41eda73.jpg,9.788038005353883e-05,0,0.5
0db06fbb-51e4-4641-be16-6b5552614b1e.jpg,0.004456771537661552,0,0.5
0db553bd-eb55-49b8-a8f5-3c70895ae99c.jpg,0.00032947672298178077,0,0.5
0db7a0d6-b62c-443f-807d-78a64c9ab5ba.jpg,8.251942927017808e-05,0,0.5
0dcfb75d-2073-49df-89c2-05d9a2f4ac1c.jpg,2.7584696908888873e-06,0,0.5
0ddb4c8f-dda3-4584-9df7-6928edcc903b.jpg,1.387614911863011e-09,0,0.5
0df0125b-608f-4355-8683-35a4ff2e16e0.jpg,0.024680422618985176,0,0.5
0df37c94-970f-4f37-ba8e-f3b13a1cecb5.jpg,5.1436122028292175e-09,0,0.5
0dfaa13e-5b06-48c3-98af-304dae9f0e85.jpg,0.4782150089740753,0,0.5
0dfdcf83-8998-43c0-ad67-ce0470724ec1.jpg,0.05599161982536316,0,0.5
0dfe0850-1e60-49bb-8aed-e51dabbda5f3.jpg,4.532740422291681e-05,0,0.5
0dfeb1b6-805b-4bc0-ab8d-d398568f17de.jpg,1.703725320112426e-05,0,0.5
0e193660-0141-44fd-a61d-977c6098b3ce.jpg,0.0001463286898797378,0,0.5
0e1c3761-04a2-4d14-acdc-659faef6b507.jpg,5.82861758857689e-10,0,0.5
0e2c3c7b-07d5-4d39-8ff3-b9bc942409ad.jpg,6.69171953404657e-08,0,0.5
0e2fde77-3e27-499f-b934-0c374eebd779.jpg,6.570106961589772e-06,0,0.5
0e2feb61-388c-4ead-ab58-e9a49fdc0127.jpg,0.009787507355213165,0,0.5
0e3503cb-f0e1-4936-a184-981577d44545.jpg,0.7712255716323853,1,0.5
0e370cfb-c257-43dc-89d3-6995c4833ceb.jpg,0.017451148480176926,0,0.5
0e378920-0a62-4723-9ea6-b23162988318.jpg,1.9166571291862056e-05,0,0.5
0e3fa8aa-bb45-43c2-bf21-560f77223fbb.jpg,0.00011693918349919841,0,0.5
0e515e3b-e3d7-4de7-a11a-8d2a25ede68c.jpg,0.013929166831076145,0,0.5
0e68b634-ca56-449f-993d-757a36a40830.jpg,0.0135180139914155,0,0.5
0e84d498-1104-4829-80a7-91129f4e2ee4.jpg,0.0041378275491297245,0,0.5
0e84e8ff-8c2a-40bf-bddd-9125eaacf1a3.jpg,7.176633971539559e-07,0,0.5
0e8f45e2-02e8-4e36-b449-b6e1c426819e.jpg,3.779253893299028e-05,0,0.5
0e98f1c1-e416-4b6f-b4d4-40f0903adeba.jpg,1.0639739230100531e-05,0,0.5
0e9b814f-0035-4c6b-8836-38d955fd77be.jpg,0.0007940665818750858,0,0.5
0ea4909c-bb1c-4152-af19-6600f105dde3.jpg,0.014293518848717213,0,0.5
0eb7d703-c81b-42b0-b76f-c6e7b7827006.jpg,1.1162209148096736e-06,0,0.5
0ec95f16-32a7-47c9-bb5c-f45faf1376da.jpg,4.505566408852246e-08,0,0.5
0ed6e6a8-0f63-451f-ad7a-d3c30fb31f87.jpg,0.0007165673305280507,0,0.5
0ed8f19f-e82d-4f6a-9b73-af44d0bb6d3c.jpg,0.00024241652863565832,0,0.5
0edcd0ca-85e4-4306-87df-d34a1a5b5f86.jpg,3.2445328201902157e-07,0,0.5
0edeb1f1-c40a-4707-b799-9edea9ccb9f8.jpg,1.3823120070810546e-06,0,0.5
0ee4dc24-6554-4dde-8acd-a93738accc1a.jpg,4.767436667663105e-09,0,0.5
0ee9749f-eb84-4616-a276-ce5742c1253b.jpg,6.912609933351632e-06,0,0.5
0efd573c-4e2b-4f06-8190-3777840a9b14.jpg,0.0003506604698486626,0,0.5
0f02bf3a-9503-4367-92fb-37197a1472e2.jpg,0.008885269053280354,0,0.5
0f178b5b-6cd3-4c44-8a6b-61b15f4d5095.jpg,0.0016943225637078285,0,0.5
0f1a8e3c-7a26-4cb0-8c2a-f402d26edf2d.jpg,3.0218117899494246e-05,0,0.5
0f1b8bdb-098a-46fb-bba6-ba090b5434ba.jpg,0.000745857716538012,0,0.5
0f2244e1-7668-413b-b4bf-10b7cead4239.jpg,6.635004297095293e-07,0,0.5
0f2e819b-5771-48b5-82d0-d5e6599f32af.jpg,0.024632619693875313,0,0.5
0f2fdc66-4796-414a-8a34-ca402c7110e7.jpg,0.002037622034549713,0,0.5
0f3dbb3c-8020-4179-a71c-ab100638bfb7.jpg,1.241380687133642e-06,0,0.5
0f3eecf6-3579-41f9-bc95-8552c603bc58.jpg,1.697582341364523e-08,0,0.5
0f40202c-f4ef-4051-9503-c9150ed750ab.jpg,1.1093530608019542e-11,0,0.5
0f4a69d1-08b5-4acd-9ff2-3ec7d6e69d4f.jpg,4.0117242861015256e-07,0,0.5
0f4cf5f5-b104-4f95-932f-1a0f8641d376.jpg,1.6162203797520647e-09,0,0.5
0f4e5bef-a522-43b3-af3d-0db488c8507a.jpg,2.3160208002082072e-05,0,0.5
0f56425e-6ac0-4f93-b20e-82914e013547.jpg,0.00037306189187802374,0,0.5
0f567949-a6ca-47a1-b8e8-4ed9a6684a43.jpg,0.004484095610678196,0,0.5
0f5acd94-c58f-4d29-8ed1-0625d1109067.jpg,3.657945057966572e-08,0,0.5
0f6235ca-2d3d-415f-a7ed-8adba8f649ab.jpg,0.09266521036624908,0,0.5
0f65169f-b90b-4f78-8876-d3d033bc06eb.jpg,3.043073320441181e-06,0,0.5
0f6766e7-a1d2-4beb-8814-238fbca5bec6.jpg,1.231908441923224e-08,0,0.5
0f6ff081-b7c8-476b-802d-660862b0a66c.jpg,8.372796855837805e-07,0,0.5
0f79fe9e-edac-46ef-a0a0-401360223e7b.jpg,0.5520675778388977,1,0.5
0f7d156d-014b-4afd-919b-6deb85499016.jpg,0.10905946046113968,0,0.5
0f931fe0-1a81-4c8c-8cd0-3974ca2d39d8.jpg,0.00011146639008074999,0,0.5
0f9a35b6-d1eb-4fb5-acf3-d348e82db596.jpg,0.017682109028100967,0,0.5
0f9e890f-1cb0-4905-80c5-097689997f4a.jpg,0.005141662433743477,0,0.5
0fa9f9c6-0d66-4fd6-b5af-2fbd54de0627.jpg,0.0008570302161388099,0,0.5
0fb933fe-cede-4b1c-a988-14986b849ee4.jpg,4.955006079399027e-05,0,0.5
0fc1a225-0590-4f85-9bc6-23d11f2c75b5.jpg,6.639721959800227e-06,0,0.5
0fc36a69-e1b9-46fd-abf5-90237ab43bc2.jpg,1.650225414095985e-07,0,0.5
0fc3dccb-ce30-46a1-8d71-ce598a306c55.jpg,0.20216797292232513,0,0.5
0fca5c29-35a2-424c-b480-837b99961ed8.jpg,0.00225160107947886,0,0.5
0fdddbe3-59fa-43e9-af0f-95295967dfef.jpg,0.36857420206069946,0,0.5
0fe9feff-4cd5-4bb7-a78c-ae418e190067.jpg,0.017335036769509315,0,0.5
0ff08850-1288-449f-9d44-74975c848c16.jpg,0.0005441551329568028,0,0.5
0ff3ea00-f45f-4925-93f4-585eb7ab65ee.jpg,3.4731203868432203e-06,0,0.5
1002b8f7-3bfe-4c57-9071-8acba19d5a2a.jpg,0.00031666658469475806,0,0.5
1003ce81-4050-47a2-9aa6-ec02e50e04b6.jpg,0.0004989205044694245,0,0.5
1007af1c-d4fd-4555-a02d-b48816efcae6.jpg,0.013757957145571709,0,0.5
100ab130-a50f-4248-950a-314b8a9e1d39.jpg,0.012594717554748058,0,0.5
100ccf81-c62c-4bea-a684-a4a14bd9b5d9.jpg,8.751706997989217e-11,0,0.5
1017d664-533b-439a-a456-8e54b44f924e.jpg,2.881965201595449e-06,0,0.5
1021e72c-9a6b-4922-bd17-2bb78d4d8eab.jpg,0.09309765696525574,0,0.5
1030be72-e331-412c-a425-045877243ceb.jpg,4.195086589220409e-08,0,0.5
103a67c5-617e-4227-9e81-7c805ba8b69f.jpg,0.00284390221349895,0,0.5
104f3f82-d4bb-435e-93b8-6a4ba47bdb74.jpg,0.0008502747514285147,0,0.5
105d867b-0f37-4e2e-8c71-9f5b7a67be56.jpg,0.0016907823737710714,0,0.5
106c6ee6-4b3a-4283-b4b0-bb7c597c3261.jpg,2.048111680252873e-09,0,0.5
10719471-1fb8-47ac-8eb7-6c1b09b868b9.jpg,0.0021181784104555845,0,0.5
1076167f-996c-4869-9380-de34e83a6d09.jpg,0.000654414645396173,0,0.5
107e8d25-286b-4bcf-bc33-4f360110736b.jpg,1.2385780792101286e-06,0,0.5
10855a16-cf91-4e5b-81a2-ec9cd9056af5.jpg,6.214023073880526e-08,0,0.5
10884bde-960f-44db-90a1-eb83269378f1.jpg,0.009943654760718346,0,0.5
109ce630-1d94-4875-9167-d7e38d531236.jpg,0.004861810710281134,0,0.5
10aef7c1-5e05-447b-9da9-b18273b6a902.jpg,0.001306268386542797,0,0.5
10afabd4-dc6a-46d5-8dde-fc1d622dbcbe.jpg,1.3484774408212274e-09,0,0.5
10b5baaa-927c-4637-af82-ca8f21adecc7.jpg,9.487167744737235e-07,0,0.5
10bc6369-2286-45b8-ad2c-1608f5bdd540.jpg,0.0001121435925597325,0,0.5
10c1391d-e285-46e6-b71b-eb68c84c992f.jpg,0.05008614435791969,0,0.5
10c64634-2ad5-4c7f-b19b-e6009f406593.jpg,1.5448104022652842e-05,0,0.5
10dc2743-2360-469a-9257-da8d4a65053d.jpg,1.281342701986432e-05,0,0.5
10e06550-ee5e-4776-a45a-5ac1581d48af.jpg,0.0001882154610939324,0,0.5
10ece11a-76f0-4042-a395-8a231fb65587.jpg,3.6374456158227986e-06,0,0.5
10ed7949-343c-4f9e-930c-2b92854ac3a1.jpg,0.0001115798659157008,0,0.5
10f36c48-9a53-4e24-9d1c-35d86065ab53.jpg,8.620863809483126e-05,0,0.5
10f859b8-7a93-42ea-a9e4-eab4358c99a3.jpg,1.3641462828672957e-05,0,0.5
10fc6d75-0ea3-4c4a-975a-56abd7204011.jpg,1.9439116840658244e-06,0,0.5
1109c9e0-15c0-4a39-930d-22dd18be1f6a.jpg,6.673784082522616e-05,0,0.5
1119b0d5-2a5d-47b5-8cf3-20e27b3fdfa0.jpg,7.0607293309876695e-06,0,0.5
1129e2b9-3faa-48d2-8546-a89c95586441.jpg,7.122277111193398e-06,0,0.5
112bee8c-7318-4b4b-a9b4-aca5b20c27e1.jpg,3.451992540703941e-07,0,0.5
112d4328-f777-4d70-8071-ad7ec5691709.jpg,6.038430342414358e-07,0,0.5
11380bfa-8a52-4923-9e40-67d4edb46854.jpg,0.00014493988419417292,0,0.5
1149874e-d646-410c-bcc3-084b85208fd5.jpg,0.0853906199336052,0,0.5
114ea056-3f8d-4bc3-95b5-cf75a6c34a50.jpg,0.0016874454449862242,0,0.5
1150d97d-651f-43dd-b39c-e97339d88dd0.jpg,8.903959951567231e-07,0,0.5
1161a18c-4265-4342-8a26-1d0ffe0343b8.jpg,0.36838969588279724,0,0.5
11663a77-b4e0-4053-beea-5b23f133870b.jpg,8.258825801021885e-06,0,0.5
117d5d57-d422-41e6-8756-2aa7531799ed.jpg,0.002274066209793091,0,0.5
1180b4b1-e27a-4133-b957-b7a1cbd18df3.jpg,1.6751091607147828e-05,0,0.5
118c697f-aecf-450b-86c7-57e0171769de.jpg,1.2528624893093365e-06,0,0.5
1198766c-de5b-472f-a1f5-6541741dced7.jpg,4.762009382375254e-07,0,0.5
11b38898-b6f4-4ea6-986a-66c4afa57aba.jpg,0.0001295781839871779,0,0.5
11b48e18-f140-46e7-a636-31b5322d1d8e.jpg,0.4809041917324066,0,0.5
11c9eb97-20e7-4376-9b46-9737625cc7b3.jpg,2.5776575318658956e-10,0,0.5
11e6c5f6-5011-43db-a2d0-23927c602dd4.jpg,0.00020113069331273437,0,0.5
11eed19b-757a-48c9-a10d-2b2b005451d4.jpg,7.68940935813589e-07,0,0.5
11effae9-fdf0-4459-b7ce-4ca6620432b4.jpg,8.61534310558909e-09,0,0.5
11f0c7a2-fc72-40f0-92e6-e5d38d6a44df.jpg,9.591313983037253e-07,0,0.5
11fd177d-aa2c-489a-86b4-e75cf4316cc5.jpg,5.975600902985434e-09,0,0.5
11ff5efd-2eca-4e94-b6e0-de775bbe53c7.jpg,2.308401292339113e-08,0,0.5
12021e46-ad7c-465f-aa6f-d5d07f76c4e3.jpg,1.0905774061598095e-09,0,0.5
1208daa1-b8bc-4b5e-93cb-49ab7290aaa9.jpg,0.12725667655467987,0,0.5
120bd323-0eb2-40dd-824b-e609d3304875.jpg,0.5669500827789307,1,0.5
1210e1e6-4207-4b43-ba4a-aed016c2705f.jpg,0.00024222776119131595,0,0.5
12194d59-2d08-4ce9-bff5-37d4ca97889c.jpg,0.6012001633644104,1,0.5
12252c85-7a60-42b2-a2fb-fa820b2ec89e.jpg,0.0008863976108841598,0,0.5
1225e7be-9bb9-4337-b2fe-05718d70e5d0.jpg,0.0007388970116153359,0,0.5
122ead33-eca9-4d2d-bfcb-d74712c69c84.jpg,0.02643074095249176,0,0.5
12302299-90b8-4145-8244-b72f5bf866c8.jpg,5.6103210226865485e-05,0,0.5
1238f587-80ec-4fea-894c-6a45e1fe2f17.jpg,0.03391111642122269,0,0.5
123e26cf-4c61-4c9c-88fc-2bcad6b5ec8c.jpg,0.07082676887512207,0,0.5
125e1744-3d7f-4b0e-ac15-559b44883875.jpg,5.007981599192135e-06,0,0.5
1264f088-f185-448a-b6d3-613485fd56b9.jpg,0.015523545444011688,0,0.5
126af3fc-f90f-48f3-9c72-853b0d805afa.jpg,9.071688691619784e-05,0,0.5
126fcedd-02f8-4e7f-b1ef-fd90e491698c.jpg,0.0019992655143141747,0,0.5
12800e6c-73d3-4e00-b02a-e67fc08bd39b.jpg,0.002001861808821559,0,0.5
1298d608-9519-426f-a772-2197dd16f730.jpg,0.0007815549033693969,0,0.5
129970da-2343-4fd6-9726-da4a5275c49c.jpg,0.00031236917129717767,0,0.5
129b0ef3-fac2-45cd-b3fa-c27a13faee76.jpg,0.02718299999833107,0,0.5
129d1c68-c36e-4527-b2b8-7b13ba20b8a6.jpg,6.201620883494741e-10,0,0.5
129e89f1-8bea-4408-8896-eceb742ba18b.jpg,3.4860754567489494e-06,0,0.5
12a37020-e34d-488d-be01-bb55ce0f79be.jpg,0.0011239134473726153,0,0.5
12a64af5-4f8b-4601-9b39-77fb006bd8a7.jpg,8.736006407161767e-07,0,0.5
12ae2649-941a-4814-8cee-418afe56848c.jpg,0.0009059207513928413,0,0.5
12b0f500-1262-4a33-84cb-7ec58a3115c0.jpg,6.448834028560668e-06,0,0.5
12bec1a4-c350-4226-85a8-50ac313f96be.jpg,9.32636103243567e-05,0,0.5
12c77555-502c-48f6-bfa7-17d8eff04f47.jpg,5.252343351913602e-11,0,0.5
12dc84cf-670e-4e5b-94dc-4fff76158c8a.jpg,0.030622165650129318,0,0.5
12dcec11-d3ba-4728-90a6-fe5096863cb1.jpg,6.122124432295095e-06,0,0.5
12ddd017-5c35-46a6-91b4-d9e9e5eaed16.jpg,0.32535919547080994,0,0.5
12ec0826-2fb3-40ff-8685-a4c0680f1734.jpg,0.02340349555015564,0,0.5
12ed4db5-3893-4191-a928-29546abdf212.jpg,3.183963417541236e-05,0,0.5
12f3df6e-cea8-4f42-b17f-664f3d3b00d6.jpg,2.272648998769e-06,0,0.5
12fbdce4-3143-409e-9939-bec5758a635c.jpg,0.00038402382051572204,0,0.5
12fc22fb-2022-4f70-80fd-b323fd33a2b6.jpg,2.6194209468144436e-08,0,0.5
130ada12-414c-43ea-9c2a-03c5bab8d43a.jpg,9.962850162992254e-05,0,0.5
1314886a-907b-4914-ba47-bb3915a48222.jpg,0.000906728149857372,0,0.5
1317e588-b370-4ca7-b7a5-2ce4e4292d3c.jpg,8.912055818655062e-06,0,0.5
133f38af-c665-4f3b-a5d1-d6dd15d56c4e.jpg,0.00022010714747011662,0,0.5
134846f3-568e-47c4-83c1-451515ebe580.jpg,8.19813994468177e-10,0,0.5
13486c6a-243d-4f47-9964-5b1927087966.jpg,1.4551718777511269e-05,0,0.5
134af362-68a4-4718-b303-f6e86a98881f.jpg,0.00024886117898859084,0,0.5
135a48b6-c7fa-4b52-a4a9-d9a93ba1a526.jpg,5.5050200899131596e-05,0,0.5
135cf69c-4694-44ec-ab24-6c7adc2b681a.jpg,0.00040992017602548003,0,0.5
13764ce1-950d-4520-86a3-e73706cc777a.jpg,0.0001822183548938483,0,0.5
1377cbad-58ba-43f0-a33e-57bb70f35094.jpg,0.0005168727366253734,0,0.5
137b7968-fc10-460b-af44-05dffaf8ee7a.jpg,2.279745103805908e-06,0,0.5
137be6ef-1099-41f8-9661-a2c58685a074.jpg,0.00019168500148225576,0,0.5
137d743a-8097-4624-a0d6-de29c99ca934.jpg,0.0046097347512841225,0,0.5
1390ea6d-78e9-4f23-a21f-ad24dd742c68.jpg,2.952503382402938e-05,0,0.5
139a4ed4-17d7-4473-ad44-bb6d8f67a639.jpg,0.019038429483771324,0,0.5
139da4c4-9125-4e49-a84e-1912c518e0c5.jpg,0.745618999004364,1,0.5
13a270e7-ebf8-4135-8a45-29602ec14056.jpg,0.0006194247398525476,0,0.5
13a6b9b0-8b6b-419d-b46f-b2795bc31cfb.jpg,0.02378029376268387,0,0.5
13b371f5-53b3-4f81-9b6a-e44740a2e2f3.jpg,2.453310116834473e-06,0,0.5
13b3d12e-01ed-4003-9d59-f2f70196c48f.jpg,5.356575627502025e-09,0,0.5
13be3510-5827-4557-a9ff-83aa3938a4e7.jpg,0.007132962346076965,0,0.5
13d69838-6114-45f5-8e73-528281771e99.jpg,4.9470745580038056e-05,0,0.5
13da0dbc-bffc-4e6f-8ff0-2ecb71e2d7ad.jpg,0.0012114333221688867,0,0.5
13db0160-4a7d-45af-a5c2-d5a0692d3983.jpg,0.0022469114046543837,0,0.5
13e338bf-d86a-478c-bf01-f0994915567d.jpg,8.798264389042743e-06,0,0.5
13f10095-801e-40b2-b17e-61ca45bda2ca.jpg,3.6328349324321607e-06,0,0.5
13f661a6-9cc4-4667-9058-2062f926e8b6.jpg,0.0040516783483326435,0,0.5
13ffba54-ea7d-4755-a759-096a0b475425.jpg,2.527362812543288e-05,0,0.5
14041522-4d6e-4cf9-8e49-059d017930fc.jpg,1.9855624486808665e-06,0,0.5
1417bd8a-41de-4f2c-8f5d-d31f513c041b.jpg,0.0007673560758121312,0,0.5
1417d3ff-2d68-4a3a-9df1-029231fab288.jpg,8.591729852014396e-07,0,0.5
142c9828-04f1-42b7-908b-8ccb6994e151.jpg,5.149057291653492e-10,0,0.5
14310505-1d0d-482c-91cf-6aaed3aadff2.jpg,0.0011487154988572001,0,0.5
14430e06-54ac-4e76-9655-8fd9b7d89cef.jpg,1.0077073056891095e-05,0,0.5
14447ad2-c983-49a3-892f-11a6123182e5.jpg,0.1017436757683754,0,0.5
1445aea5-fa69-44b9-a3b8-c507da151f7f.jpg,0.010128723457455635,0,0.5
14520569-2cf7-47ef-bea7-a217a367316f.jpg,7.546280471615319e-07,0,0.5
1452c0e8-f7c1-4f80-a0a1-6c5191df37df.jpg,0.00462709553539753,0,0.5
14615d4f-af48-40be-bf0c-2d2c76b75044.jpg,0.19641953706741333,0,0.5
1462aad5-08f7-49fc-8603-03ebb192acd0.jpg,0.0020355747547000647,0,0.5
1463f299-7fd2-4e63-9c97-946bc3ed88aa.jpg,0.0016935300081968307,0,0.5
14664aaf-dc28-4f89-8397-5d6ed34e8980.jpg,4.836445805267431e-05,0,0.5
14680682-3cee-4624-b1bd-d170c4e8183e.jpg,0.0003760356630664319,0,0.5
14764fba-7ba5-437c-bd96-c6144086a809.jpg,0.00048339657951146364,0,0.5
14774b2d-cdc8-463e-a55b-54a8eb2e3baf.jpg,0.010522759519517422,0,0.5
147b7afd-d264-48c3-ae2c-84e195b6ff2d.jpg,2.060667370074043e-08,0,0.5
147e249f-1324-470b-8aae-f8ad0890723c.jpg,2.8648644729400985e-05,0,0.5
147fba21-f514-4642-8739-6f13da202a7a.jpg,4.6021094135539897e-07,0,0.5
14913491-b5b9-43af-ba9c-d627a9f4a70a.jpg,0.0004779028531629592,0,0.5
1493bd10-dc78-4fbf-aaf9-d4c8d0a61a0e.jpg,0.2777361273765564,0,0.5
149babb0-ca72-462f-b8e0-e7c72e5d9def.jpg,6.581519329529328e-08,0,0.5
149c58e2-17e7-4d07-a6db-8c7f38f38cf2.jpg,0.007592064328491688,0,0.5
14a43c72-d0a9-48fe-8731-3531ed6c3d68.jpg,5.1244983296783175e-06,0,0.5
14b3508a-8dd7-4d1c-a85b-f5bbfd02ca60.jpg,1.8167693738302404e-10,0,0.5
14c1f357-1379-4143-9f26-a47374cef420.jpg,4.787531793226663e-07,0,0.5
14c9ac1d-c982-4f45-9085-640c000e2c29.jpg,3.3107291214085066e-11,0,0.5
14ca2555-d468-4e79-8531-5c30eff62a9b.jpg,0.19646736979484558,0,0.5
14cb0caf-598c-4ab9-af3d-3f74a2bc94c3.jpg,0.07319872826337814,0,0.5
14cb56b8-5846-40f3-a482-58a7c8c1282f.jpg,0.0005676071741618216,0,0.5
14e19f19-2ddb-44ae-ab62-4a0db446594f.jpg,0.007835140451788902,0,0.5
14e2e8fa-4332-4e12-aec7-b09585bde93d.jpg,1.32013781239948e-06,0,0.5
14eddd87-43bb-4b9d-bedf-a4ab5aaa344c.jpg,0.001730594434775412,0,0.5
14f771db-f10e-4785-ae72-7ef74501c612.jpg,0.00034325895830988884,0,0.5
14f8efd9-67db-4512-8b57-0a8d3964c34b.jpg,2.8716169708786765e-06,0,0.5
14fd6da9-2205-4d34-8b7d-2e9e999045f5.jpg,0.00023238419089466333,0,0.5
14fe1ed6-2388-4582-aee8-1e4da2e0985b.jpg,0.00020571747154463083,0,0.5
14ff83a8-032e-4d16-b685-cd21b675cc8d.jpg,0.0050673880614340305,0,0.5
1500de06-00e6-43a1-9b92-076a79564046.jpg,0.004665155429393053,0,0.5
1500e4b7-3175-47c4-8a53-83b6af59efeb.jpg,0.0014059010427445173,0,0.5
150992df-147c-4704-a7d5-dff0aaf0d165.jpg,0.0006608699914067984,0,0.5
151afe9a-d482-432a-a278-936d5a58d81a.jpg,0.0011453261831775308,0,0.5
151ec638-090d-44f9-aed2-d8ab2d43be06.jpg,0.0004882041539531201,0,0.5
1528d01a-2a45-4801-8523-05f77a9ed110.jpg,3.6443722706280823e-07,0,0.5
152bd0ce-698b-4a15-ae54-88d3efee68a1.jpg,6.333964602811548e-11,0,0.5
153150ec-5749-4fa8-98bf-d4545ebb7da1.jpg,0.0005242879851721227,0,0.5
1547b794-6619-4407-8308-518d4aeab3ca.jpg,9.580768528394401e-05,0,0.5
154801a3-5f98-4d9a-b468-aaf0105d4bc7.jpg,0.0010753629030659795,0,0.5
154ba7fa-9bdc-4372-8f77-a3d81c2e3168.jpg,6.36791592114605e-05,0,0.5
1552dd19-339e-45a0-9d2f-77bf5afdebfe.jpg,1.1378541557860444e-06,0,0.5
1568a3f2-cfa2-4a98-9488-c6ac9763fd7f.jpg,1.2182999853393994e-07,0,0.5
156ab2fd-a670-4a64-bfdc-ac1ec46c883d.jpg,0.0008022953406907618,0,0.5
156d41cf-47e9-46da-b732-a1ac38701c7c.jpg,0.0035679552238434553,0,0.5
156e4029-3718-45a6-80a5-412b9ef1d9b7.jpg,6.38130495644873e-06,0,0.5
15704d5c-9d21-40d8-ba57-966fe287bc7e.jpg,0.0006713798502460122,0,0.5
15799b22-d184-4b20-8429-b6e8242645a9.jpg,3.7633041880520574e-17,0,0.5
157ad4fd-1613-42b9-bf96-51ae6387b43a.jpg,0.02246413193643093,0,0.5
15832cab-18a0-459f-99a6-d2a168712512.jpg,0.0001844900252763182,0,0.5
1591c930-c5b3-4da6-ab6b-2e0f1f0f4827.jpg,0.026373369619250298,0,0.5
15959c11-0b3d-4fab-b2fe-3cac42295fa9.jpg,1.5828503819648176e-05,0,0.5
159f5fd3-3a22-4a52-a144-8d669e01ace0.jpg,0.00012244493700563908,0,0.5
15a9dcd4-9a1d-4bf1-afe1-e4c3d6f639f9.jpg,0.0005042217671871185,0,0.5
15b04a97-3363-41f6-a1fd-59e04c352316.jpg,0.015252088196575642,0,0.5
15bef544-db8d-437e-99d5-d630a581e90d.jpg,0.0001219264668179676,0,0.5
15c5626d-7af1-4bc3-a5ea-41f434f4dd41.jpg,1.3187835268269055e-09,0,0.5
15d1ef42-7da5-4db2-b398-545826b607ad.jpg,1.043208271767071e-06,0,0.5
15d71ae1-420f-416f-91ee-09beb16c219d.jpg,3.3639213636860177e-09,0,0.5
15d78425-2c34-42bc-8158-e5389d280e08.jpg,0.053430523723363876,0,0.5
15d979fd-d885-4529-b006-73876f26bcf4.jpg,2.587510425655637e-05,0,0.5
15dd09db-c99f-40f8-af02-e36879d28f6c.jpg,0.0007034982554614544,0,0.5
15eb2004-cc7e-4f34-be0b-0c8bf49de31c.jpg,0.32665199041366577,0,0.5
15ed368d-d404-4466-94fc-31735c34e366.jpg,4.939080326948897e-07,0,0.5
15f7195a-8e18-44e7-b25d-fc1f648d3ff5.jpg,0.013001935556530952,0,0.5
15fc3497-3749-454b-b1bd-9391b6f31c81.jpg,0.00439932756125927,0,0.5
160de407-7be5-4449-b656-4317fb05717b.jpg,1.1004194888641905e-08,0,0.5
1617435e-50e5-482c-8bf0-4df7b111e649.jpg,6.211354957486037e-06,0,0.5
16199eb7-7911-45a5-99cd-be8c8474873c.jpg,0.00019205163698643446,0,0.5
1622517f-249c-4565-8ff4-9be2157ac687.jpg,0.001141415094025433,0,0.5
1627c7c3-9112-428f-be82-8571443fcb39.jpg,9.128524652624037e-06,0,0.5
16289089-8437-4b81-87be-669eeef5a6a0.jpg,0.5253660678863525,1,0.5
1628ffea-b8d7-48c5-873b-75d0103f2077.jpg,1.038644299455882e-07,0,0.5
162a9233-8910-4c14-ad36-732824a5baf4.jpg,9.003917512018234e-06,0,0.5
163b61dc-9f1c-435b-a89e-0cab60d3e7d6.jpg,5.221474566496909e-06,0,0.5
163baba4-9249-49bd-bfd1-973fcfd9d399.jpg,0.8306970596313477,1,0.5
163d8933-ba58-402e-bff8-793ed1122c51.jpg,5.303738817019621e-07,0,0.5
163e22c0-cc5e-4228-9e94-99ef1c72a6aa.jpg,0.000536615087185055,0,0.5
16457b8f-5f18-4235-860f-920b658d15ce.jpg,0.000642145867459476,0,0.5
1649e4ca-57a7-4f33-85ca-a0e72201dfea.jpg,0.02767232246696949,0,0.5
1654855d-7d40-42ff-bc92-0b3eff0b77c1.jpg,1.0463013921935271e-07,0,0.5
166b1eac-9b8e-4200-ae82-bbece29676bc.jpg,5.9224406868452206e-05,0,0.5
1672cc89-edf7-46bc-a42b-90e87e4d7a7d.jpg,8.411778253503144e-06,0,0.5
167393a3-6c77-42ea-a41c-a5e9505bc946.jpg,0.01016276702284813,0,0.5
167eaa1b-f8a2-400d-addc-e5ca050f0288.jpg,0.0071375020779669285,0,0.5
168403c2-a2d7-46c8-9ef9-843d46dcb6b6.jpg,0.008135167881846428,0,0.5
1684ea16-f514-44af-b236-3d063f13d252.jpg,5.57307089366077e-09,0,0.5
168dab65-0d4e-4216-b4da-4b215255ae4a.jpg,0.0012538060545921326,0,0.5
168e2cfb-e9e5-4363-ba99-fe27852cedbe.jpg,0.03217979893088341,0,0.5
1698e77d-591b-4f95-aed4-5a5b26d90f60.jpg,3.764226130442694e-05,0,0.5
16a23d17-096f-48ed-9f2a-b039f3f00531.jpg,4.0782933297123236e-07,0,0.5
16a66982-be4f-4b5f-ab3c-eecfeea0ae7f.jpg,4.8375433834735304e-05,0,0.5
16ac68bb-2e0d-4bdf-ae07-f9b46f96e1d4.jpg,1.6588908692938276e-05,0,0.5
16af2015-7aab-4da0-a9d0-11c8e5825f38.jpg,8.6512096459046e-05,0,0.5
16b291bf-6ffb-4e43-a518-75bfe901ea88.jpg,5.418311502580764e-06,0,0.5
16bd502a-e6ba-4502-9b52-cd9e3e2df9b6.jpg,8.322526001691699e-10,0,0.5
16bf67db-ba2f-4c23-8095-e11f764fc9a6.jpg,4.81503302580677e-05,0,0.5
16bfaa85-6c40-4e5c-a163-a28d2574816b.jpg,1.6261319615296088e-06,0,0.5
16c9777b-7a37-4027-be09-337096793de4.jpg,0.00912006851285696,0,0.5
16ced523-a60c-4207-bda4-4fc8639a53c9.jpg,0.010035977698862553,0,0.5
16d72b49-154f-4dee-abf8-2e615faa4f6a.jpg,0.02718357928097248,0,0.5
16de1a84-54be-4e66-91d8-10c1369dc0e2.jpg,0.006779090501368046,0,0.5
16e33c76-9bf9-432b-abcb-2ec2c75b7bb2.jpg,2.15995783037215e-06,0,0.5
16e85f51-5d19-417a-a4c7-005d9efa2df6.jpg,0.7712463140487671,1,0.5
16eca958-0d76-4754-8d0f-97f5ef4dae73.jpg,1.743800197573364e-07,0,0.5
16f7e22b-91e4-4341-b6cd-e1198a9aec7f.jpg,6.743232461303705e-07,0,0.5
17095cde-00c3-4fde-97e5-a6a9cb61fa54.jpg,5.809687800284458e-12,0,0.5
170bfd18-cebe-4767-813a-757b07fba846.jpg,0.0010554352775216103,0,0.5
170dcf0c-6b04-4b9b-bb02-a8859d9616de.jpg,0.0043868618085980415,0,0.5
170ec914-36c4-4d4a-b1a2-ad1c275c98d2.jpg,0.00028331097564660013,0,0.5
170fcef7-812d-4092-b85a-984063f13790.jpg,0.0002543864829931408,0,0.5
1717ced5-f038-477a-9b1a-0fe022cd065f.jpg,0.8169917464256287,1,0.5
171eb2f2-347a-4209-841a-4b124135a367.jpg,0.0006514954147860408,0,0.5
171f9cd3-d4d5-4d01-a12c-8a39492f3130.jpg,0.024622444063425064,0,0.5
172378bf-39a3-4856-8fe0-8ba5ba374fd9.jpg,2.9317384360183496e-06,0,0.5
1725ce5b-4b82-490b-98a4-7c78cd0f8285.jpg,1.7233905964531004e-05,0,0.5
172ee954-a100-4f4d-86f5-1c44400a8b33.jpg,0.00010509691492188722,0,0.5
173ed3ba-4c6e-495b-950a-78f410b6de63.jpg,0.004276382736861706,0,0.5
1753a62f-2676-4678-8262-b4eddaec027e.jpg,1.4715205907123163e-05,0,0.5
17546324-f9f0-4e34-82e1-e24691ea99f7.jpg,0.0953064113855362,0,0.5
175dfb8c-a8bc-4595-88a6-16630219cb55.jpg,0.1462564468383789,0,0.5
1774fc62-76dd-4603-9dd5-6382e646454b.jpg,0.00026914692716673017,0,0.5
1778db96-2538-4f5c-8f4d-b2eac917fc6a.jpg,0.1315504014492035,0,0.5
1779ed54-ebb8-43d5-b2c1-b14631589912.jpg,3.3151529805763857e-06,0,0.5
17869d34-ee48-4594-8ddb-1deca248a621.jpg,3.4156265371620975e-08,0,0.5
178a3f04-b8ca-4dbb-9319-42ba5eb17839.jpg,1.0589842958097506e-07,0,0.5
178eff58-dd48-46bf-8f30-2a6f2526148a.jpg,0.002556359628215432,0,0.5
17912585-63d3-45b3-94e6-ffc575186f81.jpg,4.1414230508962646e-05,0,0.5
1793d1b5-3a7a-4159-a6c4-8f4b8f6a93c7.jpg,0.0027399968821555376,0,0.5
17a12ee6-d751-4ab3-b847-576adaa68597.jpg,0.0009618523763492703,0,0.5
17a53ecc-6e1e-4d8d-b2d2-d6e7419ddb55.jpg,0.0035791972186416388,0,0.5
17a5ea0c-a59e-4bab-8a31-6fee41d5785d.jpg,8.31870420370251e-06,0,0.5
17aa0218-7722-46f4-ab77-2e19c09918e7.jpg,0.013106083497405052,0,0.5
17bace1c-f7e1-4274-ad3a-0edc957f30ec.jpg,8.495165388922032e-07,0,0.5
17c8c19f-d63e-40c4-a9ea-dd22a98c43b2.jpg,0.0008375024772249162,0,0.5
17ca4cc2-763a-409a-8d36-bad862ba6e42.jpg,0.00045577468699775636,0,0.5
17d72885-4670-4e7d-8236-d8a4db78de4d.jpg,0.7848921418190002,1,0.5
17d7f32e-9706-45d9-a321-5bb7cd8deef7.jpg,6.650735940638697e-06,0,0.5
17dda5f1-8db7-45da-8fc0-5c8181847520.jpg,0.04157548025250435,0,0.5
17e1a6ab-3cdf-4589-8b85-5d7187b68bdb.jpg,8.220550080295652e-05,0,0.5
17e37eaa-58d4-4b2d-8681-dfd057645fe7.jpg,1.3201810311613826e-08,0,0.5
17e4fabe-ffb6-4a5a-9b56-5365b1325dde.jpg,0.02129404805600643,0,0.5
17e640f2-bf0b-4997-a96d-ace16c0255a6.jpg,6.771426797058666e-06,0,0.5
180e200a-d34b-43f6-b69c-a87ea10a898c.jpg,1.3874265277991071e-05,0,0.5
181ad0e1-7ade-499c-aedb-4961efbb8eda.jpg,8.613371349497356e-09,0,0.5
1829cf4d-56ad-4f4c-bba6-42c987bb4b3a.jpg,0.00019805951160378754,0,0.5
182acf81-c702-44b5-a9bc-2fefa5398feb.jpg,0.0022539652418345213,0,0.5
18488b03-7cf6-49ab-8bff-37dda00ce899.jpg,0.00012595404405146837,0,0.5
184d730c-f8c5-4316-8599-8981cbdb8d0b.jpg,2.943684194178786e-06,0,0.5
18518afc-2c9c-4664-9113-6dadc30a8f1d.jpg,0.002268784446641803,0,0.5
18532fce-de42-4737-9744-0f8d92522f4c.jpg,5.673576197295915e-06,0,0.5
1854f262-d948-4811-a904-3ae9a096ba00.jpg,2.557556163379493e-12,0,0.5
1858d34f-4401-4179-918e-35b3b42d93fa.jpg,2.2540343707078137e-06,0,0.5
1859ece9-c67c-4b42-b44f-0dfb93d7d078.jpg,0.36848416924476624,0,0.5
18733720-7c43-4123-a074-df8c8d703f7d.jpg,0.001394229126162827,0,0.5
18744cf0-0e9f-4834-915f-dbbb3d4a8497.jpg,3.269938764205449e-10,0,0.5
18751fb4-49d6-4a3c-9f94-ab77e8611bd8.jpg,0.010898251086473465,0,0.5
187a7958-fec7-4fb0-91bc-6a9cd2122126.jpg,1.6826827049953863e-05,0,0.5
187ce54d-da95-4104-86ca-46d225b2a1cf.jpg,0.01463988982141018,0,0.5
187e5124-05b9-4764-9039-cd91c42d392b.jpg,1.0646896043908782e-05,0,0.5
1882bad4-d97c-4eda-b765-c91f67884cc9.jpg,0.0008350870339199901,0,0.5
18877918-2dab-485d-8a8d-b51e3d3fc3b8.jpg,5.509480160981184e-08,0,0.5
188ddb91-672d-4959-86e1-f2e50f742980.jpg,1.0438208075669309e-09,0,0.5
189518e2-fbe2-4ff5-b6d9-3d0871cf011a.jpg,0.00018470140639692545,0,0.5
189798c3-f592-4e27-8eb0-e0c2785afcca.jpg,0.0019222741248086095,0,0.5
1897ea82-a3aa-47db-8199-e7097dad2003.jpg,1.4191980923783376e-11,0,0.5
18a67588-bf85-4539-b3cb-4da82b945ab9.jpg,0.0009027080959640443,0,0.5
18a86096-ec76-485c-91ef-b1cc730ace90.jpg,1.6988672086881706e-06,0,0.5
18ab84f2-b64f-4f75-beb1-b38bb451b8ce.jpg,0.00038658769335597754,0,0.5
18b02e61-4bf2-4531-8433-465e8faa10f2.jpg,6.462510646088049e-05,0,0.5
18b34c5e-b8e9-4f8d-a1c7-2a7ddd1ba41c.jpg,2.1811461920151487e-05,0,0.5
18b663f1-23cc-4842-a8c2-eb50d07f70e0.jpg,2.4903692974476144e-06,0,0.5
18cd7a40-7072-4e30-a93f-0fe33e63ad30.jpg,1.738788341754116e-05,0,0.5
18d052b3-4ed2-4c58-b1d1-34cc2e178366.jpg,0.03457231819629669,0,0.5
18dd8d48-db96-4fc0-baf7-7e65fcd671c5.jpg,2.449413116778487e-09,0,0.5
18e84c75-315d-412c-9404-8f57e59b8668.jpg,0.050354886800050735,0,0.5
18f178d1-eafb-4e90-b76f-2958f5c1308b.jpg,0.001121742301620543,0,0.5
18f3bf20-682a-46f5-baa8-873b76e8dbbf.jpg,0.3495664596557617,0,0.5
190be331-793c-420b-b53f-334f0e419776.jpg,3.6467265545070404e-06,0,0.5
191532d3-e980-4204-b5ec-b2fefa2e34f8.jpg,4.737544259114657e-06,0,0.5
191af4a9-262e-4db3-8ee7-f18dcabf08c1.jpg,0.40257275104522705,0,0.5
1924da1b-c4c5-4bd2-8d9e-7913fc30c3d8.jpg,0.8274417519569397,1,0.5
19317dcc-0a63-4d9d-8500-e41f2c6573ef.jpg,4.157044841690549e-08,0,0.5
19318908-0742-460a-95b5-cb1a5de61152.jpg,3.3504835300846025e-05,0,0.5
193a80e2-8eda-4318-8032-6f501ea69a7c.jpg,0.0003633352171164006,0,0.5
193bdc8c-8f3e-4e92-a63c-e967199d437d.jpg,6.970846584408719e-07,0,0.5
19423bda-29e4-4dbf-876b-2dc661767d23.jpg,0.2876340448856354,0,0.5
19463b28-789a-4924-a02c-0f4b0aea6a51.jpg,0.08742715418338776,0,0.5
194ccf32-0fb5-4e0a-9c79-07affc944711.jpg,0.0007940639043226838,0,0.5
194ebdb7-6c5c-403d-bc96-8a9c33e7e134.jpg,7.965589247760363e-06,0,0.5
194ec8f5-92ac-482c-b9d5-b4b9a431d49a.jpg,3.855502654914744e-06,0,0.5
195887d6-3462-4a76-ba5a-44b62836f444.jpg,0.24521569907665253,0,0.5
1962af00-eb0b-4329-813f-2220f5666f32.jpg,0.004922071006149054,0,0.5
19654d52-e765-47cb-b362-7a6eaf78aec6.jpg,0.022287733852863312,0,0.5
196732a1-6dd2-45d4-9a4a-eba27b155681.jpg,0.0003101793408859521,0,0.5
196d3892-5ac0-4efd-b393-c7bde2a147d3.jpg,1.9998212863470144e-08,0,0.5
196e701a-c869-4ac7-a7f4-cf652d8c7fe7.jpg,5.429390967037762e-06,0,0.5
1970de86-1a70-4938-a8d3-3cc4421ec6cd.jpg,5.899044481338933e-06,0,0.5
1971ff59-6e06-4290-882a-f10f45bdde76.jpg,0.03863702341914177,0,0.5
197274aa-73e9-4986-9480-af7ee11f1097.jpg,0.0024318795185536146,0,0.5
1988ad5d-6400-487b-90b9-2dc2cec81d98.jpg,2.8337556159385713e-06,0,0.5
19894179-1ab8-460c-a5c4-196d55da1c03.jpg,6.455199468291539e-07,0,0.5
198bdb5e-4e90-48da-91a1-6779ef632d60.jpg,9.203491231346561e-07,0,0.5
19939531-f1d1-4dac-8cf2-1a6146f003f0.jpg,6.182143806654494e-06,0,0.5
1993d020-924c-4a2e-8a1f-e5734fd3d5b9.jpg,8.7832122517284e-05,0,0.5
1995af87-d6fd-4b0f-9a69-0f0e35951414.jpg,0.0025995157193392515,0,0.5
199cc740-6d42-442b-b3a4-49482f5c3e03.jpg,4.015714148408733e-05,0,0.5
199e9b5b-da04-4177-9bb6-3cab181fb3ca.jpg,7.713978266110644e-05,0,0.5
19a849d2-eb42-4fc6-a591-87f7d5f71e16.jpg,0.8913147449493408,1,0.5
19aa6ef1-e559-4752-adaa-762621ecfab3.jpg,9.996271546697244e-05,0,0.5
19ae90dd-6cb8-4065-8f74-06d17f30729b.jpg,0.00022675628133583814,0,0.5
19b14771-21ca-41bf-99b7-a90af28ac9d9.jpg,0.021792376413941383,0,0.5
19b46d4e-f336-4fa8-999c-ff645fe3b6ad.jpg,8.819803042570129e-06,0,0.5
19b75e56-9bed-41c2-bf90-824776ebbc93.jpg,0.00010203505371464416,0,0.5
19c03ab9-641c-4ff8-bb39-2954d9bc4c24.jpg,0.9160781502723694,1,0.5
19c0babc-d94d-476e-97c7-4f344c7f33fd.jpg,1.7120756865551812e-06,0,0.5
19c2b953-5cb4-410f-8e6b-155471031a7a.jpg,5.744346935898648e-07,0,0.5
19c6debd-cf54-446e-b94c-b741d1d965ed.jpg,6.216453567187141e-12,0,0.5
19c75c37-36f2-42fd-b079-2f6f6f8f548c.jpg,0.0005763298831880093,0,0.5
19cc4257-85bc-47aa-9f6a-91778d83259c.jpg,0.014627506956458092,0,0.5
19cf8be8-0568-4da1-82ca-16c1ff198cc7.jpg,0.029854124411940575,0,0.5
19d4ad1d-66a9-4203-8807-b8ed90abe39e.jpg,3.7521528106765345e-09,0,0.5
19e046cb-517f-4727-a78f-73cfafc91940.jpg,2.9212949357315665e-06,0,0.5
19e858d4-eaf6-464a-a4bc-573171a07373.jpg,4.8855067547037834e-08,0,0.5
19e9447e-36b2-4f90-960e-02afcc2c60ab.jpg,0.11017846316099167,0,0.5
19ea4d12-af5e-4211-b47c-be19095f4d98.jpg,7.737361738691106e-05,0,0.5
19ecd4c5-1055-45b4-b6d7-08f195bda801.jpg,0.09586001187562943,0,0.5
19ecf6e7-821c-4430-9e0f-b0224a67f463.jpg,0.007870797999203205,0,0.5
19f0edd2-f4ec-47e6-a464-528549c92edc.jpg,3.6502414424433027e-09,0,0.5
19fedc92-55c6-48d8-9734-8c69d2667865.jpg,0.004304432775825262,0,0.5
1a009f68-082b-4d1e-8164-705611b1ffe5.jpg,4.239041572873248e-06,0,0.5
1a04e2ba-4c78-4d8b-8b4e-36dffbbc8f63.jpg,2.1819995810190562e-10,0,0.5
1a0915dc-caea-46aa-9347-04adf5963e5e.jpg,5.124171730130911e-05,0,0.5
1a0f395b-c09d-4e30-b86b-6874d90188d9.jpg,1.5038733636174584e-06,0,0.5
1a13e812-91c6-447e-b3fd-2c032b1a269b.jpg,1.6554043469341195e-08,0,0.5
1a1b864d-47e9-4080-badd-f9b0ed650383.jpg,0.0074938335455954075,0,0.5
1a28b8f3-ff88-42c2-85c5-32be3f2f0d28.jpg,3.777441861529951e-06,0,0.5
1a2ef0eb-113e-4952-845d-2071c3dbee90.jpg,0.0008169233915396035,0,0.5
1a38cc16-3b9f-47db-bf04-b971e8cca5df.jpg,0.005857936572283506,0,0.5
1a3b0e47-1498-4006-8382-38a2e09491e9.jpg,3.978165841544978e-05,0,0.5
1a43463d-e30c-44fd-85aa-8a0261cd67e3.jpg,2.3162174329627305e-05,0,0.5
1a43c4cc-d4f9-4ac7-9762-926c63ac8149.jpg,9.37991195826271e-09,0,0.5
1a44b9fa-e83a-4b6a-9157-150721bff915.jpg,0.0023548107128590345,0,0.5
1a48d522-11cf-477f-af5f-b1d560d3d669.jpg,6.191224656504346e-06,0,0.5
1a4d27d6-9898-4e8d-a4ed-002ad49cf38b.jpg,0.005195580422878265,0,0.5
1a54f0b3-d79b-4a77-8783-fe4b0496478b.jpg,0.005747087299823761,0,0.5
1a56e5df-e96b-42fb-813e-51f2fb0b6d1c.jpg,0.0397503487765789,0,0.5
1a589c32-9027-425c-a798-16ce8712d490.jpg,2.782016736091464e-06,0,0.5
1a59e274-a168-4635-a344-1cdbd761acd1.jpg,0.965613067150116,1,0.5
1a5ce3bc-358a-4e68-9037-1061628cb8b7.jpg,0.0049748290330171585,0,0.5
1a60a6f8-a801-4b4f-8205-8c2b6224e7df.jpg,0.0004072573210578412,0,0.5
1a6520ca-694a-46cb-8612-15fd8223e4c6.jpg,0.00029474799521267414,0,0.5
1a733396-0449-4619-97ac-1708da32a518.jpg,6.186433552102244e-07,0,0.5
1a7abbb0-1111-4c6e-9174-0fdeab3c74c5.jpg,0.04147510603070259,0,0.5
1a892d2a-3bfa-4f58-964e-c758ae50c311.jpg,7.650549378013238e-06,0,0.5
1a911310-694c-42be-8927-3b5be4c9cc74.jpg,0.0006908027571626008,0,0.5
1a9a1345-eef9-4b0e-9b6c-b66d8895a68d.jpg,0.028526730835437775,0,0.5
1a9e5150-2a3b-425c-abb6-237739273636.jpg,0.026134250685572624,0,0.5
1aaa627d-b39b-472c-a61f-f5bffb46df84.jpg,0.024840204045176506,0,0.5
1aad24b9-606c-46d5-8103-84cd8d02fd75.jpg,7.052061619106098e-07,0,0.5
1ab001d7-126f-4ed4-8cb3-c4f62461dc73.jpg,3.3513959607489596e-08,0,0.5
1ab4f686-d552-4e95-95b2-3501e74f3969.jpg,4.6244684199336916e-05,0,0.5
1abe1a5a-16e3-40fd-84a1-3f44452aa1da.jpg,5.3187367399232244e-08,0,0.5
1abf0768-72ac-49a2-b64c-76e37cbd1252.jpg,3.4673113987082615e-05,0,0.5
1ac195b1-1d09-419b-af32-2aeb5cefc6bd.jpg,8.459757737000473e-06,0,0.5
1ad98d45-f55d-4047-b22e-09d0268681e5.jpg,7.135387392054326e-08,0,0.5
1ae55617-8b7b-4751-9b6a-33aa4fbaf6ba.jpg,5.6847056839615107e-05,0,0.5
1aed85ae-a8d8-4001-8497-b0e5755c70f5.jpg,0.000701533630490303,0,0.5
1af0e5d3-4d9f-4016-802f-9d3bbd945c66.jpg,7.279180067598645e-07,0,0.5
1afcdbeb-6b62-4fec-8385-67fae3cc2cad.jpg,0.1103585958480835,0,0.5
1b0928b4-f833-409b-bf8f-96f61c4bffbb.jpg,2.2080824668702093e-10,0,0.5
1b09c160-baff-480f-aaf9-be0c379dfeeb.jpg,0.0005964890588074923,0,0.5
1b0bb3a3-fd85-4f6d-8b3a-7847dd8a00b5.jpg,3.422450656209719e-10,0,0.5
1b0fc0f5-75b2-42da-b195-7f742daa5a7b.jpg,0.0014202907914295793,0,0.5
1b221202-1f6f-41b7-9417-46ec6e5eac16.jpg,0.05927419289946556,0,0.5
1b29e933-b4da-416d-b520-c159980ca97c.jpg,0.004616552498191595,0,0.5
1b3029fc-6ad6-4956-85a2-4d05509d3e43.jpg,0.0014083209680393338,0,0.5
1b400d1a-add1-494f-912d-584ce99dd3bc.jpg,9.820780178415589e-06,0,0.5
1b41ed19-ff9f-4ea6-9d4f-1177fde8b34c.jpg,4.651772940178489e-07,0,0.5
1b51a93b-523d-452f-a227-48739f1d16f7.jpg,7.639994873898104e-05,0,0.5
1b528d66-4c2c-402a-93ee-a0b8ea5d8584.jpg,5.3917574405204505e-08,0,0.5
1b614e31-a8d1-4477-ac54-aa82e788649c.jpg,0.00035222279257141054,0,0.5
1b714eac-77d8-4237-bf11-b3531290553b.jpg,0.00026505134883336723,0,0.5
1b72cff8-7be1-4bb4-9e9a-a3935481c92a.jpg,0.0006709298468194902,0,0.5
1b765d75-174d-48ed-bb82-aac926e29498.jpg,7.76781962485984e-05,0,0.5
1b790573-944a-4ec2-9a7d-9852a16f00b3.jpg,0.5042908787727356,1,0.5
1b8468dc-5484-4710-90ca-c9e417e43a99.jpg,1.814699107129114e-13,0,0.5
1b8ca7b8-167a-48b2-a52d-99bf8420da22.jpg,0.0012974858982488513,0,0.5
1b8e99f6-258e-4e85-b603-94b37f3ffb20.jpg,5.394658586510559e-08,0,0.5
1b8ed02e-ee66-48fa-a2dd-b9d0f7fcdf18.jpg,5.4358704204560127e-08,0,0.5
1b9d4e6a-b970-4b22-b3a2-9776e3a9d80b.jpg,0.5698570609092712,1,0.5
1ba1af4d-36dd-4661-bf08-446d3c8e154f.jpg,4.907472612103447e-05,0,0.5
1bae595f-4683-47cf-8338-9355693fab2c.jpg,5.8433888625586405e-06,0,0.5
1baf0f21-3bb3-4e94-9812-2150df089651.jpg,0.1127067282795906,0,0.5
1bafdbc4-fbdf-4088-b755-eaa93a993bfe.jpg,1.52517613969394e-05,0,0.5
1bb17db1-7fa1-4878-b6a0-1bf2a10d6d3d.jpg,3.875051106660976e-07,0,0.5
1bb4b985-c6d0-497b-855f-5936080dfa01.jpg,1.5708583589457703e-07,0,0.5
1bbee525-9569-4cf1-855f-30d129bbb218.jpg,0.07371042668819427,0,0.5
1bbfacb3-b45a-4076-ad42-323798e31d0e.jpg,1.4370959434018005e-05,0,0.5
1bc9ea3a-3fdd-4dd9-aa8b-8498e3aceb6b.jpg,7.781076419632882e-05,0,0.5
1bd34fcf-d8fc-49ef-b04a-b94ec2ecd4ad.jpg,0.215406596660614,0,0.5
1bd4cc1a-d44b-4f63-a84f-9d748b9b484a.jpg,7.140934030758217e-05,0,0.5
1bda4eaa-8619-4f56-aebd-7ac4f3ff6f16.jpg,0.07471764087677002,0,0.5
1bdf1d12-9a3b-475c-b930-7a352b56393e.jpg,2.0823036095407588e-07,0,0.5
1becdf3f-d0e7-4621-a401-9db60f79b9d8.jpg,3.0268822683865437e-06,0,0.5
1c0c7c76-c83b-4a44-833e-987e0851bba5.jpg,0.006709692999720573,0,0.5
1c16b7c8-b233-4c63-82ce-8872d0ac7f37.jpg,0.0015881413128226995,0,0.5
1c177bd0-210a-4763-ba89-a0403fca28dc.jpg,0.01178849209100008,0,0.5
1c189c01-cb10-4a9d-93cc-e3957fa7284f.jpg,4.711142082669539e-06,0,0.5
1c1bf764-d3f6-4dd0-9c74-9c93b767e293.jpg,0.0002143268648069352,0,0.5
1c1daa8b-c5fc-425e-9ca2-47f8f544948c.jpg,0.003693565260618925,0,0.5
1c213d6f-c1ed-4615-bae5-ddfba87bdbdf.jpg,0.03606344014406204,0,0.5
1c25c6f4-c2f1-4ceb-b412-b1e7e69f2e77.jpg,0.5852137207984924,1,0.5
1c2bdf24-43db-4ceb-9309-1dccf94922a7.jpg,0.00012052982492605224,0,0.5
1c2f59e9-bbf1-467b-a861-fac6c22af535.jpg,0.060468316078186035,0,0.5
1c3029b6-3377-4247-920e-b15d72edc6d8.jpg,0.9695638418197632,1,0.5
1c455eb3-4813-44d9-a016-b435bf67aeef.jpg,0.036499351263046265,0,0.5
1c56983c-eb95-41f2-8cd8-d5c6a72b106a.jpg,0.002823326736688614,0,0.5
1c5f01e8-c169-4389-8ac5-c7a6068559ec.jpg,0.001299118041060865,0,0.5
1c622772-e0e8-405c-a47e-d5ec8a2b5a69.jpg,1.8701840076573717e-09,0,0.5
1c653c08-edba-4346-85d4-cba56a62e7fa.jpg,6.971502368446902e-13,0,0.5
1c66e715-f86f-4371-bd3c-3e4c3b6d9808.jpg,0.0008296994492411613,0,0.5
1c67bd06-7ce2-4ced-bbe2-915603a7a5f0.jpg,4.939447171636857e-05,0,0.5
1c7178dc-0825-4441-bfb2-792708cf11b9.jpg,3.553675469447626e-07,0,0.5
1c762cdd-133f-4d06-8ead-c4b0046e40ff.jpg,2.0064780983375385e-05,0,0.5
1c8f751c-4971-43e2-81d8-d4b51329157e.jpg,0.0007373522967100143,0,0.5
1caa4e8f-ed70-472c-9436-532d68d7a193.jpg,0.00045648752711713314,0,0.5
1cad49df-30ad-4553-a1aa-864157f4018c.jpg,5.6962915550684556e-05,0,0.5
1cada669-0739-4109-9237-a84334c22960.jpg,0.0006220692303031683,0,0.5
1cb0302f-f46c-4f86-9ff7-4166f7b12c09.jpg,0.00011039158562198281,0,0.5
1cb3bee1-a70c-4ff8-bd9e-46130fee50ed.jpg,1.0103068603939391e-07,0,0.5
1cb8a4be-e1c7-4132-941a-b7c6085ac7f4.jpg,0.0006319989333860576,0,0.5
1cb900dc-e8ae-45f7-8c67-ffb0d46a714a.jpg,0.0004498666094150394,0,0.5
1cb93539-db10-4964-8562-a9413b434542.jpg,0.0002786291006486863,0,0.5
1cb9ed7e-668b-42c4-8dc7-970ecd2ff6bb.jpg,0.0032054211478680372,0,0.5
1cbb6a66-7dc6-44fc-9481-fb82a9a5f295.jpg,0.007195967715233564,0,0.5
1cc1de5d-d2e9-44c2-b556-4c7dbbe24a18.jpg,6.911133368703304e-06,0,0.5
1cca4581-1145-45ef-ae03-354ddcf96e8a.jpg,0.0007818338926881552,0,0.5
1cd8b102-0822-4d31-bd68-2af71b589767.jpg,2.951271198980976e-06,0,0.5
1cd90329-79b4-4116-bd9a-b6157faed1be.jpg,3.772408945224015e-06,0,0.5
1cdd7087-9eff-44e8-b615-e6a5d06a8ea7.jpg,6.47349054361257e-07,0,0.5
1ce25af3-15fc-482b-b8ec-f5833621bd73.jpg,1.4196984920999967e-08,0,0.5
1ceacebf-5846-4b49-bb8f-134d87858e57.jpg,0.5075327157974243,1,0.5
1ceb49d8-0291-48d0-9fa1-6e095fdd055e.jpg,1.7770474869394093e-07,0,0.5
1cf9b21a-a1a7-42c5-b0ac-538cc0b732c0.jpg,8.620893998667611e-10,0,0.5
1cff1c61-ec34-4353-af7d-2bc92d00f863.jpg,0.0013882885687053204,0,0.5
1d0014b6-5ddf-4f61-85c8-ea257f5001d9.jpg,1.0592616490612272e-06,0,0.5
1d02daff-a74b-42ec-8f03-5278b69b838b.jpg,0.0018992868717759848,0,0.5
1d06a386-c8c6-4738-9b85-e0b6f8efa3a1.jpg,0.10089479386806488,0,0.5
1d07e318-bde9-4abf-84f1-6d16707d203f.jpg,0.0004641542036551982,0,0.5
1d11db14-ab5e-422c-8e35-8e2f0daa3038.jpg,2.737146587605821e-06,0,0.5
1d12d67f-9e00-4f8e-9ae3-cb574689309a.jpg,9.809011380923494e-09,0,0.5
1d273642-4d73-4427-9be5-978df0c7f7de.jpg,8.366445314322846e-08,0,0.5
1d3bf14b-ee56-499a-8d04-9b32347f4880.jpg,0.9798334836959839,1,0.5
1d48d48e-2400-4e5f-9599-0ce702612bba.jpg,0.0319945402443409,0,0.5
1d4f25d1-d201-4f3b-9ff2-20f799a3f6b4.jpg,2.94993951683864e-05,0,0.5
1d58c419-e3c6-4532-bd67-3d5da43738aa.jpg,3.441875378484838e-05,0,0.5
1d6bdf92-ad19-4afe-a2c8-4b8dc09f3850.jpg,0.00017767226381693035,0,0.5
1d76c060-4fec-4912-8893-0d4de6136872.jpg,1.6993274698506866e-07,0,0.5
1d7ecc9d-1fee-49c6-8d49-e6011590db41.jpg,9.475320439378265e-06,0,0.5
1d7edbde-af7f-4f15-9e70-81f6547f08e7.jpg,2.7998496534564765e-06,0,0.5
1d80c4e9-a145-4ec0-9e9d-a6b1f5ac3ccb.jpg,2.6089184757438488e-05,0,0.5
1d834780-688e-40d0-8c8b-46811d1b6275.jpg,1.1461627764219884e-05,0,0.5
1d8ae7ff-497a-4e39-b7f4-397163ac5e85.jpg,1.3575448747360497e-06,0,0.5
1d8de79c-bdb6-4622-8494-ff093b4426ac.jpg,9.557513891422786e-08,0,0.5
1d90341e-3805-4c88-b9b4-350e6f8002ef.jpg,0.002893717959523201,0,0.5
1d9b8d4f-ddb5-4351-9ab3-d90266f000ed.jpg,0.0005576167022809386,0,0.5
1da0c1a1-bb57-4009-b04c-034c00cdfd0a.jpg,2.5264068881369894e-06,0,0.5
1dad2d5c-9069-4345-9f5e-532a94aa17a2.jpg,0.3574499785900116,0,0.5
1db821cf-3017-4e1b-9991-6abb4288dc0f.jpg,1.5296443223178358e-08,0,0.5
1dc438d4-2800-43bd-a48e-ffc8209caa8f.jpg,2.594434000968704e-09,0,0.5
1dca1440-e3fc-43bd-b5a7-63c41bafe1a4.jpg,0.00010654950165189803,0,0.5
1dcc112a-daa0-4761-b627-b5cc513d67ee.jpg,5.670151494996389e-07,0,0.5
1dd1e1fa-727b-4194-8d3c-04e95d749b2d.jpg,7.823261967132566e-07,0,0.5
1de1cfed-57b9-4df6-961d-9109f0ee50f5.jpg,2.89536163933235e-08,0,0.5
1de40460-ee0a-468c-95d2-e583274f839e.jpg,0.00010766798368422315,0,0.5
1de4c34f-03b0-440b-a325-acdc0c9336d1.jpg,3.331423101826658e-07,0,0.5
1de53a6a-6f5b-4ed2-965d-3a22dd2d1933.jpg,0.021129915490746498,0,0.5
1df9d976-5555-4025-9dee-16c06343a3f4.jpg,1.0252190207893364e-07,0,0.5
1e0382bb-1df5-4eec-9b64-fee068a25810.jpg,0.00019633873307611793,0,0.5
1e14b59b-4116-4493-88b1-4223961b33af.jpg,6.539219612022862e-05,0,0.5
1e178c99-dadb-4d02-b50f-227ac829ab66.jpg,9.252118616132066e-06,0,0.5
1e37800e-00fe-4a81-98fc-0b514a6b715f.jpg,3.564366224395599e-08,0,0.5
1e39f0d2-9b85-404a-80ea-7e889399aca8.jpg,5.201157819101354e-06,0,0.5
1e4070d6-c14f-4256-a470-4dac55afee17.jpg,8.811466977931559e-05,0,0.5
1e42e519-7f6e-4cdc-b7ec-6375eb7bd327.jpg,1.6600109731257362e-08,0,0.5
1e5508d5-30b6-4745-a796-39b97b6ddd60.jpg,0.0016974080353975296,0,0.5
1e575efc-4998-4535-98cc-6a8c240642bb.jpg,3.0862946005072445e-05,0,0.5
1e5805ab-4d6f-4d3b-b644-5f433af39af3.jpg,4.171921682427637e-05,0,0.5
1e635ef1-0725-4b0c-b35b-577bec00dfaa.jpg,0.0010345929767936468,0,0.5
1e837ea7-c3e0-4adb-a752-0e3ebbf0111b.jpg,2.5072949938476086e-08,0,0.5
1e86d220-bb07-4914-ad4c-bedc8c81b2c0.jpg,6.398889951242381e-08,0,0.5
1e8c1bc2-af37-43fc-8e4a-cfc5ad016c45.jpg,0.0005787309492006898,0,0.5
1e8e0fe7-9cd1-4c3f-be9a-fa326ff3cff8.jpg,0.1268758326768875,0,0.5
1e93ed10-9fb5-4dbb-a9a5-fba6087e3b51.jpg,6.709172885166481e-05,0,0.5
1e95c53e-2f8a-412d-9588-c16c485fe213.jpg,0.00031576488981954753,0,0.5
1e9615b0-711b-4545-8642-d1bc216dbba1.jpg,4.86823296341754e-07,0,0.5
1e9a5318-43c9-4dd8-94e2-9aa59a84f70f.jpg,0.004895983263850212,0,0.5
1e9cfd99-b020-4849-a92d-09248da081d7.jpg,2.0191534986224724e-06,0,0.5
1eae103a-7670-4ef2-98be-610238a63039.jpg,0.09114544838666916,0,0.5
1eb33f3d-b647-4383-acf4-506602383c85.jpg,0.001301877200603485,0,0.5
1eb6d1cf-b17b-4145-a776-3854f970c176.jpg,0.1246538981795311,0,0.5
1ebe3770-6c6a-4b64-a47f-87d1fb159f9a.jpg,8.611714719108932e-08,0,0.5
1ebe904f-65a9-4c3a-9726-5d71e48a0acb.jpg,6.947572472881802e-08,0,0.5
1ec5efaa-67ab-4c65-bc76-2e08e710db92.jpg,0.0006054605473764241,0,0.5
1ec9582f-48ba-4caf-8abe-c127a41e5662.jpg,0.03317822515964508,0,0.5
1eca66a2-b9b6-4f84-8ac5-b90963b2cb11.jpg,0.00015808054013177752,0,0.5
1eca844f-adb9-4712-a718-635dad4511cf.jpg,3.343535354360938e-06,0,0.5
1ed5fa6e-a22c-4b79-a427-749c1cc556a9.jpg,0.00021346153516788036,0,0.5
1eecfc76-c579-4bdf-a713-1608ba6a14a1.jpg,5.006970968679525e-05,0,0.5
1eed85c0-c193-49ea-aadc-c2b88ebb04ca.jpg,0.0003907627542503178,0,0.5
1ef79ad1-e447-4b06-b32c-02ec097e32ea.jpg,0.00404508737847209,0,0.5
1efaf95d-0771-42a9-9447-4a7307842b69.jpg,0.0003230192232877016,0,0.5
1efd6da8-e18a-4a55-a9b6-21ad450d40db.jpg,0.0016251216875389218,0,0.5
1f00a4f3-749e-4220-abdc-255d3c3fc6a4.jpg,6.155237430860439e-10,0,0.5
1f08f44f-bbc7-4613-8772-0f4b27f93122.jpg,0.0037971350830048323,0,0.5
1f0dd2cf-c72c-4aed-9ad8-98a97f91d408.jpg,0.00010511857544770464,0,0.5
1f100031-25e7-4402-b799-364f768026df.jpg,6.47025615307939e-07,0,0.5
1f24985f-29ae-4187-99e4-9e446062bbf1.jpg,0.9998346567153931,1,0.5
1f2b9ff7-7077-4085-a505-b4ad950885a8.jpg,0.23662231862545013,0,0.5
1f2e981d-6196-4135-a413-ac02674af7ca.jpg,8.229932063841261e-06,0,0.5
1f3402bb-eeab-4222-a6c9-2847383abeb8.jpg,1.893809692399273e-10,0,0.5
1f374ae0-da0b-42f3-b749-8a10a4573ba7.jpg,0.8763516545295715,1,0.5
1f37922a-8f81-4802-a2f0-b61622d0f91e.jpg,9.12962423171848e-05,0,0.5
1f3d9fed-c511-4c71-9b60-62d292b80586.jpg,3.813689772869111e-07,0,0.5
1f3fb4d2-cb07-48de-abb8-706c6ce897f9.jpg,5.169693562123712e-10,0,0.5
1f46ce46-9ffb-49e3-a7c6-48836e8e1478.jpg,1.361630896923316e-08,0,0.5
1f536c79-3766-40b6-8c24-747cb7f18481.jpg,9.356879715483046e-09,0,0.5
1f608f04-7fcf-45e2-96c9-9cd387d4a583.jpg,4.477088168641785e-06,0,0.5
1f6af515-b012-4415-8326-252caeb5f66f.jpg,0.0005529799382202327,0,0.5
1f6dd62e-0de6-4961-b50f-d32dafd9fd94.jpg,3.603854565881193e-05,0,0.5
1f7108d2-5d83-4bc3-9eac-ece1ca885c79.jpg,0.24836838245391846,0,0.5
1f718ecf-9957-44bf-b6c0-1fcfe2ac6c1a.jpg,3.6918376689065724e-10,0,0.5
1f839109-eb74-48cd-b63b-613038de177a.jpg,1.5629832497698892e-11,0,0.5
1f843d0b-23be-45a6-9c46-ff80fbcb97fb.jpg,0.00010464651859365404,0,0.5
1f8a2b6d-96f6-4e31-8c57-28c01a4f2770.jpg,5.84303452342283e-05,0,0.5
1f8afcfc-203c-4697-91e7-5a29ee556f6a.jpg,4.546586662712571e-09,0,0.5
1f8d9083-46c6-40da-9fe0-491d8bf49fbf.jpg,9.008437729107754e-08,0,0.5
1f902405-6424-4945-9324-f237a92d16d8.jpg,0.000506867072544992,0,0.5
1f9112d0-da17-41a3-b141-742ae9351646.jpg,0.005278183147311211,0,0.5
1f944e72-60ea-4342-9a2b-64ec1ad335b8.jpg,3.537114707796718e-07,0,0.5
1f97bc21-7311-4702-895e-04d5307a2841.jpg,1.2084198715456296e-05,0,0.5
1f9e1929-1c8b-46ac-9447-1bbbfb0121f3.jpg,1.6784630361144082e-06,0,0.5
1fa494b4-3b4b-4b10-b037-977400cbed24.jpg,0.01782052405178547,0,0.5
1fa7702f-880c-4a8f-8022-324865843464.jpg,1.4184805330330619e-08,0,0.5
1fad45cf-d3e7-4d8f-94d1-1b1adcee458a.jpg,0.17061060667037964,0,0.5
1fb9a264-c4e4-4b49-ab79-d6b50aca1b36.jpg,2.0699935703305528e-06,0,0.5
1fb9e36e-daad-405c-b058-b77c4fce9c0c.jpg,9.616936136325194e-10,0,0.5
1fbd854d-27dd-4dc8-b836-a0b9e9bae0db.jpg,6.264687272050651e-06,0,0.5
1fcc44ee-55db-4b65-a607-02cc8aa3318c.jpg,0.001881159609183669,0,0.5
1fcd42d9-bbe1-4398-a4ae-db403c28b15a.jpg,0.01071119587868452,0,0.5
1fd0f08a-58cd-4406-a6eb-7a15ef1ca08c.jpg,6.92160767812311e-07,0,0.5
1fd50023-75a5-46e6-96a7-822cf67b3372.jpg,1.0963595741486643e-05,0,0.5
1fe159c4-1c3e-4d3a-af59-4a2b92bd6299.jpg,0.072904072701931,0,0.5
1fedae1f-07ab-43be-b60d-70a911a55ce0.jpg,0.9974743723869324,1,0.5
1fedfda7-6340-4c1c-9f61-f2c11d4b1867.jpg,2.4206508442148333e-06,0,0.5
1ff9fbb8-d1c0-4e20-af12-7822b0abfa7e.jpg,1.9874722700929937e-10,0,0.5
2009c683-58f1-4c17-9c70-a5ecf13b4457.jpg,1.2506159237091197e-06,0,0.5
20157969-34c9-492c-bb98-9b4c6923a58a.jpg,4.531500962912105e-06,0,0.5
2017993e-d028-46da-9c54-8327235b21c4.jpg,9.71269003002817e-08,0,0.5
2023d45d-ae3b-43bc-b6bd-a224134c0322.jpg,0.0006153261056169868,0,0.5
202929fc-9efc-4640-8e08-3575823786db.jpg,0.00016230467008426785,0,0.5
202e970a-5b65-450a-8bf3-61faba3ab798.jpg,8.243981142186385e-08,0,0.5
20323d67-0e45-4e20-902a-92a3d57b8af3.jpg,0.7182273268699646,1,0.5
20364945-0688-41ae-8f1b-cbda5cceb978.jpg,0.00019255954248365015,0,0.5
2037281b-1266-461d-b2da-1bc5a69dc1ce.jpg,0.037993017584085464,0,0.5
20373b42-b4d1-4162-b357-6ec0076d83af.jpg,1.5411341647286747e-10,0,0.5
2038a8e4-906d-4567-a80f-5749e5a053cb.jpg,0.0017195603577420115,0,0.5
20459bee-c003-4546-ab35-82362c2e6ca6.jpg,1.1892318241280009e-07,0,0.5
205a81db-0a80-4d0b-a352-03317ab8791f.jpg,0.00011383763194316998,0,0.5
205d69ed-e88f-4e3c-aca0-006f55901d1b.jpg,0.0027191173285245895,0,0.5
2068fa9a-69c9-4124-9c2e-5ec7360bc66e.jpg,1.4614718566008378e-05,0,0.5
207139d8-b8f8-47a2-9701-d72c0eb3daa0.jpg,0.0019641811959445477,0,0.5
2076e8dc-08a0-4460-b677-e577eac18c34.jpg,0.15634986758232117,0,0.5
2076ede6-b729-4cc5-bd87-b932a335c5f2.jpg,0.011535748839378357,0,0.5
20870223-70a3-4e90-9d81-a1f57c7decf4.jpg,0.00932568684220314,0,0.5
20891aaf-38d9-4d57-9f65-5e51c02fe0d9.jpg,2.5342248477500107e-07,0,0.5
208c9390-6ae1-4ff1-ad98-67e9aefc4bc1.jpg,0.006838204804807901,0,0.5
20933c89-4063-4719-ad8d-a32142457b1d.jpg,0.0077159227803349495,0,0.5
209390ef-f8f3-4cab-8c77-b5baf8d55add.jpg,0.004616552498191595,0,0.5
20980793-994d-4292-b297-9880ba662add.jpg,0.0001947052514879033,0,0.5
20a1619b-ba0c-4400-b9b0-6d1267176f97.jpg,0.017521824687719345,0,0.5
20a5e4aa-7bd5-4434-a8d1-4ef57de092df.jpg,0.139725461602211,0,0.5
20ab0e36-85cb-4a0c-808a-c2684c6c6bb5.jpg,4.559735256037811e-09,0,0.5
20ae4e79-e6c7-40ca-8912-4b097549e1fe.jpg,0.21876490116119385,0,0.5
20aebb25-7abc-49a4-8b32-678f7b98ec66.jpg,0.00016116331971716136,0,0.5
20b0702b-820e-4744-8c07-0895a91596ac.jpg,1.676988904364407e-05,0,0.5
20b493a1-bbf7-4497-90d5-8184c77abdb9.jpg,1.9160225406267273e-07,0,0.5
20bb09d1-ee86-4025-89bd-48f8cfb41d45.jpg,0.00014031707542017102,0,0.5
20da3d1f-f328-4266-9736-f19e805eea04.jpg,4.131397417950211e-06,0,0.5
20f36bff-906b-4ed8-b03c-a6937b4f668c.jpg,0.0006457557319663465,0,0.5
20fe5b45-b5fe-4fb9-88ca-b0751f13c38a.jpg,0.009555733762681484,0,0.5
20fec840-bdd1-49c2-b571-495f79ff87f5.jpg,4.994819391868077e-05,0,0.5
210150f7-1048-4862-adf3-6187c1ef736e.jpg,0.013169358484447002,0,0.5
210c7903-ff9b-41d3-a0f8-72dc27ca9cb5.jpg,0.1827516108751297,0,0.5
2112a53e-7cfd-493c-b1e1-a7bb9037573b.jpg,2.8034964998369105e-06,0,0.5
21151338-37f5-4c93-92b2-32692308801a.jpg,0.02961575612425804,0,0.5
211d7624-3a79-4a7d-a12a-b36ec8b75bde.jpg,0.18405461311340332,0,0.5
21234f2a-60a2-4825-b572-83e043dc7d76.jpg,0.02806568518280983,0,0.5
21253249-fde5-448f-92aa-b5c27cce41dc.jpg,0.4859943389892578,0,0.5
212d355a-48b4-4b29-a24d-53097469bf07.jpg,8.148367314220195e-09,0,0.5
212ef0b5-14fc-4026-9250-3e94ccacdf8b.jpg,3.8007638067938387e-06,0,0.5
2132e7ef-b3e9-4efd-ae7e-15376598a03b.jpg,1.159672136097356e-09,0,0.5
21357a8d-dd62-4303-861c-18d890c0e895.jpg,0.16573919355869293,0,0.5
213bc67a-1c8f-48b7-8c20-6df0b408e4f3.jpg,0.13307927548885345,0,0.5
2142cb56-8dff-4a33-865f-00b353f5f04f.jpg,5.651808896800503e-05,0,0.5
2149a780-f04a-4bdc-954e-602d6c85cd90.jpg,0.006990367081016302,0,0.5
214a7d6e-7b46-471a-9c02-a938952ba363.jpg,0.2390061765909195,0,0.5
21570c02-bdfc-494e-9ae9-f58942b480b0.jpg,1.0695550372474827e-05,0,0.5
21576f71-f7f7-45e0-8d2d-7d48b5965222.jpg,0.29030144214630127,0,0.5
216042af-9c56-48fa-bbd1-f57017b56a18.jpg,0.0012186835519969463,0,0.5
216466ab-6c26-4670-b906-a9ada08655be.jpg,1.7123450106737437e-06,0,0.5
216b4bd1-7e38-48c8-93f0-1beeb1dbaee7.jpg,0.000583731394726783,0,0.5
217c8528-7ac1-4549-9cc1-71edd79e0544.jpg,2.971754474856425e-05,0,0.5
21810c69-c09a-4d0d-b7bb-f09716ba03e4.jpg,8.938854101359084e-10,0,0.5
21847a56-fda5-44f0-9aff-4b4e2e154231.jpg,3.4667798445298104e-06,0,0.5
21860de5-6973-4c2f-b1e7-d1ecc2e9305a.jpg,7.944144186922131e-08,0,0.5
218702e7-6594-4c5a-85eb-56b982db6708.jpg,0.5661302804946899,1,0.5
218b51cb-e935-45a9-84b7-91ac2f9f2fd9.jpg,0.06887465715408325,0,0.5
21a30c4b-77de-4928-b347-42c49ec813aa.jpg,0.0003653771127574146,0,0.5
21a52f8b-c904-4459-8d24-846a4e78d45a.jpg,0.0002220260794274509,0,0.5
21b22358-2cbb-4e6e-9a05-745d16759063.jpg,2.942001628980506e-07,0,0.5
21b7efe8-6a2d-4db8-a904-770c8cd5d54f.jpg,0.001075723092071712,0,0.5
21c8d662-3753-49bc-8091-30c8886486d9.jpg,4.948193236486986e-06,0,0.5
21d1e566-7adf-42b4-b7b5-dc254369d421.jpg,0.0002189248043578118,0,0.5
21d4c516-fad6-42f3-8ece-006db579bcec.jpg,0.005716527346521616,0,0.5
21d550d6-af00-43bc-8f43-97a015e468ca.jpg,6.356251560646342e-06,0,0.5
21d92b1a-4eb2-4922-ae3b-9e5fbffd36dd.jpg,4.889141564490274e-06,0,0.5
21e33de5-58f0-4ba2-8c96-43d353259beb.jpg,6.502572887256974e-06,0,0.5
21e3cf99-5edd-43aa-80fa-7f62589ee2e3.jpg,0.0016066679963842034,0,0.5
21e47991-68ee-44ad-8e83-14d3dd14459e.jpg,6.632449034427168e-10,0,0.5
21e724ff-d1f9-4fe2-bf1c-681ee11a461f.jpg,0.0027112693060189486,0,0.5
21e9883f-3e4b-4823-bea6-d991afc9ae6a.jpg,5.2507519285427406e-05,0,0.5
21ed0e6c-0572-4ff4-8065-9264ae64a1d3.jpg,0.006829987745732069,0,0.5
21edc489-d29e-4a7a-a6fa-d6418c9d9dca.jpg,0.0017006874550133944,0,0.5
21f57914-49ba-4622-9774-8d649709b062.jpg,4.6491664684733536e-11,0,0.5
22025f22-af17-4e08-974f-971124ba7845.jpg,2.536009333198308e-06,0,0.5
2208b890-199f-44d7-a762-c722da278767.jpg,0.5070793628692627,1,0.5
220db95e-cd20-4013-9f55-4da8628b24c6.jpg,8.246871402661782e-06,0,0.5
2211511d-0fcd-4823-9b65-257dc6f1120f.jpg,1.6628633602522314e-05,0,0.5
221b961f-2afe-4f28-9471-1ead80463a92.jpg,1.3302887964528054e-06,0,0.5
221c301c-c80b-4568-8b39-4fe64cd2b2f9.jpg,6.298383581175571e-13,0,0.5
22204a6b-6c05-4dc2-b835-ee129dcdcf2c.jpg,2.767724716079556e-09,0,0.5
22270acb-a250-4528-a971-4fd131b7651e.jpg,7.740232454978013e-09,0,0.5
22281d69-56c1-45fa-8cf9-34111274b142.jpg,2.816727283061482e-05,0,0.5
22379090-5a78-46db-93ff-58ec54361218.jpg,1.0184750863118097e-05,0,0.5
223b96de-5f8f-4cd6-8702-a699906a3307.jpg,0.00013403131742961705,0,0.5
224a1af0-aa16-4f3e-8ceb-aca0c91b4f68.jpg,1.19524656838621e-07,0,0.5
22532fb7-c2b5-4d91-8ae0-297148e2ae2b.jpg,0.0012136745499446988,0,0.5
22542e07-5845-43ad-b789-844cba565bf2.jpg,2.95331631150475e-07,0,0.5
225b5d41-a196-41a9-a2f3-456e8675695f.jpg,2.322596373005581e-07,0,0.5
225c6ef6-b454-41ec-a9dd-15352fc58708.jpg,0.12207122892141342,0,0.5
2261d4a7-577f-466e-9f20-f17daab47b23.jpg,0.00807640329003334,0,0.5
226e6161-c238-466c-84a0-33c232bdfa09.jpg,1.3083763406029902e-05,0,0.5
2272ab2a-2a67-45f1-98bc-f3d0f976ca4a.jpg,0.046341292560100555,0,0.5
22772123-b649-4d28-ab34-23ad3171ab2b.jpg,1.9155861341602076e-09,0,0.5
227a8591-9e28-4b95-903e-9927f759d22b.jpg,0.035260338336229324,0,0.5
227acb36-de8e-48e2-87e8-7bd288b258d2.jpg,1.7669603380454646e-07,0,0.5
2284667a-2cdf-436b-85fd-672767fdeba1.jpg,1.3463263712765183e-05,0,0.5
228b1aea-8785-4586-aa20-16040ea4be7a.jpg,5.278384196572006e-05,0,0.5
2290dd87-7b3c-47e5-9b35-564f93ec9126.jpg,0.004315810743719339,0,0.5
2298b07f-2930-49da-b459-d1b20ef77f93.jpg,9.033455228291132e-08,0,0.5
229a2c8c-2f9a-4199-af91-7e12c2c5c70e.jpg,6.700784433633089e-05,0,0.5
22a1f4b8-22b7-42bb-87f0-eb6288849c6f.jpg,0.00026419881032779813,0,0.5
22a8a60b-3ba2-475f-94eb-d6191ae846f8.jpg,0.0006940037710592151,0,0.5
22bdf8fe-44e2-4f42-a056-74665f2a6531.jpg,0.0038846053648740053,0,0.5
22c86b28-7dd4-491a-9005-62000d571d93.jpg,0.04148666933178902,0,0.5
22c91ee6-741a-43b3-bce2-2ef94a43f33c.jpg,3.4363591112196445e-05,0,0.5
22c94b02-18cc-4c43-a5d0-460fd109d957.jpg,3.3021016476730836e-11,0,0.5
22d4ab55-28f9-430c-9669-ddfd017eabae.jpg,0.0001820398319978267,0,0.5
22d6ca5f-b80b-429e-b811-3700c9e71d3f.jpg,0.06438528746366501,0,0.5
22e095ed-0122-4140-ad51-a0c2e60e3404.jpg,0.0038706061895936728,0,0.5
22e109b1-383d-48f8-b7b0-bb2e2be42a71.jpg,0.0023191627115011215,0,0.5
22e177ec-3a27-48d0-8db8-8f7ca258b809.jpg,0.0070328619331121445,0,0.5
22e82815-b8b5-412a-a5e6-7e5e6dffb840.jpg,4.263273694959935e-06,0,0.5
22ed65a1-f1c5-437d-952d-66ab2fad09fb.jpg,5.606840502991872e-08,0,0.5
22edbc27-55f9-4e9e-832f-1e43d6b9fb49.jpg,0.06170818582177162,0,0.5
22f4f07c-6b96-4c2e-a071-336fb1d9a893.jpg,0.03225097432732582,0,0.5
22ff65ec-9aff-4041-905d-7dc0dc8a2bf7.jpg,1.66204699780792e-05,0,0.5
23046916-c115-4f71-ae6c-41589f02b710.jpg,2.5791418011067435e-05,0,0.5
230a2a6b-4051-40f7-ac3a-5583b9bbe32c.jpg,2.137712954208837e-06,0,0.5
230a3bd7-dd49-463e-b130-f73c975c7922.jpg,0.007343295030295849,0,0.5
230de07e-fa16-4a6b-9742-0bb73c4b8a17.jpg,0.0003522607439663261,0,0.5
230ef8a6-a993-47b9-9b76-e87a771676f3.jpg,0.0003823156002908945,0,0.5
23193339-f7fe-4165-b372-352a59d7b502.jpg,3.903908691427205e-06,0,0.5
231ba1c5-c4f4-4c35-99b9-8ff2acff7aef.jpg,1.228059409186244e-05,0,0.5
231e47d2-2d5b-459d-b2ac-4d20cb1a7cf7.jpg,0.062223855406045914,0,0.5
23214558-e85f-4020-9a79-854accde2309.jpg,0.00015448957856278867,0,0.5
232fd776-52e6-4bb2-8c16-3fd844317179.jpg,0.0043023936450481415,0,0.5
232ffe45-138f-48c3-887c-ee70d5a8b363.jpg,2.477107227605302e-05,0,0.5
23397d42-fd1f-4a81-8e71-4209f2046920.jpg,1.6571611922699958e-05,0,0.5
2347b567-8cea-48f6-bc07-9d78244cd4df.jpg,0.04541650041937828,0,0.5
23485a64-56c3-471b-a455-58cf031b3344.jpg,0.05268197879195213,0,0.5
234f5101-0df4-4381-a0d6-7a0478baafbe.jpg,0.002266300842165947,0,0.5
2354e500-c776-43c3-956a-177c9c6bd283.jpg,6.25913089606911e-05,0,0.5
2357427b-fca8-42d9-95be-a535516176e5.jpg,0.4219425916671753,0,0.5
235eb097-ac0e-4b6b-81d4-6c96d6c65cb6.jpg,5.1190534577472135e-05,0,0.5
236954c2-c22d-413d-be76-30b8ca1596da.jpg,0.00038725085323676467,0,0.5
236c195a-4351-4b84-8fff-ff4c81ca04ab.jpg,0.2473146766424179,0,0.5
2375f23e-7014-48d5-8308-b7b3b2255028.jpg,0.01857244409620762,0,0.5
237809e6-fec7-466a-817b-424a02244130.jpg,0.004836379550397396,0,0.5
237acb2f-2005-41f7-bb2b-a5fc5f55c775.jpg,3.1105867037695134e-07,0,0.5
23869437-8a43-41e5-8723-3c5c4c8ed2d9.jpg,7.588556059090479e-07,0,0.5
23885a74-6f7c-4b21-b574-0a816ed1bd8d.jpg,0.0002010517055168748,0,0.5
238931ec-2302-4133-8469-34e45f016e8f.jpg,0.021205110475420952,0,0.5
238b00d5-3819-4d7b-90c5-290377ce94af.jpg,0.004798483569175005,0,0.5
23975187-158d-48fa-99ea-3ba8157569f3.jpg,4.175172762188595e-06,0,0.5
23acc848-5836-4d02-8904-11f8871a89d0.jpg,3.6370777252159314e-06,0,0.5
23ace6e1-9b73-469e-8369-51aace5d520a.jpg,9.12713232992246e-07,0,0.5
23b2b9c8-13f3-4393-bae8-bb85938766a5.jpg,0.01236798521131277,0,0.5
23b79aba-5d99-455c-b55f-90f01b4ac7a9.jpg,4.355928467703052e-06,0,0.5
23ba4939-1ea1-486d-a661-263775d198fc.jpg,0.000932788010686636,0,0.5
23bf36af-9958-40aa-8af5-ec8b6e82abab.jpg,3.639692991441734e-10,0,0.5
23c49081-38f5-44a2-aeec-8c49887c6e85.jpg,0.007048086728900671,0,0.5
23d2fb34-aadf-4f3f-a083-bcec6dbd8c04.jpg,0.3286373019218445,0,0.5
23d3bc7d-2bc9-475e-a48f-b5c541b3f79f.jpg,1.4191894770476665e-08,0,0.5
23d68af4-140a-416c-b229-3961aba73c99.jpg,1.5363950296887197e-05,0,0.5
23dc2a47-3488-443c-b37d-bdc01ccf6633.jpg,9.555116436575292e-14,0,0.5
23e80c2f-6cde-45cc-bbba-44fe052ea6f5.jpg,0.15940308570861816,0,0.5
23e959ed-ff42-4365-beed-7ab8cbe3b7fc.jpg,4.6420321808682274e-08,0,0.5
23e96c0f-cb5a-4fcc-b468-d1d7f4a5eb61.jpg,0.0006532500265166163,0,0.5
23f151ed-614a-4eb2-a046-012f12a80937.jpg,3.7248533772071823e-05,0,0.5
23f7738d-76d8-4037-ac61-0418f0fea756.jpg,0.0003161603817716241,0,0.5
23f8fc7b-8a08-4b5e-a728-35235c3e32e3.jpg,0.01947607472538948,0,0.5
23f9d874-b4f1-4011-85d9-dd8c2fbed381.jpg,0.194326713681221,0,0.5
23fbd050-6c70-4455-a614-eac80fd2fe2a.jpg,8.626749870010997e-10,0,0.5
23fc6e70-9477-45c4-9ff9-1d43434bd4c9.jpg,0.02432151325047016,0,0.5
23fdbe23-8fc5-41e5-bb61-e428162de9d1.jpg,4.0405282675237686e-08,0,0.5
240029fe-ddec-43fa-b90f-7e78160cc27c.jpg,0.831871747970581,1,0.5
240460b2-2f3d-4f38-8b3d-1960803eaaf0.jpg,2.2116890363577113e-07,0,0.5
2415fed6-a4b6-4d94-a933-542fc4e827b7.jpg,5.45643997611478e-05,0,0.5
241fadff-37a1-4a84-bc5c-79f5f66c2040.jpg,6.460994336521253e-05,0,0.5
2420f139-7c02-40b7-8b96-be000896fa39.jpg,3.3354471185020884e-08,0,0.5
2426b2b3-7e51-42ed-8ec9-d99baa995242.jpg,0.00040540352347306907,0,0.5
24293727-6df3-4be7-966e-1f4c9973d2a6.jpg,0.0005462041590362787,0,0.5
242dbd49-dff1-4e3f-a585-ca19e5fafe93.jpg,6.341949632115984e-09,0,0.5
242e3d9a-e2e5-48db-b489-42bad4366872.jpg,1.4951830280551803e-06,0,0.5
24302188-5a3a-42d5-a2ab-e8ffabd83810.jpg,3.6259057196730282e-06,0,0.5
244919cd-d37b-4c3e-9c91-a94439782dad.jpg,0.0008956207893788815,0,0.5
2451ef7d-1df3-413d-811a-70453c25eb9e.jpg,2.397809453213995e-07,0,0.5
2455de29-1962-47c5-bb2a-7846141adb92.jpg,0.0009968408849090338,0,0.5
245a5113-6340-4acb-aff0-32bc5922210b.jpg,0.004906956106424332,0,0.5
2465498d-0f83-4120-9ec2-2ff321f05c4d.jpg,9.163587674265727e-05,0,0.5
2479ab6d-bba3-40a5-9cb5-cfc0c008796d.jpg,0.00094066426390782,0,0.5
2484fcf6-5550-4783-b95d-d7153a558ca1.jpg,0.004102405160665512,0,0.5
248df589-6872-467d-9e6a-26e2742c5e21.jpg,0.003202524734660983,0,0.5
2492e644-95d5-49aa-97d5-ab5df5a8764c.jpg,0.0008487768354825675,0,0.5
24a19d25-e7b2-4f48-8805-57725c949789.jpg,0.25740113854408264,0,0.5
24a36d29-094f-45ff-ada8-062c24f29a9c.jpg,0.038188010454177856,0,0.5
24a3ccbf-0042-4723-921b-2a221ee764c2.jpg,5.962277782600722e-07,0,0.5
24ad9d16-917e-44b1-99ff-264c2f8d1340.jpg,0.003346542362123728,0,0.5
24adfebc-520d-42e7-acac-4ec3b0842205.jpg,3.7284276004356798e-06,0,0.5
24b2616f-373a-4394-94d5-d5281076847a.jpg,0.0007151990430429578,0,0.5
24b9517a-4eee-4f32-8b8d-0d304f91dd7e.jpg,0.6375213265419006,1,0.5
24c57f30-671a-4e5f-a6a7-07b01541adf9.jpg,0.012406408786773682,0,0.5
24c8f289-070c-45a9-bb36-e3f3b86cd924.jpg,3.879076782009605e-10,0,0.5
24d12245-2921-4395-aa73-b7c201a07b2c.jpg,0.020445087924599648,0,0.5
24db00ac-8a3b-41f5-a129-949c41e3e404.jpg,9.989037152990932e-07,0,0.5
24db75d8-e90e-4441-ba8e-b919073e6019.jpg,0.009865060448646545,0,0.5
24e1dae8-755b-4979-8ce9-19184632cae4.jpg,1.985104063351173e-05,0,0.5
24f459be-3844-45bb-85a0-f5e416b46677.jpg,0.36125072836875916,0,0.5
24f8a73c-788a-4ac5-af67-6303385198c7.jpg,0.0457117035984993,0,0.5
250126a1-de03-41e7-ac9b-18dcf948090b.jpg,1.1647449355223216e-05,0,0.5
2508ce8e-5c2d-42f1-bb2c-4ec949989e5c.jpg,0.15745702385902405,0,0.5
250e28f0-789f-4abe-98c9-77f12261e1c4.jpg,1.6747857545240663e-09,0,0.5
251fec3e-75de-4695-8863-2e01b12da614.jpg,0.00015625657397322357,0,0.5
25208603-badf-4581-950e-c39be429fde4.jpg,8.610066288383678e-06,0,0.5
25245046-1527-4a12-8c51-da4c8201e7a1.jpg,0.015637269243597984,0,0.5
252d4b52-bde3-46c1-bbb7-ac048adf489b.jpg,0.48002687096595764,0,0.5
25314980-7199-4096-b8bd-327a1ea7228f.jpg,0.17158252000808716,0,0.5
2534a7a2-d497-4057-8e2c-a55764132fb5.jpg,0.001019305200316012,0,0.5
254556b2-8858-416c-a64a-9a00d03cb9e3.jpg,4.106890116872819e-08,0,0.5
25486010-18bc-40da-ba7b-6e375cc6490c.jpg,0.002251532394438982,0,0.5
2548d35f-fdde-4e80-9b61-fd7519005d75.jpg,0.005232742987573147,0,0.5
255cdde4-366d-4fe2-a073-ae7ff738f7f9.jpg,0.0030134376138448715,0,0.5
25604b1e-b76d-4479-be57-391384b7fc63.jpg,6.058989674784243e-05,0,0.5
25612977-8abf-408b-be76-41f732589676.jpg,0.0011411822633817792,0,0.5
2562ace8-66ec-4d5a-b235-9b058b703cfd.jpg,0.0629013180732727,0,0.5
2564e3d2-b01a-4a02-ad90-a290c6a05b4b.jpg,0.011673546396195889,0,0.5
25688b68-99fb-4725-9ef4-cdf78af14406.jpg,7.953356544021517e-05,0,0.5
256aa2b6-949a-44ba-81e2-8e367ebc7564.jpg,0.04261857271194458,0,0.5
2572a025-9809-4b78-a221-3499043f217d.jpg,1.588863779034e-05,0,0.5
25742abe-5e72-4944-8cf3-fd92d01ac2a9.jpg,5.6644348660483956e-05,0,0.5
2578a11d-f2d5-4ae9-8aed-7a77c4233797.jpg,7.684301528421145e-10,0,0.5
2587dfd1-0f3d-4ead-90eb-fe45d18ce3cb.jpg,4.662050287151942e-06,0,0.5
258acda2-6cd2-48ec-a99d-66111cde1aeb.jpg,1.9520118144100707e-07,0,0.5
258be456-c392-4c91-a6ec-74e982a4f772.jpg,7.535805252700811e-06,0,0.5
258d2b79-7b1c-41d2-a217-12495858e366.jpg,0.0019083695951849222,0,0.5
258de8f4-ff99-436b-84d9-bc952f986dfb.jpg,2.3706845240667462e-05,0,0.5
258e7998-c1d2-4576-8bca-b9aaaed2bc92.jpg,5.446883733384311e-06,0,0.5
258ffa2d-5256-421a-a3f4-9af5577d0c33.jpg,3.192347321601119e-06,0,0.5
2590055c-6d8c-4adc-8932-101b266f466e.jpg,2.698002390388865e-06,0,0.5
25a8840b-a64d-4d65-972d-0c384f892291.jpg,0.001144808134995401,0,0.5
25b18efc-4b08-44e1-a827-fef333b27b5b.jpg,0.00983483251184225,0,0.5
25bc3655-1995-4a18-a7a3-3251fb316b74.jpg,2.6582208434433596e-08,0,0.5
25bdbeca-42ab-4907-882f-dd9278617f21.jpg,0.022719182074069977,0,0.5
25c8828b-95ee-4457-88fd-ecefd72fb0ca.jpg,0.011191483587026596,0,0.5
25cc37fb-98db-4352-aace-33a7deecc434.jpg,0.002482883632183075,0,0.5
25d3db99-b957-4102-b782-8c9e9618d6fe.jpg,0.17186404764652252,0,0.5
25d70b10-b5d6-4f08-817d-6a54655d675e.jpg,0.00019911381241399795,0,0.5
25e14ccd-0768-4557-b3d9-09b7c0a21584.jpg,0.0004883416113443673,0,0.5
25e1a1b1-7792-4cb5-bf7e-55e65840b247.jpg,0.0005604131147265434,0,0.5
25f106e7-c681-4835-9ef2-0bed9242dfb3.jpg,2.408877985971003e-09,0,0.5
260462f7-65c0-40cb-9e71-7549581ab7cb.jpg,7.438555712724337e-06,0,0.5
2609a387-96fa-4e2e-a615-7d26fa74ffdd.jpg,1.8641540009411983e-05,0,0.5
260f84cb-ce1e-4d15-ab29-87be7fc830ad.jpg,2.667366061359644e-06,0,0.5
261374f4-35f7-4fa2-8a5c-3ba8d8112d58.jpg,0.01505322940647602,0,0.5
2620c060-6799-4bfe-a1ec-be44dd5bc3a3.jpg,6.80830225974205e-07,0,0.5
26245b7e-80c6-4f86-9a2a-fb9e1e3a3de9.jpg,0.03318456932902336,0,0.5
2627dce0-c739-4edd-adf4-129c82a439a1.jpg,2.379050329182064e-06,0,0.5
2629f00b-4982-4319-a86f-9e3933669f3d.jpg,5.841090023750439e-05,0,0.5
26385cc5-d604-47cb-acde-fd3552dec61f.jpg,0.0003094093990512192,0,0.5
26399ac3-3905-492a-b0e5-ca09cafd7910.jpg,0.7220702767372131,1,0.5
263a516e-6979-4885-803d-79eba9e9a00b.jpg,5.191335731069557e-06,0,0.5
263c97d8-20d6-40c8-9d6a-3b405c901eb5.jpg,3.293395639047958e-05,0,0.5
264282bb-c97e-46c3-a63f-aa82549ec3e3.jpg,3.091573671554215e-05,0,0.5
26555d8e-5763-42d0-9023-44f9f3658831.jpg,0.0010905431117862463,0,0.5
265b736f-c241-4e85-ad2a-17c6c4091cc8.jpg,0.6126681566238403,1,0.5
265bb286-3252-4532-a5f7-64dbbdb7b8c1.jpg,0.01878816820681095,0,0.5
265c23ea-5514-44cd-81b9-f64e97a92b52.jpg,1.0503174996401299e-09,0,0.5
265cdc93-a982-43dc-9074-7f521c5c6ff0.jpg,0.0003389358171261847,0,0.5
2661a433-abf1-4fdc-b962-d79f43f40b35.jpg,0.000560673070140183,0,0.5
2665a980-f198-4992-9338-5171292c070a.jpg,0.010225879028439522,0,0.5
266925bf-9d4a-4659-a744-08d5e7f56e98.jpg,0.8277894258499146,1,0.5
26724390-3ea9-44de-a407-55c01d621bb5.jpg,6.92505409460864e-07,0,0.5
26760f35-d5f8-4780-9a59-a3d8d8f25e56.jpg,0.0006353913340717554,0,0.5
26765b63-8d8b-4052-8a89-1cdf69806cbc.jpg,0.010076573118567467,0,0.5
26773dea-3995-460f-be3b-48ceef36c50e.jpg,0.00035347804077900946,0,0.5
267c67fc-9ee7-4d91-82fe-3dbe3e403612.jpg,0.003132993122562766,0,0.5
267cdb37-37bf-4bfa-808e-4e09c26705e4.jpg,0.009721927344799042,0,0.5
267d3c4b-c24e-4b36-a24d-16dee07a1566.jpg,3.380853286216734e-07,0,0.5
26896601-089e-4d29-986b-f9f4a5e7928b.jpg,4.523830341440771e-07,0,0.5
26969232-2672-4e0b-ac55-55206d7916c9.jpg,0.0003502836334519088,0,0.5
26a28022-fad0-4e2a-b27e-a680659e0e2c.jpg,0.0018710677977651358,0,0.5
26b29898-295d-458a-a690-ba87b9cefa37.jpg,0.00017123697034548968,0,0.5
26c4cfce-958e-4cff-9935-2a92d2070a90.jpg,5.717468866350828e-06,0,0.5
26c93273-258c-428c-a9a2-b03472e8c9a3.jpg,6.351658754510936e-09,0,0.5
26cf8645-e99c-4166-83ec-b06c929b1d65.jpg,3.7505986938413116e-07,0,0.5
26d379fe-4d12-4806-add0-93b9be4bfd57.jpg,0.055635999888181686,0,0.5
26d6e63b-92a0-487c-a9d2-73ed13a53c35.jpg,0.00017895459313876927,0,0.5
26d84ac2-fecc-4796-b11d-af470976c44a.jpg,0.0008543101721443236,0,0.5
26e91e2a-afc6-4d21-96ef-2fad2b2a422f.jpg,0.0089636892080307,0,0.5
26ed9828-d20f-4194-8081-c50ff3edf19e.jpg,0.007854083552956581,0,0.5
26f15c96-a98a-4280-9a4c-f454d4c6c378.jpg,0.06299485266208649,0,0.5
26f724e9-a5be-432b-9724-9b21ca8626f0.jpg,0.45462071895599365,0,0.5
26ff4f4f-9d49-4e24-b2ef-99e27b998867.jpg,4.7203437134157866e-05,0,0.5
270628c4-8edb-468a-a534-78ed41428fd2.jpg,7.432981874444522e-06,0,0.5
2706550c-5cfe-44d5-a29d-02c5ab39567d.jpg,0.00028434491832740605,0,0.5
2709362c-4f4e-442c-9178-6c571808b6c1.jpg,1.704973215055361e-06,0,0.5
270e1f23-1704-4357-93d9-c796fe6f46f3.jpg,3.645714605227113e-05,0,0.5
270eb51c-0937-41d2-902d-e1466990dc92.jpg,1.7668825194050441e-06,0,0.5
27114309-1d62-46fe-af36-1446ec040d30.jpg,1.2745059052576835e-07,0,0.5
2714c9bc-815b-428e-a559-db18e748ee00.jpg,0.00020802485232707113,0,0.5
27173b1d-fe44-4f33-b8a6-7c74d2f6f5c8.jpg,0.03136665001511574,0,0.5
2724ace3-fd54-4b45-8680-34aa74cd087a.jpg,0.9690500497817993,1,0.5
27321955-f5c7-4a73-8369-03d5bd342588.jpg,2.1836269752384396e-06,0,0.5
27373b03-3d85-44f4-9dd1-ee34a9aba2e3.jpg,0.0003748399030882865,0,0.5
27397ca4-8df4-4707-9705-96fa5505ffa3.jpg,0.0009826425230130553,0,0.5
273d9830-ff06-4890-b5ce-eb17a6f3a273.jpg,1.2153484021837357e-05,0,0.5
27448011-5673-4728-b332-a743214ba676.jpg,1.6102208974189125e-05,0,0.5
2759256e-02ca-41c4-b9bf-04b6a6026909.jpg,1.1853707349018805e-07,0,0.5
275b70d3-29d4-4198-8d79-77fe990d9101.jpg,3.3857683323645915e-09,0,0.5
27627a85-f15d-4a8f-be96-2b5ed8749544.jpg,7.029507105471566e-05,0,0.5
2764d051-13d6-4c53-a55b-673f3dd39612.jpg,0.16329845786094666,0,0.5
276b4301-f308-4ff2-b937-9fa7e8c95ef2.jpg,3.260623104850424e-09,0,0.5
276e5956-b38c-424f-a3df-47979fd12bbe.jpg,0.013541057705879211,0,0.5
2770ce08-7beb-48cf-9162-65e9dac01295.jpg,8.945452464104164e-06,0,0.5
277aaf50-b06c-48f9-8796-975e98c32d54.jpg,0.0002865790738724172,0,0.5
2790ca17-8091-40da-801f-4fdb0b5294a0.jpg,0.005435803905129433,0,0.5
27933dad-0f47-4ca0-9ba5-cfb5af645f44.jpg,0.4887644946575165,0,0.5
2796467c-6e91-4fba-9b80-43474491c1b9.jpg,2.865508577087894e-07,0,0.5
279735e5-5fa7-456c-89dc-56ef6670d8c5.jpg,0.00011395600449759513,0,0.5
27a05a9c-3249-47af-bee3-0512b19e17c9.jpg,3.1212923204293475e-05,0,0.5
27b060f5-cbb8-4da5-8583-27e2e10f318a.jpg,0.015919726341962814,0,0.5
27b36d32-65d5-4ab0-a23c-9e9af1df1357.jpg,0.0027118264697492123,0,0.5
27b5f39c-9bd4-409d-9d47-56279647fb30.jpg,0.0063665746711194515,0,0.5
27b87214-bce1-4730-84ad-22865be299e8.jpg,0.0001533693866804242,0,0.5
27c3ed2c-49c2-4aa1-83fa-023b3020f1d7.jpg,2.1992532310832758e-06,0,0.5
27d1c953-e579-4580-b45c-43da08ffbec7.jpg,5.324763296954416e-09,0,0.5
27d77d52-5dd8-41b7-9b49-e12c507cf727.jpg,1.4478990124189295e-05,0,0.5
27e1e7a5-c827-4a9e-868a-1c2445d1d36b.jpg,1.3141661838744767e-06,0,0.5
27e52345-be92-404a-85b2-7844f7166d87.jpg,0.0007682666182518005,0,0.5
27ed31d0-78c3-45b9-86ed-3cde5373478d.jpg,0.3724524676799774,0,0.5
27f19066-e780-471e-9702-19d9d18f619d.jpg,5.3470616876438726e-06,0,0.5
27f4ee93-5975-4f96-b6e5-3f53c02a00a4.jpg,0.0008482548873871565,0,0.5
27f8f658-5510-4c54-815c-bffd8a80a35f.jpg,2.6519233870203607e-05,0,0.5
2810ae78-2483-41c6-9d46-7241d7c668d7.jpg,0.00014002100215293467,0,0.5
2813b4bf-d272-4631-9d67-2a02d5908671.jpg,0.0031335679814219475,0,0.5
2815fdd6-be9b-471f-8396-df9df9e5dacd.jpg,1.7627219222049462e-06,0,0.5
281879ee-488a-42e6-a7eb-8662005e243d.jpg,0.0018230702262371778,0,0.5
281c1d0e-0fc7-4a92-b46f-528ea39b7364.jpg,4.406404332257807e-05,0,0.5
2823f8dc-05e5-46f1-ba29-a2247d88eab7.jpg,0.0001997420913539827,0,0.5
2825da00-ae4b-4f19-a08d-faaf15407a39.jpg,6.815312203478641e-12,0,0.5
28300b4f-11a3-43b7-9bed-08e74c0c0de6.jpg,1.9154356323269894e-06,0,0.5
283588ef-a01b-49f6-ad29-37ddf9c00bc0.jpg,4.440062539856626e-09,0,0.5
28368143-a65c-4160-86d1-185abee6e716.jpg,5.0821068725781515e-05,0,0.5
28384e98-1c35-4141-9919-b784aef63683.jpg,5.341280195914067e-10,0,0.5
2839923c-0a2d-4a60-bf6a-6414a4642236.jpg,5.676483124261722e-05,0,0.5
283ae4e9-62ee-4c29-8731-7d55ec684e83.jpg,0.013431413099169731,0,0.5
2844accb-8ce4-42ff-8c8c-f1f412ed244d.jpg,0.0003546650114003569,0,0.5
2848d39b-98bc-4625-b14c-d125094c0354.jpg,4.258248864630332e-08,0,0.5
28504d13-835f-4348-b5a4-928a668603a1.jpg,4.8169017645705026e-06,0,0.5
2853828e-f273-4494-859d-a90c89d7d0ff.jpg,0.12465366721153259,0,0.5
2859a2ad-b9b0-4f4d-86d5-10a96bb1cf97.jpg,0.0034309830516576767,0,0.5
285bdd6f-4c04-4934-b5c1-c70dde742e36.jpg,0.00010928283882094547,0,0.5
28673a7b-9fad-4158-92d6-5fee388ad335.jpg,0.004497914109379053,0,0.5
286a4ac0-7245-4600-9fcb-5b95eb84d2b7.jpg,1.9082536439896103e-08,0,0.5
286b7ad6-1bc6-4e9e-8f5a-2af0d6c75c62.jpg,1.3339093811737257e-06,0,0.5
2871d01a-a5f1-485f-9944-6925b3c041ac.jpg,0.0015334009658545256,0,0.5
287336e5-9fe4-407d-a511-0803f8c23bfd.jpg,1.2067557690897956e-05,0,0.5
2874237e-56fa-42df-9e42-35b060600c33.jpg,3.5111866747428166e-09,0,0.5
287ba552-0bb0-4be7-940d-c3e16a61806f.jpg,5.689234512828989e-06,0,0.5
2884b9be-8839-4ecc-9218-692d2c92075f.jpg,1.1248516074147119e-07,0,0.5
288826ce-4b37-424e-85f3-2b10a2921c2c.jpg,0.012926981784403324,0,0.5
2888fd5e-1da5-4284-b760-eab15aca5266.jpg,0.005479508079588413,0,0.5
288eddd9-9e7f-44f6-90c3-a8abe8ae1dae.jpg,0.6237971186637878,1,0.5
2896ba9a-4c29-406b-b763-9c3af0595aac.jpg,1.2668464250964462e-06,0,0.5
28971eec-75d4-4ec4-baf5-7aab9b5f204b.jpg,2.4309303626068868e-05,0,0.5
28a1c225-7be7-4c9b-a1cd-35cd42f5254d.jpg,0.000565822294447571,0,0.5
28ae5cf7-3f4d-482f-84e8-4b5eec7b1389.jpg,1.4700771316711325e-05,0,0.5
28bfdf6f-205d-4bd1-a739-c7f2502cec1e.jpg,0.003183943685144186,0,0.5
28c29d48-d781-452b-aece-25d3f2a6908a.jpg,0.0003325731959193945,0,0.5
28c4ee4d-0daa-4a3a-a35b-9903eff8c1fb.jpg,1.0181827747146599e-05,0,0.5
28c59c2a-f643-4b02-8d1e-af03765910c9.jpg,5.168377370523558e-08,0,0.5
28caeb5d-b3b2-45dd-8d4c-b281d2acf4fe.jpg,0.0009915336268022656,0,0.5
28cdc831-30dc-43ff-ba24-985ccf582729.jpg,0.004658334888517857,0,0.5
28ce8b3a-21e7-41e5-8590-a7111dfab62a.jpg,0.007546372711658478,0,0.5
28d29948-f947-4167-b1b9-b642a91b7e2e.jpg,0.0006208597915247083,0,0.5
28d8cb65-601a-434c-840e-f79df8487cce.jpg,4.4256999842673395e-08,0,0.5
28daa77d-8bd0-4925-b9f1-abf6744c95d1.jpg,0.0009465357870794833,0,0.5
28dbfb78-31f2-430b-8d80-5ff83e6eaee0.jpg,0.3401080369949341,0,0.5
28e963c8-9d1a-4c42-8fbe-614c287d8480.jpg,6.407829999943715e-08,0,0.5
28f03ac9-2dd0-44f5-bcfb-5a3724aaf374.jpg,0.31016430258750916,0,0.5
28f2ed71-4934-4eb9-b78b-2598da438359.jpg,2.4222941647167318e-05,0,0.5
28f52f4b-d256-4021-8812-61026efea22f.jpg,0.000105038117908407,0,0.5
2904e0f0-212e-4354-8a8f-ee117f1627ae.jpg,0.0028624210972338915,0,0.5
2907ada1-0be1-43a3-b2ca-cffe15efd0f7.jpg,0.00026176346000283957,0,0.5
291614c1-3b9b-491b-a96d-89150e6adcac.jpg,1.0219348034468112e-08,0,0.5
291f63e5-b231-44f8-aea6-9d87f4c72c9c.jpg,3.4962885364642204e-10,0,0.5
2937b29d-b60a-43fb-8b1c-932bbbb38194.jpg,0.0013161328388378024,0,0.5
293a8d5a-bcaf-4b7e-89ba-6b489a466b61.jpg,8.261694347311277e-06,0,0.5
293f2561-8336-4bf9-be47-12fc9bcd7166.jpg,4.391049515106715e-07,0,0.5
2955c1b4-d11d-411d-b2bf-05e1aff686b9.jpg,4.611647455021739e-07,0,0.5
2958fc8f-6be6-43d3-ac70-944c27eb66f9.jpg,0.05988241359591484,0,0.5
295b6ad6-f62b-42cc-b21d-d54ebe6a2373.jpg,0.000166364450706169,0,0.5
295c3baf-986f-4b24-bfb5-c7c66271c8d9.jpg,0.02946082130074501,0,0.5
296387b1-a787-4e85-9f8f-c82a91e515ce.jpg,0.00016983125533442944,0,0.5
2964609a-2a9d-4dfe-ae23-9ca82d0de482.jpg,2.6790146876010112e-05,0,0.5
296afb93-7ea2-4269-b4be-597a83551f51.jpg,0.00832081213593483,0,0.5
296b69f0-95bf-49e5-ac4b-7a2fd36f296d.jpg,0.0021150170359760523,0,0.5
296cffe6-4a73-49b6-ad51-cdb528705a61.jpg,1.0465848276908218e-07,0,0.5
297388d3-c27b-4466-af00-352db48a25b3.jpg,0.19656839966773987,0,0.5
29768206-8fe1-4f5e-a87d-3025abf3c75d.jpg,0.0008435460622422397,0,0.5
297d9468-9d30-4237-b3a6-7fe5286cac96.jpg,1.0261737770633772e-07,0,0.5
297ff1bd-ec22-44e3-91bc-292b80114b92.jpg,7.0128620792420104e-12,0,0.5
29803c4d-1887-46fe-aee7-d403cef37cda.jpg,0.0015534843550994992,0,0.5
2982739e-84a2-4ff1-aced-8e728a238fdd.jpg,4.685834085194074e-07,0,0.5
2995af57-f08d-42fb-b281-251762a78f98.jpg,1.996237557477798e-07,0,0.5
299c8d31-b350-49c6-9e50-a1852142fdf9.jpg,0.05796462297439575,0,0.5
29a3a724-86b3-401e-84ec-9ad7d06bf0b4.jpg,2.845795279426966e-05,0,0.5
29a8b64f-eb2e-43de-99fb-2dd66aaf54ab.jpg,0.16596783697605133,0,0.5
29a9406d-457f-4b1e-99c4-83325f73a10e.jpg,6.028393727319781e-06,0,0.5
29b4b4c9-ec01-4759-b130-af5fab0e725f.jpg,9.522867827627124e-08,0,0.5
29c5a3a2-fffb-4484-98e2-0fe46e95fcf3.jpg,7.707700206083246e-06,0,0.5
29c6fd6c-a6fc-40b2-bd3a-8b7a5fabcc16.jpg,0.22642990946769714,0,0.5
29c8ae73-0c66-4182-aef6-0cbc5a6398ed.jpg,2.2506292385315874e-09,0,0.5
29ca8521-8803-42a7-bd90-2ad448e06f24.jpg,0.00013812851102557033,0,0.5
29ce28b7-1d26-4af9-8ca5-385dd164cbb4.jpg,7.228064077935414e-06,0,0.5
29dfde80-92a0-4645-b307-72dc115aa097.jpg,0.5793061256408691,1,0.5
29f64315-f0f0-41dc-8147-2c70b34376b0.jpg,3.453787576290779e-05,0,0.5
29f67044-2f3f-468f-84a6-d85d4cac25e0.jpg,6.882134584884625e-06,0,0.5
29f80af9-67ce-4eaa-86fb-9ad333d2070f.jpg,2.698684693314135e-05,0,0.5
29f9e449-e344-422e-89a0-4e5c17c91e29.jpg,5.8057830756297335e-06,0,0.5
29fcfdb6-aec9-48f4-927e-a47f42f32b8a.jpg,8.55129401315935e-05,0,0.5
29ff6c00-1860-4813-97ba-de2d2fb01b59.jpg,1.649712311202478e-11,0,0.5
2a11099a-4f93-4dfd-9043-f782149405eb.jpg,1.1396350600989535e-05,0,0.5
2a19180e-8074-420e-badb-dd27c6ea366f.jpg,3.4306572160858195e-07,0,0.5
2a25c7a0-1d62-47ca-80a9-77f965c7de9e.jpg,8.723235396246309e-07,0,0.5
2a3656c6-585f-40e6-b542-ef03f5ea5649.jpg,0.0033017066307365894,0,0.5
2a3b368f-5bd4-4bac-8245-450ee36f4334.jpg,4.406505468068644e-06,0,0.5
2a3defdf-52ea-4007-bd52-ab107e02422c.jpg,1.829205643844034e-06,0,0.5
2a4293b9-e784-4c2b-b5df-20dbc62c8329.jpg,1.7402579032932408e-05,0,0.5
2a454f0f-3b3c-4dcc-9353-baa8876b3c45.jpg,1.3719604794459883e-06,0,0.5
2a4d223a-88db-4c1e-ac51-1903a9314d93.jpg,0.00010039173503173515,0,0.5
2a5e8470-6dba-4731-a8f0-0b50f11fff9a.jpg,0.00026257309946231544,0,0.5
2a617202-37d5-414e-95d1-22ac26e65777.jpg,0.0022344954777508974,0,0.5
2a69d58e-9804-40cb-9b33-26e36e45377e.jpg,0.03491489961743355,0,0.5
2a7d7c93-1c71-489a-b5ae-1252532e760e.jpg,0.1114472970366478,0,0.5
2a7d9dfe-9026-487e-9bd9-be87be9abf6f.jpg,1.6831854736665264e-06,0,0.5
2a88e985-d5cd-451c-a22e-f03da384d44a.jpg,0.003695734776556492,0,0.5
2a8f444a-cce2-4d7a-9c04-b2e8dbd1566a.jpg,0.00020990410121157765,0,0.5
2aa66ece-6592-4ea2-92f3-5b928927c348.jpg,4.864390135139729e-08,0,0.5
2aab604e-7c5a-442b-887a-9daeab53c4bf.jpg,0.026243288069963455,0,0.5
2ab30d03-d134-4c50-975f-c19d7a2ea2dc.jpg,1.4926982316865178e-07,0,0.5
2abf4eb0-769e-49d7-8eb4-d3a2ded16e95.jpg,0.0005036239745095372,0,0.5
2ac35e4e-dac2-41a0-8f5b-e03d75fa757f.jpg,0.0004016270977444947,0,0.5
2ac521d2-0397-4d5c-b6e7-c3397d9d4440.jpg,0.0003664770338218659,0,0.5
2ac5c94e-1bbf-4ca6-8315-89367a8ca3b8.jpg,0.000342200422892347,0,0.5
2ad4b009-29c5-41fc-bf18-385689481e4d.jpg,0.00010254559310851619,0,0.5
2ae16f45-d74b-4e7f-bf21-553b7956d715.jpg,0.005602412391453981,0,0.5
2aebc35e-fe80-4a66-947d-7e92060472a1.jpg,4.494320471337687e-09,0,0.5
2af4f074-eb3e-400e-b160-df6e114364a9.jpg,4.061875724659103e-09,0,0.5
2af5b43a-70a8-4aec-bc51-150a26ffc595.jpg,6.396833782673639e-07,0,0.5
2afe2f6f-2ce5-4267-a2df-ae343b2f5405.jpg,0.00034791629877872765,0,0.5
2b0adbfd-5dd9-4570-8bb7-d9ffbc181d4e.jpg,2.982892056024866e-06,0,0.5
2b0d6aff-6478-4d1c-8e66-b4e990dd0c3c.jpg,4.469401574169751e-06,0,0.5
2b16b55a-66d0-44fa-9f4f-20b907351bc3.jpg,0.00016358649008907378,0,0.5
2b1e0223-31d8-4f32-8d1d-c3397a8556e6.jpg,0.13726598024368286,0,0.5
2b23f6e3-935c-45fd-b525-849575039f6a.jpg,0.0031649861484766006,0,0.5
2b256e2d-28fb-44b4-80b0-8002d654c241.jpg,6.4443774761002715e-09,0,0.5
2b31ab35-47c3-4bc0-9e9b-e42e3a44a45f.jpg,0.0038154253270477057,0,0.5
2b3cdc94-b075-49af-8534-9a8f0b6c8a39.jpg,0.04366498813033104,0,0.5
2b46425e-dc9e-4c18-b3a1-2b0e640e708e.jpg,0.006156541407108307,0,0.5
2b4b22c5-7f04-4161-8296-a87581424226.jpg,0.028298664838075638,0,0.5
2b51b263-1eee-4fd0-9f38-004becdef231.jpg,1.0347070755756249e-08,0,0.5
2b68d4bb-5abc-40de-bddb-ce35d520e41e.jpg,0.0008607112104073167,0,0.5
2b749569-099e-4b75-aa48-921e33a46c53.jpg,0.05849115177989006,0,0.5
2b781d02-ef18-4cdf-a02f-81c1973e5ab7.jpg,0.03001748025417328,0,0.5
2b7cc384-5796-4189-bc1e-d3fd1fbdacf0.jpg,1.3034018309099338e-09,0,0.5
2b7dc296-43d3-4b1a-9a9a-6f69ab26e501.jpg,0.00024522587773390114,0,0.5
2b7eb52a-5371-4b75-9014-90110fd1bc20.jpg,0.0012026780750602484,0,0.5
2b800925-b633-4dfd-9d3d-e658c83b6182.jpg,0.00027802062686532736,0,0.5
2b91ad2d-0564-4621-b65a-56f64fc5486d.jpg,0.005196595564484596,0,0.5
2bb3afc4-d9fd-4555-b77d-91b6abc1eb83.jpg,3.49331930920016e-05,0,0.5
2bb63636-36be-4d14-a326-0e0b52e62b5c.jpg,4.225930716472703e-09,0,0.5
2bc0a454-d522-41a8-8a2f-edddefaae265.jpg,0.011485708877444267,0,0.5
2bc9980b-3d14-4d57-8d64-f56fb6bfbea1.jpg,0.0028528720140457153,0,0.5
2be32153-91db-4bf4-9ab9-b775f2a1b5bd.jpg,1.6376939129258972e-06,0,0.5
2c0356a3-c23e-457e-a3e3-12787b947f44.jpg,0.0009956113062798977,0,0.5
2c086651-9300-4807-870d-8c8bf9514ec1.jpg,0.0040661850944161415,0,0.5
2c109394-c571-4074-8e4d-10ead6eed687.jpg,0.00764025654643774,0,0.5
2c19a745-0045-4cf5-be2a-f49aee5c0b22.jpg,4.237806194851146e-08,0,0.5
2c26301f-b628-41e7-93ce-b6f76004d4ee.jpg,0.008029351010918617,0,0.5
2c2bc8ac-8757-45a8-b462-eaf91b73f9ec.jpg,0.0022406710777431726,0,0.5
2c372c9d-ec4f-4c04-a298-33307df44bfc.jpg,2.3049156880006194e-05,0,0.5
2c393449-d89c-490d-a8cf-5769fee48c8c.jpg,0.0009199572959914804,0,0.5
2c399dc5-a68a-4efd-8c97-b7a65ae964eb.jpg,7.92629816714907e-06,0,0.5
2c3e5fdd-59b5-4b48-b926-5f0cf555774f.jpg,0.9302803874015808,1,0.5
2c44cf68-9815-4e32-8119-e13c0b728444.jpg,4.934988737659296e-06,0,0.5
2c47c0e9-d988-4ba4-aaa8-34869c319cca.jpg,4.6532230044249445e-05,0,0.5
2c4ab5b4-105c-4721-bf5d-db1744c6ff91.jpg,4.877900861011142e-11,0,0.5
2c4cd16e-9d8f-4ada-bd4c-44573512280d.jpg,4.665982032747706e-06,0,0.5
2c510a24-b34f-4548-829d-87eb71a79986.jpg,5.28039745404385e-05,0,0.5
2c599701-3e28-470c-b5f8-beae2ffb7771.jpg,0.0001099654400604777,0,0.5
2c64a3f5-bf44-479f-85d3-9f92368e5a9f.jpg,4.240961970936041e-06,0,0.5
2c653d54-725b-4bb2-8283-27812b388911.jpg,3.523866325849667e-06,0,0.5
2c66c8ec-0837-407e-84e9-4a22465f5418.jpg,2.1481611156559666e-07,0,0.5
2c754ba7-a832-4f89-85c8-1f5a7a25c044.jpg,3.0791555416520566e-10,0,0.5
2c76c4ff-af51-455d-b702-b701dc9e70f4.jpg,0.00015791543410159647,0,0.5
2c7d5ff4-b80e-4756-862d-6483d6e2a71d.jpg,4.814437043476616e-11,0,0.5
2c81739d-06f9-490f-b023-5598f4400762.jpg,4.5744940280201263e-07,0,0.5
2c8cc094-75a8-4bec-8c0e-93a24a49da2e.jpg,3.6290040417163993e-10,0,0.5
2c8d2c92-5005-4733-98b7-2565978c0e81.jpg,0.0006511686369776726,0,0.5
2c9e0d89-0ae0-4081-bd17-c6257f5a6f74.jpg,0.00026744866045191884,0,0.5
2c9e8805-3ba4-4cd3-b721-03143d29177a.jpg,0.006884771399199963,0,0.5
2c9e94b9-96dc-4fce-b166-2dce69f4c4f3.jpg,6.109335117798764e-07,0,0.5
2ca71b28-5df2-4f31-b45a-0f78d035da71.jpg,0.008777786046266556,0,0.5
2caac3f2-bd34-4a38-9518-440d2c56bd61.jpg,1.2481542626119335e-06,0,0.5
2cb0da2a-4048-4021-a730-444e0cff2bc5.jpg,1.7417072513126186e-06,0,0.5
2cb1e62d-a6b4-4d5a-96af-cb1f9aef0547.jpg,1.6637154658383224e-06,0,0.5
2cb3e0f2-5fcc-4416-8859-2f96d40e4df1.jpg,3.489341906970367e-06,0,0.5
2cbd9a4f-7b4d-45e1-9044-4cedf1f0b951.jpg,2.1835437564732274e-06,0,0.5
2cc085b1-8906-48c5-85f4-01293d1e5c20.jpg,4.5734864784208185e-07,0,0.5
2cc3abaa-66fd-4c4b-9743-96f05dbdd015.jpg,3.51721178049047e-06,0,0.5
2cc94954-9291-4f06-b7fb-e7d453ef682a.jpg,0.20222258567810059,0,0.5
2cdd6eae-133b-46ea-864d-a86e6c7e8427.jpg,3.058787797272089e-06,0,0.5
2cdd71fc-f109-437d-b748-e5ce97a65f46.jpg,0.00025283050490543246,0,0.5
2ce01e19-4d6c-468e-a932-6bd5173f1f5a.jpg,1.5124065555482957e-07,0,0.5
2ce8379a-5d26-464c-b792-3a2badb34822.jpg,0.01946854405105114,0,0.5
2d013894-b2cd-4562-a885-75f29767e182.jpg,3.540737088769674e-05,0,0.5
2d01c2a0-2aa5-4f0c-85a7-6e5688b75236.jpg,2.621622641196808e-10,0,0.5
2d080c14-c9e2-42e5-86e5-c379e362df01.jpg,0.0006676481571048498,0,0.5
2d0ca6ef-6092-4827-9b29-96550aa26e96.jpg,1.9763583622989245e-06,0,0.5
2d0ee2fc-a122-4842-b860-3e46cf91cebd.jpg,0.0016296966932713985,0,0.5
2d24773c-5dcb-44af-b859-a558ac1ffa02.jpg,0.015722405165433884,0,0.5
2d292ee1-b9c0-40f3-99bc-cb44b91bdb15.jpg,2.2970712052483577e-06,0,0.5
2d3406ab-01f6-4a6b-b568-40227b2b5a04.jpg,5.744202447033331e-09,0,0.5
2d349e08-77d6-44d9-a91b-a184ce200a2a.jpg,1.606384216756851e-07,0,0.5
2d41555f-7de9-43bc-be2b-27ec099f9764.jpg,5.69335952604888e-06,0,0.5
2d593deb-9159-4bc0-ac93-e47d35fbf5ce.jpg,0.8523754477500916,1,0.5
2d654ca9-a1fc-40ac-9255-a7559884540c.jpg,1.4242492397897877e-05,0,0.5
2d6a13f4-4d1c-440c-bb7c-4e221a51904d.jpg,3.9259933259927493e-07,0,0.5
2d7cf930-9b0f-4ba0-8e23-ecbf743b270c.jpg,0.00041380198672413826,0,0.5
2d80417c-62ad-46f1-8a93-93ca7056bdc5.jpg,0.0047132708132267,0,0.5
2d85ed0e-358b-4248-a53c-c2bdb4195df2.jpg,5.857914584339596e-05,0,0.5
2d8672bd-437a-4657-95f7-1a96c1538bb5.jpg,0.6263145804405212,1,0.5
2d8b228c-0ed0-4c0b-b02f-e08b7ca93d31.jpg,1.7408603525836952e-05,0,0.5
2d8fc020-f36b-4597-8eed-b60a7f54b385.jpg,0.0005382889648899436,0,0.5
2d977189-d6d0-4060-abe1-4d4a5e01fd97.jpg,0.054362811148166656,0,0.5
2d9b04ed-c596-465a-a3a2-4f01c6dcb23a.jpg,0.00027984229382127523,0,0.5
2daec2ca-5c41-4c1f-a198-0d3deb545326.jpg,0.4208403527736664,0,0.5
2db2d40b-6ff9-4360-b227-e6ef2c7c0393.jpg,1.7057738659786992e-05,0,0.5
2dbfd45a-ef63-46a3-b651-0e644e9effe3.jpg,0.07058890163898468,0,0.5
2dc1c4c8-aef2-454c-af35-7b74cccac4c1.jpg,0.0003169172559864819,0,0.5
2dc4077a-e873-46ae-8eb3-39b094daf80d.jpg,0.06215568631887436,0,0.5
2dc9b7cc-f62d-4209-a405-9c213e26dbe6.jpg,0.0041421763598918915,0,0.5
2dd33d9f-2b2b-4fb8-940e-4f7c4a07999e.jpg,0.0001360843307338655,0,0.5
2dd63109-6218-4c5c-b1e6-e758e0931235.jpg,0.00339419674128294,0,0.5
2dd6c8ff-f192-450b-b6f4-a01fb76753e0.jpg,9.534441680614236e-09,0,0.5
2dd8e081-60f5-4f62-b2c4-9cda13cd39bc.jpg,0.02471984550356865,0,0.5
2ddd66f7-fe58-4906-8be3-a4b93b6cd588.jpg,0.00041623073047958314,0,0.5
2de8a748-7c1b-45a5-842e-3717c2b0921d.jpg,3.199540515197441e-06,0,0.5
2dedb2d6-b2c0-40e0-a25c-d6a08a046eaa.jpg,0.00211683614179492,0,0.5
2dee0da6-95a6-422b-b494-d1b1a4e9aacb.jpg,1.3601064718926636e-09,0,0.5
2def15c0-7495-456a-a3cf-75ee8f9ea806.jpg,0.03538556396961212,0,0.5
2df42b64-b3df-474e-aa5a-2d44ef34d313.jpg,8.980393512159068e-11,0,0.5
2df803e7-845a-4feb-b13c-970db247a4f6.jpg,0.0028062809724360704,0,0.5
2e0269fd-2c1f-49c9-b73c-293c009fc086.jpg,8.753537986194715e-05,0,0.5
2e0aa2b3-c3a8-478f-bfd6-4e096a588cf0.jpg,2.4354028482775902e-06,0,0.5
2e0ab8c6-a624-4d24-acab-9548bda891d5.jpg,0.0001631007035030052,0,0.5
2e0cda02-3182-43f7-bd98-5b7ff986438a.jpg,5.42224292132687e-08,0,0.5
2e0d9ffa-f8f4-459c-96d0-77fc5a08cdd6.jpg,7.370501009518193e-08,0,0.5
2e1397e7-5411-44fc-b19c-d7405167e834.jpg,2.0047161708447447e-09,0,0.5
2e151c10-a889-4b9b-8132-ca67bd4b91f1.jpg,0.0004227453318890184,0,0.5
2e16f8c2-4bb8-49a6-b64e-331f79f18c88.jpg,2.979166469074812e-09,0,0.5
2e1943c9-a32b-4c86-a492-2a2c37e7131b.jpg,1.4643720958051887e-10,0,0.5
2e2d6357-6e80-427e-b4f2-c66ddf3b1d4e.jpg,0.21103470027446747,0,0.5
2e35ae35-9b55-4240-ac41-2144305249d9.jpg,0.04760017246007919,0,0.5
2e409767-25da-4596-9026-20e1ef170ec8.jpg,5.956054849320935e-08,0,0.5
2e4174ac-e6f2-4143-8787-6473f457ea56.jpg,0.00027583373594097793,0,0.5
2e426ae4-10b7-45e9-aad2-088e2d7e20e1.jpg,0.0011585757602006197,0,0.5
2e4a2b11-60ee-4037-9dfc-f242607cfd31.jpg,3.9220089092850685e-05,0,0.5
2e555f02-ba3d-455c-bc26-c25ba5da208f.jpg,8.690610411576927e-05,0,0.5
2e5c1ec0-0711-4d27-aa26-691865302a65.jpg,0.03681286424398422,0,0.5
2e5c5536-7189-4bf8-a022-4b990fe1e5a1.jpg,0.0004856715095229447,0,0.5
2e5d3780-503a-43c0-ab7f-4f1e3b097d5b.jpg,1.2070496779870155e-07,0,0.5
2e64507b-42b9-4559-9662-c8c421e70a70.jpg,0.5319385528564453,1,0.5
2e724bd2-f37a-4dea-a0a4-301360c489b1.jpg,1.2264077531298767e-09,0,0.5
2e850459-4522-4ef9-8a29-480741d8e197.jpg,0.024248594418168068,0,0.5
2e85bdb3-57d0-470d-82a9-24e7646dd032.jpg,0.0002083887520711869,0,0.5
2e887807-e16e-4628-bdbb-29231e2b8e52.jpg,6.019106422172626e-07,0,0.5
2e8d12f2-5c08-4317-933d-c5e18de30c92.jpg,8.792921390998742e-10,0,0.5
2e90455e-0c02-4fcf-b0fb-16738fec6d1c.jpg,2.656025935721118e-05,0,0.5
2e997b63-a3c1-49bb-91d4-7dcaab246afa.jpg,0.9259808659553528,1,0.5
2e9aae5e-02d1-44fb-b153-478165f0b7bf.jpg,0.03581337258219719,0,0.5
2ea21cc4-8f95-4042-8d15-5d6422bdc70e.jpg,0.0003697173378895968,0,0.5
2ea342df-5948-4d30-ac51-89e18ee6b94b.jpg,0.06272073090076447,0,0.5
2ea755ca-7d05-418c-ba78-38e051d466ca.jpg,3.7299469113349915e-05,0,0.5
2eab3bb8-0aac-4d39-a73f-262e4aa4280b.jpg,9.643754310673103e-06,0,0.5
2eacffde-780f-4401-9d85-ed6c848a4a3d.jpg,0.0002859622472897172,0,0.5
2eb5e388-f9c2-43ec-8c78-c7ee49ad2d00.jpg,0.0003699905937537551,0,0.5
2ebc207a-8cbf-4bcb-8a90-201a2b4d432c.jpg,0.011421584524214268,0,0.5
2ebc7c33-1458-4110-abec-47179832e2c7.jpg,0.3072207570075989,0,0.5
2ebee33c-b6bf-4fab-bde8-58f5ce903928.jpg,1.7316837102043792e-06,0,0.5
2ec08a10-5c81-48d0-8a28-4cd06be6ce10.jpg,0.00017030752496793866,0,0.5
2ec45d33-e31b-4afb-8115-14b26aa2f9ba.jpg,0.0033376796636730433,0,0.5
2eca97f8-b245-4caa-b71d-029fc5df48f0.jpg,8.786555554252118e-05,0,0.5
2ecfb01a-9473-40b3-b255-296da49f99fb.jpg,0.0005198437138460577,0,0.5
2ed699f6-086c-426c-8f72-8be8778fa9dc.jpg,6.80437806295231e-05,0,0.5
2edac2e2-2eaa-46e7-b0b3-fdf763eb04ae.jpg,0.0013374513946473598,0,0.5
2edadac1-84e6-430e-ad7c-ea82d6b03a5c.jpg,1.3688958233615267e-06,0,0.5
2edfb6a9-a134-44ab-9d77-75caa1db9ca1.jpg,5.7422337107482235e-08,0,0.5
2ee2c03b-b29a-4386-987b-4f0b4b698813.jpg,3.0211001558200223e-06,0,0.5
2ee9ca97-6813-4937-ac5c-7ab70a5fe877.jpg,0.000670832407195121,0,0.5
2eebead6-35ce-45a8-92d8-6824aaac6754.jpg,0.017320949584245682,0,0.5
2f0cb709-b9e3-4e53-89fc-246e29aa433b.jpg,1.9578505998651963e-06,0,0.5
2f1c250d-b18d-489a-b767-580c8471c192.jpg,3.398676199140027e-06,0,0.5
2f1f71a8-a501-4d6e-9bb4-c9479777e3d5.jpg,5.449534364743158e-05,0,0.5
2f32332e-442e-4ace-81d0-4c40ff0adb95.jpg,5.946944384049857e-06,0,0.5
2f3dee3e-4c11-41af-b5b8-482dc547be55.jpg,2.7961570481238596e-07,0,0.5
2f43f4fe-7c2c-4303-a610-f638bcedc6bf.jpg,0.00025724302395246923,0,0.5
2f53ae6f-b7d3-4113-9991-436300a5f876.jpg,0.00022914855799172074,0,0.5
2f5616cc-7223-4ba2-9a93-502b4f7f5cd7.jpg,4.0566097595728934e-05,0,0.5
2f706b13-fe21-4040-b8c2-170de109eed7.jpg,1.5339383026002906e-06,0,0.5
2f80d3b3-8c87-4022-a7fd-23386a1def37.jpg,8.205374513181596e-08,0,0.5
2f84fcce-ced0-4988-a0f2-d2abb3d908c2.jpg,0.006724957376718521,0,0.5
2f91d058-87c5-4a54-bb06-b99ab3b6b8e7.jpg,1.0911558323556392e-09,0,0.5
2f9a2451-bc93-4881-8538-036b6a4de8de.jpg,6.6196034822496586e-06,0,0.5
2fb45780-2fde-4356-916a-c4d19442b5e0.jpg,0.00707615353167057,0,0.5
2fb8963c-d2c8-49a8-b114-9257d39b0173.jpg,0.9982219338417053,1,0.5
2fbb87f9-3d93-452e-afcf-8a3816297b94.jpg,0.18930387496948242,0,0.5
2fd5e7c0-8aeb-45a2-833f-96007327ec28.jpg,8.01323913037777e-05,0,0.5
2fdd1981-30b9-45ec-ad56-2ad2588ba42e.jpg,0.0009967548539862037,0,0.5
2fdf93d6-8e6e-4e83-8bf7-97dcb0999ca5.jpg,0.011977587826550007,0,0.5
2ff934c3-0332-4b34-b04b-7f1eda123dba.jpg,0.016058994457125664,0,0.5
2ffc2fef-0eb6-47b2-8dae-b10986f97ca6.jpg,0.0027496558614075184,0,0.5
30023900-253f-4046-adb1-b762be4ab511.jpg,2.2809309996318916e-10,0,0.5
30055cc4-31e3-400a-a226-54a7adca31d9.jpg,0.7607067823410034,1,0.5
300835a8-df1d-42a0-9775-6e547483e06c.jpg,4.160733078606427e-05,0,0.5
3017ff95-cc98-40ea-a46a-d2a6981cca3e.jpg,0.015890367329120636,0,0.5
301f56fe-d650-40be-8a81-029896a6526e.jpg,3.750977839445113e-07,0,0.5
30201eae-6928-4e55-828c-c0f61f2b5c2c.jpg,1.1980626268837113e-08,0,0.5
30236ba3-6214-4653-baeb-f62f28bd837d.jpg,0.26766538619995117,0,0.5
302397aa-fddb-4c4a-ba2e-4381fb26429d.jpg,0.0007180175161920488,0,0.5
302a21c6-78c7-4860-9d00-82cbfcb6801b.jpg,0.000272960722213611,0,0.5
302e1ba8-d98c-42c8-b7a1-ebbe68a4a9fe.jpg,2.1916548575973138e-05,0,0.5
303460ea-9684-40dd-bca8-94a8836bfc79.jpg,9.185426279145759e-06,0,0.5
303b38dc-df9e-4d26-896d-8d970d3518ce.jpg,4.728309122015162e-08,0,0.5
303f05e0-5cdb-468a-9fd4-c98171e314c9.jpg,0.002628934569656849,0,0.5
30477602-8937-448b-8ba9-706301fbcc1f.jpg,0.0005083428113721311,0,0.5
304c272e-ea4a-4356-a920-e3e0c2a7877b.jpg,1.4325865826947393e-08,0,0.5
30529956-a930-416a-bee1-9beabf28410a.jpg,1.385358609695686e-05,0,0.5
3059150c-3026-432b-9822-a809ef4cca8b.jpg,0.04146593064069748,0,0.5
305abb63-42a0-45aa-8b41-4a37207e6b48.jpg,1.6492295173975435e-07,0,0.5
305cea11-c74a-4481-bd64-d140d659aade.jpg,1.772677080680296e-07,0,0.5
3072b384-2939-424d-bed4-8d9b20f2dfad.jpg,7.669084811645632e-11,0,0.5
3079b6c4-45a8-4e1d-b05c-43423d5e20c5.jpg,0.01582064852118492,0,0.5
307d2fef-4513-460a-9950-d20b87cb50d4.jpg,0.2508228123188019,0,0.5
307f922b-3bd0-4ffe-94f9-94dbf3745632.jpg,1.851166757660394e-07,0,0.5
308e6cce-246d-4f76-b4f7-bf093f5b80a1.jpg,8.671098044032988e-07,0,0.5
30912fa8-6554-422c-a6d6-2c3f2a411404.jpg,3.450163421803154e-05,0,0.5
309a0106-93d8-4925-8035-0f319d09c300.jpg,0.0030236593447625637,0,0.5
309b405c-9dbf-437d-a0e3-6452f6762162.jpg,5.389656962506706e-06,0,0.5
309d987b-859b-4b44-8eb3-f89739f1e782.jpg,3.9590267988387495e-06,0,0.5
30a01780-32ff-49ef-b3d2-edbbca3c6551.jpg,8.384808958261658e-10,0,0.5
30aaf87d-8f95-4070-9db4-21d8c157fdd2.jpg,2.4849671262927586e-06,0,0.5
30b1259a-0b9a-49c4-a5e1-29d3a6fd8716.jpg,8.316693687893117e-12,0,0.5
30b92e13-28b2-4cf8-812d-e34bd9d72610.jpg,0.0010865454096347094,0,0.5
30bafb1b-99ec-4bdd-830a-320116dccd3e.jpg,4.820270191885356e-07,0,0.5
30bdb410-c0d0-4d8c-9e88-b2095e5f964f.jpg,2.331599716853816e-05,0,0.5
30bddf33-9d3d-44cd-aae4-c3b263c4bbb2.jpg,0.07935888320207596,0,0.5
30c106df-eaaf-48b0-9d41-9f84015509cd.jpg,4.384184649097733e-06,0,0.5
30c1bed0-6054-4879-84d8-5ea3a686aa12.jpg,4.8067475290736184e-05,0,0.5
30cad8cb-cffc-43c0-9d83-eedcccab0e0d.jpg,2.2840713427285664e-05,0,0.5
30cdfcbe-a04f-40b4-a181-d339d990ae6f.jpg,0.23696871101856232,0,0.5
30cf5d77-8b06-411e-b4ef-133fe5286e08.jpg,0.00021919928258284926,0,0.5
30de099d-2c9d-4946-9942-193c5c528ded.jpg,1.8834116417565383e-05,0,0.5
30e12b57-c3f2-40bd-b036-20743184a29e.jpg,0.003097173757851124,0,0.5
30e24e1d-929a-459a-8b50-cb1376019cf9.jpg,9.917817078530788e-05,0,0.5
30e58958-6c84-4fb4-8574-adfc23533659.jpg,7.212347554741427e-05,0,0.5
30f40d77-e59e-4c4e-b506-6abe8464a850.jpg,0.09873569011688232,0,0.5
30f41476-e739-456b-9272-ad058d3dad5e.jpg,8.12324506114237e-05,0,0.5
30f41f5e-0dd0-4736-9aa7-2cc68abbf4e8.jpg,0.0253208726644516,0,0.5
3113c7a9-0e52-467a-97a3-1bf13c792885.jpg,0.8037951588630676,1,0.5
3125b930-38bd-4ac1-b987-a001125b555f.jpg,0.7916403412818909,1,0.5
3126a985-13ee-4504-a20b-bebe1b0a5729.jpg,1.0097712532797232e-07,0,0.5
3127b4ec-e7c1-45f7-b26c-56870b9d9e7c.jpg,0.0005630390369333327,0,0.5
313b8675-0037-4094-89d6-e05a033302a6.jpg,1.200580027216347e-05,0,0.5
313ded1f-9a9d-41bc-9c32-75d7d5db9184.jpg,2.649811481347797e-09,0,0.5
3141099c-2410-4089-ae2d-0ff0d735e8e1.jpg,0.1636875867843628,0,0.5
31410ba0-e602-4d45-9f91-fe1df5686dbc.jpg,0.02236001379787922,0,0.5
3141f50d-f85c-4b5e-8dd5-224e042e620a.jpg,8.65653419168666e-06,0,0.5
315a25b5-7803-4412-b4e6-d878ed6a1efc.jpg,0.00038171635242179036,0,0.5
315b2b28-7709-4027-8d87-3313ec8d3f36.jpg,2.8280483093112707e-06,0,0.5
315c7c84-37e0-4b97-8f45-ead37f7369a7.jpg,0.01832721009850502,0,0.5
315f8e1c-2a4f-46ec-8049-12429347a05b.jpg,1.3763497896945864e-08,0,0.5
3161306f-d629-43a8-8d5e-ba7a0fde0b0b.jpg,0.008208638057112694,0,0.5
3164cacb-be08-423b-9cfe-0b01983832c5.jpg,5.468723247759044e-05,0,0.5
316daf5d-66d1-4fb2-bc26-96113b44ec77.jpg,1.032320824378985e-06,0,0.5
3178d72f-401a-4343-aa71-2929033d8c2c.jpg,0.010369336232542992,0,0.5
317c7b28-887c-4c47-9a84-20944d46e29a.jpg,0.0025593391619622707,0,0.5
317e08be-36d9-4303-878c-e357e8f5b5dc.jpg,8.814338769980168e-08,0,0.5
317e6c01-1b04-4394-b458-c5246b0bc45d.jpg,0.31733980774879456,0,0.5
317f3bf2-f4d6-4256-a78d-b3666323dec0.jpg,1.5433323508062813e-09,0,0.5
3183973e-e59e-4cc0-aa5c-e24fdda84693.jpg,4.568277347516414e-07,0,0.5
3184eb07-4bf2-4d79-b604-02ae7292f190.jpg,2.748980296018999e-05,0,0.5
318c215d-7324-48d1-9c51-e869d948d656.jpg,2.3236048640740137e-09,0,0.5
318fa0a2-b344-419a-8a96-d9c1b9d13607.jpg,6.888974166940898e-05,0,0.5
318fccb3-285c-4563-8550-4b888642fc74.jpg,0.007301682606339455,0,0.5
3195b9f7-259c-4dd5-982d-290acb6aa493.jpg,1.7147630537728276e-10,0,0.5
3198d909-dc87-45b4-92e0-9b12462f5b1c.jpg,0.004720228258520365,0,0.5
319cd8f9-c0ab-4221-a41f-10c450630d93.jpg,5.652356094287825e-07,0,0.5
319d80e9-8e60-4665-864f-3767204f8e5f.jpg,4.798809459316544e-05,0,0.5
319e2984-c6b1-4594-b200-ef75b75ad7c8.jpg,0.0001412760466337204,0,0.5
31a5175c-9c07-487d-ad65-973355361855.jpg,0.000810793659184128,0,0.5
31a782a9-4947-489f-822f-ef2b12a13573.jpg,0.00016600711387582123,0,0.5
31a7ce9c-1d2a-40ef-97f5-6fb772e92188.jpg,0.0015492279781028628,0,0.5
31ad0c89-a931-4507-8a74-a2569c96bca0.jpg,3.7877728731317006e-10,0,0.5
31b29b34-6da6-4a20-9d3d-77a022724b7c.jpg,6.122913873696234e-07,0,0.5
31bf1a2a-e694-4fe3-92ff-ac3c3f1a7fe6.jpg,0.02118930220603943,0,0.5
31cd22d1-ede8-4a6b-9601-fb48d3c71da0.jpg,3.2541446870482105e-08,0,0.5
31d43f68-12da-4933-a1f0-411b09786a94.jpg,0.003532187081873417,0,0.5
31d598b8-dce1-4245-8aec-cd9eace13e83.jpg,0.001961376750841737,0,0.5
31eb8300-de50-43ee-b8a5-255f61cf5c38.jpg,4.493625510804122e-06,0,0.5
31eec72f-41dc-4166-87c1-f8d7195a1396.jpg,5.6318702263524756e-05,0,0.5
31f9f031-ed05-4cc5-8570-30432527d1c6.jpg,0.003956421744078398,0,0.5
3216525c-9015-43a4-a212-8d168de4df1d.jpg,0.6203469634056091,1,0.5
321d6970-5f59-4019-8df0-12b38b97c447.jpg,0.05686784163117409,0,0.5
32222a16-d071-46ef-8396-83b091f2bec6.jpg,5.399908218350902e-07,0,0.5
323768f5-0bf2-4590-b81f-b8b802e973e4.jpg,8.931790944188833e-05,0,0.5
32429de5-e049-4da6-9e62-c7be162e12c4.jpg,0.0008394040050916374,0,0.5
3244d9c2-cb5a-4159-b9d1-cfa36cc24e15.jpg,3.80227793357335e-05,0,0.5
32453432-c7c8-4f5b-87f0-fbe6ddb84cf7.jpg,3.6999557551098405e-07,0,0.5
3246faf6-ca72-46e0-b565-08e23dcaec3e.jpg,0.00020380654314067215,0,0.5
324bbd80-f889-4514-92c4-1e0d47538341.jpg,0.0001514344767201692,0,0.5
324e1c33-be7f-4c7c-b433-31c540c959b7.jpg,2.4921225083573972e-09,0,0.5
325c6fc5-50e3-4359-bb26-2be6f8cc213f.jpg,0.0362805612385273,0,0.5
325edc45-3220-49ac-b39f-3ef67c0efb7b.jpg,0.0015084530459716916,0,0.5
3260b99d-1bcf-44db-8dac-fff035b8efdb.jpg,0.505575954914093,1,0.5
3269f0f0-a89a-4305-ac65-899fb2b605a0.jpg,1.6225893961774318e-09,0,0.5
326afa66-83b5-444b-afc5-c77ddea61336.jpg,4.4445216190069914e-05,0,0.5
32737e8c-d940-4bea-aff4-1810125f3ab0.jpg,0.022004710510373116,0,0.5
327da118-e744-495f-8ba8-2d7537a63f44.jpg,0.00904480367898941,0,0.5
32811168-6c63-4e5f-ad6d-4dbc4dfb135b.jpg,5.751185381086543e-05,0,0.5
32814309-31e0-432c-8eeb-a0d242c7a16e.jpg,2.3338710889220238e-05,0,0.5
32868504-70c9-4787-9b0d-3928250e1f8b.jpg,0.00023093304480426013,0,0.5
328a0be5-cf9f-4436-8efb-e241923753c0.jpg,0.028241537511348724,0,0.5
32905add-9b6b-4ea1-a7e9-9e1949f0759f.jpg,1.3968120811114204e-06,0,0.5
329683ad-566d-46c6-84e4-8f4dc2ad47e1.jpg,1.255046466752674e-08,0,0.5
32a01ff0-a5ba-4402-b69a-eb49581b6d17.jpg,7.841029582777992e-05,0,0.5
32a055a9-eeb9-4590-aa68-54f7c6d2ec28.jpg,2.0862154315182124e-07,0,0.5
32b054b7-3f54-4ea5-b5ad-e6925e30a310.jpg,1.0988153320568017e-07,0,0.5
32b279fc-465b-410f-adfa-c63cc3c55706.jpg,0.0031945398077368736,0,0.5
32b5d98e-e1f8-468e-b909-b4a1bd3a1fcf.jpg,0.00020109157776460052,0,0.5
32b69e2a-a246-4ab5-bcdf-d26c08c8b805.jpg,0.00019737801630981266,0,0.5
32b9d510-da89-4702-884e-33e2d3a49e9f.jpg,0.012690752744674683,0,0.5
32c48039-6c42-4cd2-a380-aba20c4cf466.jpg,0.00011899294622708112,0,0.5
32db5162-470b-4c3d-9ff5-41327c31c1ab.jpg,4.370827966226898e-08,0,0.5
32ed7a47-a643-4eaa-9e9d-4b02213c31f2.jpg,4.37408243669779e-06,0,0.5
32f39bef-b14a-4111-bb93-d9906b4b5da8.jpg,0.0002463575510773808,0,0.5
32f4b5f1-f189-4823-9a47-749012412163.jpg,0.0002692978014238179,0,0.5
32f65a25-04c2-4818-9be0-d870a1bffa8b.jpg,0.0019525517709553242,0,0.5
32f8c69a-357b-4fde-abe8-5364aff61e6a.jpg,0.003232013201341033,0,0.5
32fc3362-a31a-44db-89bf-b806b0fca819.jpg,0.0010642755078151822,0,0.5
32fe97ff-c1d7-4682-a251-69c0431e31b2.jpg,0.00010224758443655446,0,0.5
32fe9dc6-4ccb-4222-bf84-6fe4004b176c.jpg,0.0003766951849684119,0,0.5
330411ed-99b8-4af3-bdda-50a55e43315c.jpg,5.368966958485544e-05,0,0.5
330c4213-2be9-4ea7-9e4a-aa9e0dafba92.jpg,4.302391687360796e-07,0,0.5
330ee5ea-7394-4fdb-81ae-8b6c037c31ef.jpg,1.401740057360712e-09,0,0.5
3310ec05-9259-42ae-9a2a-a4669b647388.jpg,0.04319031909108162,0,0.5
3328a056-3394-497b-8653-72ec89873812.jpg,0.0007449178956449032,0,0.5
3340e43c-5628-4f7b-9aff-6d2fea626d5a.jpg,1.4703856322739739e-05,0,0.5
3350e283-a1bd-41d1-bd08-6c00de6d98e1.jpg,0.022393936291337013,0,0.5
3372cb58-6c01-4869-9d1c-9181b9407cb8.jpg,4.924105724057881e-06,0,0.5
3380f66d-77f4-4eb0-8ce5-6ed8a83db24c.jpg,2.1375256165773182e-12,0,0.5
33823d6e-7a32-43da-8ec1-a838bd6e3a43.jpg,5.943035841227129e-09,0,0.5
3382af0a-9850-4ed5-916f-9feadea8a7c6.jpg,1.2027567310168852e-11,0,0.5
338ab9ce-f421-462f-bb1f-51881a23aa59.jpg,9.437302651349455e-05,0,0.5
338ecc61-b345-4838-9e88-30980585228f.jpg,7.308929461657954e-09,0,0.5
339bb0f4-bb09-4f5f-b982-1ecd3253bd92.jpg,0.16795510053634644,0,0.5
33a22541-ca80-4872-9229-60296c48f9d9.jpg,0.009928155690431595,0,0.5
33a80ce8-0c85-45c7-a9a7-3f7b7c3eecb4.jpg,2.3943866267472913e-07,0,0.5
33b73067-4e82-4d61-88b6-093290a3af31.jpg,4.524652013060404e-06,0,0.5
33c05932-cfbd-4c43-ab7c-788dbdd64535.jpg,0.0003501671308185905,0,0.5
33c13ae2-26bc-4a09-84f2-2b9453264563.jpg,0.07960065454244614,0,0.5
33c9b634-02fc-4921-a49b-ce04b2e197fd.jpg,0.19587309658527374,0,0.5
33ce56ab-2177-4afd-be61-7eb5b24022c8.jpg,0.04275820404291153,0,0.5
33d05914-81f2-42b6-8695-10fd35d2c4d2.jpg,5.7716235460247844e-05,0,0.5
33d6af2d-1e79-4780-9dc4-32f707a501e4.jpg,0.0007785355555824935,0,0.5
33d9e505-d796-4992-9f8c-c5d29d2b14ef.jpg,2.05274536710931e-05,0,0.5
33dc9476-2078-496b-befa-c4460daf0e72.jpg,0.0033754827454686165,0,0.5
33e3d837-531c-4317-b704-5f01d9603120.jpg,0.05041854456067085,0,0.5
33e87d83-7fe3-405b-a3e2-8b879178f05b.jpg,4.667831308324821e-05,0,0.5
33f87bb0-9385-42e2-99a7-a15dd803cae5.jpg,2.9198381525930017e-05,0,0.5
3401391f-17c7-4cd9-9bde-9107d3128611.jpg,0.001779553247615695,0,0.5
340c882d-cfec-4015-b44f-3ea7f14e61ed.jpg,5.482633787323721e-05,0,0.5
34148080-2464-4765-9014-d62c05c033dd.jpg,7.835732503735926e-06,0,0.5
3415b91c-dadb-4043-b15f-5668c9baf002.jpg,0.00015432527288794518,0,0.5
3417afaf-0437-4c04-9aaf-bec2ba3fa0af.jpg,0.01328559685498476,0,0.5
341c7c43-1498-4786-8983-6cfc761ebf39.jpg,7.642574200872332e-05,0,0.5
34232884-cd31-4eb7-af17-8ec54021d0fa.jpg,0.0031590566504746675,0,0.5
34234eb7-979f-448c-9162-56ed2729f191.jpg,6.951071185312685e-08,0,0.5
342573cd-11bb-4f67-bc6c-19194b927cff.jpg,7.828472917026374e-06,0,0.5
34284124-c50e-411a-acc8-68177aa772d5.jpg,0.00881265103816986,0,0.5
342e67e8-dd96-4eb5-aae3-0d4a0439ecb7.jpg,4.9596881268598736e-08,0,0.5
342f11e2-b646-4d1d-ad1b-04dcdd4ac5eb.jpg,9.992400009650737e-06,0,0.5
342fdaf4-f4ba-419f-9b3e-eecb9560128b.jpg,4.217146852170117e-06,0,0.5
343b76db-175e-4e89-ae8c-eb462160f43c.jpg,2.281150227645412e-05,0,0.5
343da06c-15d4-4841-b83a-dbd682fc3e58.jpg,0.0008911866461858153,0,0.5
343fde82-012e-40c9-854c-734f38b364b3.jpg,0.6994082927703857,1,0.5
3440c749-458d-412f-8c24-a42e98d597ac.jpg,0.00014496325457002968,0,0.5
344e6154-fa71-432c-9861-11b2b0501207.jpg,3.8865047827130184e-05,0,0.5
34517272-91b7-4dfe-9c55-7f7e3ff9c1f3.jpg,0.019043806940317154,0,0.5
345b1a94-081c-4d02-8231-94d504d71528.jpg,0.0006721561658196151,0,0.5
345d3ec3-b048-413d-935c-2eac3661b050.jpg,0.00025149734574370086,0,0.5
346017a3-54b0-4cd2-b413-e515a15692d9.jpg,1.1286611879768316e-05,0,0.5
347322f6-a769-41d6-b0d4-f66a70e6abcc.jpg,1.0456526311486414e-08,0,0.5
347f195d-ca16-43f0-bd5b-9065d2ffb543.jpg,3.2296820791088976e-06,0,0.5
3485deff-ab22-46eb-bd9a-2052ab615fc9.jpg,0.0004029397969134152,0,0.5
349e066a-3ad3-448c-bd8b-2446a6017fde.jpg,0.0010397502919659019,0,0.5
34a3f05a-a39c-4948-ba4d-559c6f609d59.jpg,0.9723528027534485,1,0.5
34a47e9a-4d16-416d-ade8-a3aea2277525.jpg,0.006906008813530207,0,0.5
34af449b-3bcd-4dc6-b13a-5b493158fc97.jpg,0.00018593105778563768,0,0.5
34ba0952-2a89-4716-9129-e6b329af3284.jpg,1.138908373832237e-06,0,0.5
34be2664-87c8-40ff-9628-9241bc7fb4b2.jpg,9.141717782767955e-08,0,0.5
34c07cda-e397-46bd-8a2a-64033ba757b6.jpg,7.279266719706357e-05,0,0.5
34c6efd0-a41a-4577-908d-5dbb61e7eb6c.jpg,0.2267657071352005,0,0.5
34c7e898-a8fb-4753-a2b4-38fda8d2cca7.jpg,0.9306864142417908,1,0.5
34cf230b-74ab-4b54-a517-b985ae09e72f.jpg,4.040767009882984e-08,0,0.5
34d59363-cdf1-4c78-9a04-0677d2154e6d.jpg,0.00014740855840500444,0,0.5
34d878fe-5e38-43e0-b030-88ebdee46c65.jpg,0.00013297394616529346,0,0.5
34ec0947-8eaf-4f14-ad8c-fcc570ba62ed.jpg,4.0666924405741156e-07,0,0.5
34ecb61d-1e36-4570-905d-700f217a8f72.jpg,3.431872391956858e-05,0,0.5
34f1f78c-e1a6-4369-a6b9-a10a891e654b.jpg,2.1044015738880262e-05,0,0.5
34fc0dfc-bb21-44d4-87d7-44e2583ebda8.jpg,3.6046535569767e-06,0,0.5
35012c6c-0bf7-464d-a842-1e79efbdefe0.jpg,6.608046874134743e-07,0,0.5
35103ff2-10ea-4984-8db1-905c1c57f441.jpg,5.8629717386793345e-05,0,0.5
351324b2-959c-4f3d-99aa-f54107bc113e.jpg,0.0035628860350698233,0,0.5
351ad081-6d7d-4eec-8741-64112e56f6f1.jpg,4.33760869782418e-05,0,0.5
351bd23a-3331-4a51-9a9f-335ba07e2406.jpg,0.0006484792102128267,0,0.5
351cc4ec-3c6f-4f9d-9d18-f93abab42cf3.jpg,2.1708434161382684e-08,0,0.5
351ff8ee-d723-4c73-80db-f0e40660f61a.jpg,1.9217250155634247e-05,0,0.5
352e2f0a-6de9-4030-a4ec-fca04c806719.jpg,0.9936291575431824,1,0.5
3537cd1b-c828-4e91-8a41-a7299703c83e.jpg,0.005762956570833921,0,0.5
353d91d2-8d78-404d-81a7-6cc34d9fafdd.jpg,0.0017564712325111032,0,0.5
353f0107-b41d-4d1c-afc4-259f772dd488.jpg,2.919000152701301e-08,0,0.5
35411c9b-ae68-4e46-ad93-82ee683787ca.jpg,0.0012851512292400002,0,0.5
3544a8dc-8208-472b-8174-6d432f853354.jpg,0.5824437141418457,1,0.5
35459b9e-1430-41c4-91a6-54bac9dd1d18.jpg,0.0004137822543270886,0,0.5
3551d801-10e6-47cf-9614-97013ec1a66a.jpg,0.000992984394542873,0,0.5
3575cdf1-1417-4fca-a8ad-961a6f07e29e.jpg,7.995943906990988e-10,0,0.5
3575e079-9c31-41c4-9fd4-c426696a04b9.jpg,0.24942368268966675,0,0.5
358c2a1d-e2de-4ba5-9ef7-074d349df483.jpg,0.039374932646751404,0,0.5
358f656a-efb9-4e7c-ba48-723c664898db.jpg,0.05468238517642021,0,0.5
35911b2c-95f5-4776-8cd0-90d8596865c0.jpg,0.00019765410979744047,0,0.5
3595832a-5f24-4afb-9c04-f469a6d6019c.jpg,0.01043590810149908,0,0.5
3597789e-05bb-44ef-b197-658834d12d25.jpg,0.19668151438236237,0,0.5
359af01f-5423-46bb-8d95-c59058997017.jpg,0.0005391575978137553,0,0.5
359e513f-4e94-4298-a590-c418f1e6b610.jpg,0.007796396501362324,0,0.5
35a19162-32f5-45fe-b0f8-b99c77171e31.jpg,0.002120306948199868,0,0.5
35aa55bf-aab1-4594-ab0a-f762d8754c95.jpg,0.0002952001814264804,0,0.5
35b6bd9b-83a2-4e6b-8916-1ce31522b5f6.jpg,5.372324380914506e-07,0,0.5
35b8fbe7-d4c1-4e3f-a37d-e72a6fa106dd.jpg,2.1215659216977656e-05,0,0.5
35bf1fbc-4492-44ce-95b9-380f3cec1e59.jpg,0.2832641303539276,0,0.5
35c09ffb-785f-4fe8-912c-53673ad1cbef.jpg,1.8069846419166424e-06,0,0.5
35d282f6-2136-46dd-8d5c-5aa97ead60a2.jpg,0.742228090763092,1,0.5
35dee5a7-de80-4d6f-817a-b147c8a97741.jpg,6.189920532051474e-05,0,0.5
35e3bfc0-9ea5-4992-b56f-97d5ea556e89.jpg,4.311963857617229e-05,0,0.5
35e72878-9b58-428b-8953-c9c0c271f536.jpg,2.4301505163748516e-06,0,0.5
35fc2ad3-9e9c-40d8-9266-47608d4e7c22.jpg,1.5252152252287487e-06,0,0.5
360e0398-78bc-4224-b5c7-4325f4e64966.jpg,4.823847916668456e-07,0,0.5
360f1093-8784-45be-b7a5-fa3d02f43374.jpg,1.8538310087024001e-07,0,0.5
3610e869-8372-4a20-b813-8ec4db7c4fe5.jpg,0.015588643029332161,0,0.5
36263084-61cf-485c-81e2-857a29c7b247.jpg,0.10186618566513062,0,0.5
36293224-b5c9-4c8d-b22d-38e7337a18bb.jpg,0.0003516690048854798,0,0.5
363424e9-b302-43d6-85f8-56f1c6c8b78a.jpg,3.608911811170401e-06,0,0.5
363854f6-4aa8-4ae4-9085-fcff473f2177.jpg,7.117619588825619e-06,0,0.5
363af149-1b3e-4a45-ad73-33b54d3bde64.jpg,0.00013869153917767107,0,0.5
3642b7f5-13cd-4592-95f9-d600a599409a.jpg,0.008865848183631897,0,0.5
36470314-96ce-45c9-aee8-a6b831833717.jpg,8.774295956470723e-09,0,0.5
36494b7e-0637-4d04-9ba3-cfdec15c5fa8.jpg,5.040688847657293e-05,0,0.5
364a0fbb-7b24-4530-8607-d60a7f2e8976.jpg,0.01400025561451912,0,0.5
364aec04-31c7-462c-b5c0-60fa4283450e.jpg,1.4773506507026468e-07,0,0.5
364ee24c-7525-443c-90d7-20e44946587d.jpg,0.00022635473578702658,0,0.5
36587303-4fe9-4676-89a2-dc9cbb00ede3.jpg,0.007950583472847939,0,0.5
365b3295-397f-405d-8882-ebbe8a438440.jpg,2.1759697688139568e-07,0,0.5
365c7cf5-e804-4c8f-ba03-d5779d485c94.jpg,1.6649006283842027e-05,0,0.5
3661e4de-644b-4878-a3bd-1ab73ff57f3a.jpg,0.0002524111478123814,0,0.5
366b7c66-158e-4dbf-9c7c-486348fbdd41.jpg,0.0010961394291371107,0,0.5
36758ce2-6781-40f6-bed7-5773db5947cb.jpg,1.044821384965644e-08,0,0.5
3678f369-a9a5-4686-b0e5-c85f6284c207.jpg,8.053767714955029e-07,0,0.5
367e48f5-7881-4ad0-b87a-b9eff2ec3795.jpg,1.1031892732660253e-08,0,0.5
368aa02b-fa44-45e3-a0dd-304481736c2f.jpg,0.4328601360321045,0,0.5
368f3c49-7a7e-4b94-849f-7357753c295f.jpg,6.09525159234181e-07,0,0.5
369388f6-2bb6-4c1e-81a6-2ce822d8fc1e.jpg,0.0007204713183455169,0,0.5
36a98470-b880-4bd2-9d8b-c1f58dff8ecd.jpg,0.5236996412277222,1,0.5
36b0c247-8533-4249-8b13-03f853cb8b12.jpg,2.8449721867218614e-07,0,0.5
36b93779-88ae-4f3e-8efc-049264ee7e08.jpg,1.735228215693496e-05,0,0.5
36bcf09a-7ce7-48d9-af4b-0e136d11418c.jpg,1.2844166121794842e-06,0,0.5
36bf50b7-14f4-4536-b9a3-8b76dace6d74.jpg,1.4863392607367132e-05,0,0.5
36ca2952-3d00-48dc-babd-c1989c6fef17.jpg,8.539877308066934e-05,0,0.5
36cabef0-f88e-4d19-8a88-f9ccbc923e9d.jpg,0.06357531994581223,0,0.5
36cf7288-7226-4f01-af1f-b517db4ae53a.jpg,0.002992636989802122,0,0.5
36d81583-0fe2-4282-908d-e501bc0bb18a.jpg,0.0035302434116601944,0,0.5
36dcc9d4-4945-452f-891b-89a1b2768c4d.jpg,6.131561838124133e-12,0,0.5
36dcf4f3-4749-4704-86a1-ed73aadc8019.jpg,3.958709567086771e-05,0,0.5
36fc7673-4762-469e-a403-802fe53b7bbf.jpg,0.0009561199112795293,0,0.5
36fcb6a2-77cd-4ba1-9701-0cbb2bd481f7.jpg,2.5924870783455845e-07,0,0.5
36fcd6da-cdf4-4cab-8c8e-0c8eb2dc14b6.jpg,0.0005310860578902066,0,0.5
370a4196-8408-472e-a530-2abacbafcf9e.jpg,6.160552743494918e-07,0,0.5
37177678-7892-4d24-a9ee-736bc36691e0.jpg,0.0006919908337295055,0,0.5
3726613f-90cd-433f-947c-79160f656f4d.jpg,0.09306585788726807,0,0.5
3728a190-3a08-4ed7-a094-359fad277b0c.jpg,8.288393473776523e-07,0,0.5
3734103e-7824-4b7c-969a-278ab60b4222.jpg,0.0006385651649907231,0,0.5
373baf09-7202-44ec-93ae-824a1da7111c.jpg,2.1067700362031871e-10,0,0.5
373f81a0-cfe7-4ba5-a67a-2b52dddaf5bc.jpg,3.911576641257852e-05,0,0.5
3746851d-6ef3-4f4f-9768-86b30537650e.jpg,0.009125352837145329,0,0.5
374d3784-ede0-47ad-b98f-09ad043c1ab9.jpg,1.6978880012175068e-05,0,0.5
374e2b0e-219b-4b7e-b616-75a708180a13.jpg,0.00020945868163835257,0,0.5
374fb0b8-ae63-4abe-93c1-79dfafc4531e.jpg,0.0002977636468131095,0,0.5
3758ccd4-37c0-408b-affb-13b5d43d25b8.jpg,3.1714187116449466e-06,0,0.5
375d194b-a042-4740-a0ff-505afc2e84de.jpg,0.007763680070638657,0,0.5
375fa350-9d57-4f5c-881f-e8b3b4a3a0a5.jpg,0.13248136639595032,0,0.5
376033a9-ecf0-451a-9eae-97aaafe1f90f.jpg,1.8960341109652834e-12,0,0.5
376af8fe-a3d7-4439-80f1-a3336a9a26cf.jpg,0.32068896293640137,0,0.5
376fec4b-9387-4fe0-b49c-cb496d8fe5bc.jpg,9.585296112391006e-09,0,0.5
37708f33-9534-47cf-ac35-6b106a8818de.jpg,2.4647251350984334e-08,0,0.5
37709558-df3c-4540-9e23-1045af900291.jpg,1.4426702887870846e-10,0,0.5
3771358b-fda0-4aee-b37a-1e1fe6cb680a.jpg,0.00047241654829122126,0,0.5
37727fba-f958-44ff-a94b-104f47ff6828.jpg,0.040051355957984924,0,0.5
377be51d-72d3-4066-9d63-de974375fd7b.jpg,7.821062354196329e-06,0,0.5
379b2f03-2957-4e4d-85d6-e4b70671da06.jpg,0.0011413779575377703,0,0.5
379d6875-0c85-4500-ab24-45e82ad70fa0.jpg,2.2183603505254723e-05,0,0.5
37a2ba80-ab1e-423d-8fc9-901c23712895.jpg,0.0002989939821418375,0,0.5
37aa39df-0fac-45a2-8d90-227d94996e53.jpg,0.05104449391365051,0,0.5
37b178ae-53ca-404c-99f9-b4e8e3aea741.jpg,0.3940247893333435,0,0.5
37bc0c9a-984b-44de-9fa0-2ae442d30b20.jpg,1.8392668721389782e-08,0,0.5
37c6e307-6c9f-41d0-99f4-729cba9a025e.jpg,0.029857799410820007,0,0.5
37ca809d-c607-48c9-a462-bf7d4bdd8c68.jpg,3.694123762443269e-08,0,0.5
37cc850a-6615-417b-8bd6-7f723aa802f2.jpg,0.03626256063580513,0,0.5
37cd68b3-81e8-4806-9151-4e4e157b4c94.jpg,1.5096730532349056e-09,0,0.5
37d0d356-ef3d-43c2-b975-3a544a106735.jpg,2.5341467591033506e-08,0,0.5
37d67f7d-31cf-4f1f-a6e1-1e678d8d9e7f.jpg,3.623721931944601e-05,0,0.5
37f00eb4-df55-4276-8052-d4e1089b7c8e.jpg,4.454557278599225e-10,0,0.5
37f0e2bf-dea0-4f9c-a99c-3f533eb5fc0f.jpg,1.2771939736921922e-06,0,0.5
37ff4ee3-0f7d-4dbb-a0f7-bffc54270614.jpg,1.6253599142146413e-06,0,0.5
380501e7-505c-43f2-bfd1-c500a4700c64.jpg,3.5574771573010366e-06,0,0.5
3823a337-8d33-4325-85fe-1bbb30dfdaeb.jpg,0.05399201437830925,0,0.5
38246a44-e2c8-4cdc-adb6-6397a15c6a51.jpg,0.005396862048655748,0,0.5
38252977-e6e0-46d3-9dd7-feff64a9528b.jpg,0.00018488519708625972,0,0.5
382928a1-5918-4ed7-9a5a-bf4ed7a0f365.jpg,2.011470504048596e-11,0,0.5
382cd972-998e-4070-b195-967065326c28.jpg,7.602993719046935e-05,0,0.5
382d7d40-40de-4d17-b663-9e8b7d4ef42d.jpg,0.00044027503463439643,0,0.5
382e310b-021c-4b71-82c9-890ac666bc98.jpg,0.0022669455502182245,0,0.5
38518a92-09ea-4f7b-875e-23d58c3741e2.jpg,2.012349432334304e-05,0,0.5
386e4ac0-3594-4a43-9956-722a29aa15a8.jpg,0.0022835026029497385,0,0.5
3870eeca-5139-4a71-9f5a-1d105fbf491a.jpg,0.00096029945416376,0,0.5
3878ff29-0be0-4059-ba28-29a40be4dcc2.jpg,9.881199366645887e-05,0,0.5
38826dec-809e-4154-b678-a22abc6f0d07.jpg,0.05467451736330986,0,0.5
388301a8-0393-4b9b-8fad-2b66cdc331b2.jpg,2.1985929379297886e-06,0,0.5
38852974-98f6-4377-9220-915430da68e1.jpg,1.036289813782787e-05,0,0.5
3887537d-5bc3-45dd-ace3-96add8f15ab4.jpg,0.00018125020142178982,0,0.5
388ceb8d-f0e0-4782-b1f2-0665418e4dba.jpg,0.00033194790012203157,0,0.5
3893cbd0-2623-4d4a-9dae-97be39efbc4c.jpg,0.00044453609734773636,0,0.5
38970e0b-4a26-4c53-9470-c7dcdbfc19f6.jpg,0.0009957726579159498,0,0.5
38991c12-777b-4d49-bc4a-d58fe0d7d046.jpg,0.00027512796805240214,0,0.5
38b42507-dfce-4997-a6f9-3a1160697458.jpg,0.0006660138606093824,0,0.5
38b581fe-7c7c-4761-bbca-4fcad97fa6fe.jpg,2.855809498214512e-06,0,0.5
38b87529-3e10-41b8-a643-b7f2260cfe1f.jpg,0.09036409109830856,0,0.5
38be6153-8924-4741-916d-980a7a40e535.jpg,0.882531464099884,1,0.5
38cd13a2-acb9-4950-97c9-965245f861f8.jpg,0.021620716899633408,0,0.5
38d28874-1af1-4e57-986a-863abe84a233.jpg,0.0007326844497583807,0,0.5
38d406d4-c5ff-4078-8cd2-f4677e96cf64.jpg,6.505911733256653e-05,0,0.5
38dec898-c6ea-4a61-85e5-e5c04ecd3c5b.jpg,1.821496152842883e-05,0,0.5
38df46b4-c5de-4abe-be67-4ffe59381a63.jpg,4.0323178041035135e-07,0,0.5
38e8e1e0-e3d7-4345-a727-175eadc7bf27.jpg,0.8046911358833313,1,0.5
38ec29ad-ceb9-4a85-ad94-4dbca96a50d2.jpg,2.1726605161243723e-13,0,0.5
38f29f2a-fff4-45ac-bef4-18459fde0464.jpg,9.53906237555202e-07,0,0.5
38f2a99a-f2d1-4a4d-a483-1f58e20516e0.jpg,1.39978851620981e-06,0,0.5
38fb6b1b-dd73-4a65-b2cd-9c5a67c0687b.jpg,2.8275304430280812e-05,0,0.5
38fc6104-2135-441c-9476-8d7b77cd9efc.jpg,3.693106123137113e-07,0,0.5
38feb7f0-8e27-48b3-ac7c-130df25228cc.jpg,6.93774563842453e-05,0,0.5
390351a5-df9e-48f0-891f-34355085c4b3.jpg,0.12008044123649597,0,0.5
3927e0d5-af15-4d5e-926a-e78e9322a877.jpg,4.4428566070564557e-07,0,0.5
3929cb15-b6e3-4ce1-ba63-5373fed349ed.jpg,0.9026663899421692,1,0.5
39302c32-d8c1-42d6-9434-16414928d7b9.jpg,0.001027610618621111,0,0.5
39313807-5baf-46b1-b6c9-976745fedf05.jpg,0.012683680281043053,0,0.5
393ad2c7-6775-4be4-99d7-d294c3b1c3d5.jpg,0.0006731519824825227,0,0.5
393c5f7e-c8d3-49e6-9a42-1ae7888be08e.jpg,3.0831259323349514e-07,0,0.5
3949082d-4d74-4abd-993c-0074062a55bb.jpg,0.06315743178129196,0,0.5
394b48fb-525e-483e-9fdb-6ea9f765ee1a.jpg,4.488668707836041e-07,0,0.5
394cfd6a-f387-40fb-b22e-65d361d2eb18.jpg,1.3609601978714636e-07,0,0.5
3954f338-4d5e-4157-b1aa-c59603442ea5.jpg,0.16132201254367828,0,0.5
39575a88-4a8a-4cd2-9ade-78ad30973a8f.jpg,0.0009198372135870159,0,0.5
3968231e-d6d5-4a49-b9c1-315afc05ffdd.jpg,4.1067497136282327e-07,0,0.5
39685ef6-e28a-4ade-a505-1a890dc02551.jpg,4.002189655238908e-07,0,0.5
396cd25c-987e-4936-a21d-bd59e445888d.jpg,4.942458417644957e-06,0,0.5
3970e185-5838-4268-9d27-5b6be741b721.jpg,0.0008271454717032611,0,0.5
39729371-22e2-495f-bfb4-243e30bd9b48.jpg,3.0815817808615975e-06,0,0.5
397f586b-6d02-4765-a4f4-9549dd4fbae9.jpg,3.9587666833540425e-05,0,0.5
39881bd9-d3e4-4561-b815-1062ef1be338.jpg,0.26469266414642334,0,0.5
39894c2a-ffb2-4904-91ed-1f2759e80d7f.jpg,0.0007504638051614165,0,0.5
3989e19f-4caf-4a64-9662-9631abb3a301.jpg,0.003825498977676034,0,0.5
3995c8fd-8672-414f-b756-5b71d0de0adc.jpg,6.566221344428413e-08,0,0.5
399fd5ed-727f-4d2c-a07c-69366d0bd8b5.jpg,0.014085807837545872,0,0.5
39a31330-fe41-4622-be6b-fe28fa0e9ff9.jpg,2.6483684223421733e-07,0,0.5
39a44840-e294-4dc0-a921-995d67db2408.jpg,1.2289101505302824e-06,0,0.5
39acb5be-4236-43f2-ab80-740bdd7b92ca.jpg,0.00033613911364227533,0,0.5
39b77b20-5110-4220-b3a5-b8ec185ba8c4.jpg,0.0007840583566576242,0,0.5
39ba9719-6589-497b-8b36-cd54ee3165e1.jpg,0.0002684278297238052,0,0.5
39cc6cb4-d9e5-48dc-a5da-c6b1c9eb95f7.jpg,0.009629685431718826,0,0.5
39ddab01-4431-46c0-b35b-1fa712688fc9.jpg,2.240730196945151e-07,0,0.5
39de3e2a-4e1d-4a2f-92e5-00b19c81be74.jpg,1.0439813195262104e-05,0,0.5
39e2ffdb-ecd2-4920-a26d-ca4c81c17794.jpg,0.9758967161178589,1,0.5
39e87338-5f95-4fc3-ab79-efb29d43c7cc.jpg,0.0007332461536861956,0,0.5
39f02fdc-0de9-4371-9801-5c3dd07cfa33.jpg,0.00258975219912827,0,0.5
39fafeb6-7f15-40ba-b196-70743603a094.jpg,0.025458144024014473,0,0.5
3a0046d7-5a11-439f-a8e0-b397c68aaddd.jpg,0.029923953115940094,0,0.5
3a0a1b8a-2d32-4829-b3b8-42e83005646d.jpg,0.00047063815873116255,0,0.5
3a12db1f-394d-4b11-869d-0ca134a8a7bf.jpg,0.0020729799289256334,0,0.5
3a145058-8e43-4cfe-a4fa-3786ab0a056a.jpg,0.04931599274277687,0,0.5
3a1fd4b4-0241-4e7b-b726-e46d83580124.jpg,2.6324917712372553e-07,0,0.5
3a21cf61-4c5b-4eb0-87ff-5fd1b03baf67.jpg,0.27318647503852844,0,0.5
3a2b87b2-a6b0-4030-8966-4aa79cc529bf.jpg,3.6415858062355255e-07,0,0.5
3a31ec66-7c9e-4579-a31f-369a63e4d6aa.jpg,3.3041416824808323e-12,0,0.5
3a3aede4-430d-40bd-8fb2-db12f177c811.jpg,0.00048186694039031863,0,0.5
3a42b3d5-ace8-4860-a228-0b0fc2d4404c.jpg,0.13509833812713623,0,0.5
3a4512e2-4814-4757-accd-e280fb1cd9fe.jpg,0.0018349603051319718,0,0.5
3a60203e-0ac9-4026-ae99-24defd017756.jpg,0.03478420525789261,0,0.5
3a605199-0a7a-4856-a383-5a17db73b098.jpg,3.530825054554043e-08,0,0.5
3a6e8d41-4f61-4ffd-8439-4320df7563cc.jpg,3.100477652395739e-10,0,0.5
3a763f31-6ec0-41cd-87df-39ed0b48b12e.jpg,9.820075774769066e-07,0,0.5
3a785caf-7d42-454b-b567-34988ff4f4a8.jpg,3.203740277513134e-07,0,0.5
3a7c420a-0e69-4f08-ba1b-41af71cececd.jpg,0.8534290194511414,1,0.5
3a7ed0a9-14ea-4bf0-88c6-1d0ddc81c0cf.jpg,0.011030022986233234,0,0.5
3a7ef05f-9205-4db2-83ef-237653f6abad.jpg,0.0009856476681306958,0,0.5
3a80970e-a9ee-42b5-9d04-671ddd28cc49.jpg,0.5588851571083069,1,0.5
3a844983-5b0f-465b-9a5d-2fcd766c10ae.jpg,0.013365224935114384,0,0.5
3a89de9a-8d2d-4f1f-8820-32e642be674a.jpg,3.26608255818428e-06,0,0.5
3a8a55f3-8484-4f28-a0bb-f66d0a082564.jpg,5.278400383446069e-09,0,0.5
3a8a840c-6fb2-4566-9373-34dff5be637c.jpg,0.00072504609124735,0,0.5
3a8b61b6-350a-4993-a52c-4c68e5457876.jpg,0.004896429367363453,0,0.5
3a976c4b-bc97-4d5d-81c7-611a3fbe9420.jpg,9.276948276237817e-07,0,0.5
3a9a655b-885f-4e0e-98dc-0f36d766c776.jpg,0.0022734454832971096,0,0.5
3a9f8be7-d583-42b7-8276-ff29db71ce36.jpg,0.0233166366815567,0,0.5
3aa1986d-0abe-427c-b3c0-f2d4356e9d62.jpg,2.0563736597978277e-06,0,0.5
3aa1e68d-e76c-4981-8192-1d1f1a48a971.jpg,4.340426187354751e-07,0,0.5
3aa7e59b-81ca-4e27-bb13-7d4ff88705c8.jpg,1.9008775780093856e-06,0,0.5
3ab131c7-cea6-4571-bea5-c132fa107113.jpg,6.118861165305134e-06,0,0.5
3ab711b0-faa2-465e-9ec6-1622116cc502.jpg,4.783905387739651e-05,0,0.5
3ac152bb-9e99-4ef1-9ee2-81ff3566076c.jpg,0.00014041650865692645,0,0.5
3ad51384-e33d-4b79-a42d-554a605a0444.jpg,1.0478708567518424e-08,0,0.5
3ade0866-5ade-4196-94ce-2a99709853cc.jpg,0.0028148230630904436,0,0.5
3ae370ec-795c-4272-97c9-a0c61f966f43.jpg,0.001775635639205575,0,0.5
3aeee817-b0db-491b-b569-3e9881af5bbc.jpg,0.12595540285110474,0,0.5
3b076a25-5756-4206-b56c-3be42ad816c7.jpg,8.084340947789315e-07,0,0.5
3b0859c4-5e77-4c11-b3e6-0aefea9d8c76.jpg,0.20926912128925323,0,0.5
3b0ecb24-1ed0-4008-88d6-d39ccf9e61c9.jpg,1.9102930792769257e-08,0,0.5
3b13dcb5-dfd0-44f2-8cd0-1a3c09802ab0.jpg,0.00421333871781826,0,0.5
3b14353d-7afd-44ae-9fff-7131e34f2af9.jpg,0.9772626757621765,1,0.5
3b15341f-ed49-408f-9d60-fb5246515d22.jpg,0.00010354075493523851,0,0.5
3b187ba1-3b7e-4ae7-bfe2-75a6c07f9377.jpg,5.2115570525756993e-08,0,0.5
3b35a9fd-e432-4550-b40a-888529a59514.jpg,5.396801043389132e-06,0,0.5
3b368679-8fac-4db0-a523-8182041facda.jpg,6.615836900891736e-05,0,0.5
3b3a48a2-390a-42bb-883c-2b1ddaaa3221.jpg,0.0005051728221587837,0,0.5
3b4163bd-99af-48c2-9e4d-29d9363b9bcb.jpg,0.007087315432727337,0,0.5
3b4952ff-e822-4540-a76e-3bb7cc0b95ca.jpg,0.00015576669829897583,0,0.5
3b4e1db0-9791-4a26-9ca6-9b38b93b25cc.jpg,3.945443677366711e-05,0,0.5
3b5638bb-de06-4eba-9336-f9394421d342.jpg,8.837198038236238e-06,0,0.5
3b593e55-f6f8-4468-8b43-e7ea30ec4fba.jpg,0.004463822115212679,0,0.5
3b5a0be4-580d-4a8e-affe-9c70039f57a0.jpg,2.400922085143975e-06,0,0.5
3b5a317b-7977-4770-84ab-9fc3b29a2d3e.jpg,2.7393978143663844e-06,0,0.5
3b69ad70-b7ca-4a2e-9ffa-fba805bf7027.jpg,0.005253859795629978,0,0.5
3b6b0caa-df1a-454d-a268-bb590315ca0b.jpg,1.400802148054936e-06,0,0.5
3b786bbd-a50e-42ed-9108-39a68507fa66.jpg,1.4129662304185331e-05,0,0.5
3b817f0c-7ea1-41d4-a3c1-ff1002dc05c3.jpg,1.0429854455651366e-06,0,0.5
3b86f0f4-4303-4707-9c55-204c3c9225fc.jpg,1.7215998013853095e-06,0,0.5
3b9cecfd-decd-46dd-8282-d69498c02761.jpg,0.010577731765806675,0,0.5
3ba1a63c-4bf1-456b-bfc2-971c2f7f0338.jpg,0.03188997879624367,0,0.5
3bac2ddd-e411-488e-ac09-7b03ef31525e.jpg,4.29010036384625e-08,0,0.5
3bb37340-aa60-4149-9f12-f595e3463d46.jpg,2.2710805751557928e-06,0,0.5
3bb6f46a-5796-4231-ae5b-36beabc3a4c6.jpg,0.004374396521598101,0,0.5
3bb900c1-68df-4466-872e-ccf701f03325.jpg,8.900920533960743e-07,0,0.5
3bd6770b-f712-4837-b528-c39cb842e5cc.jpg,7.58470268920064e-05,0,0.5
3bdb5880-0b0d-4594-9269-27840bc3a3c0.jpg,0.2237415760755539,0,0.5
3bdecd50-fd84-4038-bc25-b2227714cc11.jpg,0.01750149577856064,0,0.5
3be376e4-1382-4ee2-8548-fbe6b7ca8ef8.jpg,0.00029404996894299984,0,0.5
3be81301-ce1b-40b8-9060-9b9ce90f93d9.jpg,0.00021771600586362183,0,0.5
3bea49bc-3143-479b-9915-e5d50beb4c25.jpg,7.427089440170676e-05,0,0.5
3bf17b4a-2ffb-4c54-893d-f10b287771f8.jpg,6.56076366567504e-08,0,0.5
3bf1c567-a114-43b1-925e-d0d8d4c22dfa.jpg,1.8279895652728584e-10,0,0.5
3bf22e0e-304c-435c-b503-b83cd38094e9.jpg,1.2693882126768585e-05,0,0.5
3bf438f4-67ba-4b14-8422-9cacbe0f8df5.jpg,3.2013244322115497e-07,0,0.5
3c04fafc-5f7d-4433-a877-5e28ef3fac28.jpg,0.11400666832923889,0,0.5
3c095295-6a13-4be1-8d6b-8f1009d249c0.jpg,0.00012470757064875215,0,0.5
3c0d505b-12e5-4641-861c-c2289a4c5074.jpg,0.011737164109945297,0,0.5
3c274c39-ae2e-4a11-8923-e31e11262838.jpg,0.0006806953460909426,0,0.5
3c28e314-9f1f-4abb-b11b-3a4322cf1838.jpg,0.043828122317790985,0,0.5
3c30cc9f-0a06-4e26-83e2-acbdd766de55.jpg,2.8753340302500874e-05,0,0.5
3c43c43f-49d2-4bb1-8a5d-0e2a2a2c55a2.jpg,8.815900400804821e-07,0,0.5
3c450202-e783-481b-b6b1-8c83dc666e8b.jpg,0.00014862234820611775,0,0.5
3c59958f-ad2e-4b8f-b02a-31786095e520.jpg,8.75024215929443e-06,0,0.5
3c63ffbf-7425-4ce4-a08e-20eab03ec716.jpg,3.745144567801617e-06,0,0.5
3c6c316b-5e56-4f20-b4b5-32dc4e720931.jpg,0.027577443048357964,0,0.5
3c6ea30f-9fa5-45f9-ad60-65508876a975.jpg,6.01662031840533e-06,0,0.5
3c73a835-0c85-4d0c-ab10-edf9c2f2de59.jpg,0.9466700553894043,1,0.5
3c75e86b-175c-4ded-88a8-c37980dd04e5.jpg,0.007328278385102749,0,0.5
3c77899c-9d43-41bf-9e53-f3b46aaefa1d.jpg,0.0025133779272437096,0,0.5
3c7df52c-0451-4109-a22a-7350046ceaac.jpg,5.839329969603568e-05,0,0.5
3c86452d-931e-4654-a865-6d165211ca58.jpg,1.530303705976621e-08,0,0.5
3c87c672-7573-4237-a532-d750decd4152.jpg,0.0008759187185205519,0,0.5
3c8a341e-8f56-4b90-ab2d-40af89475106.jpg,0.00017196379485540092,0,0.5
3c8d6ccd-0ef2-4a00-a625-c996c755c14d.jpg,0.00012508535291999578,0,0.5
3c981f97-b25e-4ad8-afbb-18723611ee5e.jpg,2.9687435016967356e-05,0,0.5
3c986930-daf9-403b-92ce-ac3025006c0d.jpg,0.25576624274253845,0,0.5
3c9a3f49-4e11-4ba7-9ae2-957170027875.jpg,0.3593318462371826,0,0.5
3c9a814b-4c4f-4bd9-a9cd-d8a428d3086b.jpg,7.676799214095809e-07,0,0.5
3ca289d2-0016-4c16-aca6-ca45dc22d8d6.jpg,0.02532872185111046,0,0.5
3ca92af4-d20b-43ee-a33e-d9ea4c5870ea.jpg,1.65512297877618e-12,0,0.5
3cad8054-1e1c-47f9-a4bf-253992dbd21b.jpg,4.250519486959092e-05,0,0.5
3cb0de5e-6ab3-49a2-8f7c-62e3ac895c66.jpg,9.406608114659321e-07,0,0.5
3cbc4b53-befa-45d1-a828-0c0e7042515d.jpg,2.3305328795686364e-05,0,0.5
3cbf9d13-50f9-4559-8fa9-59bc506d8da2.jpg,5.71795753785409e-05,0,0.5
3cbff62b-34b7-45e5-8acd-62d3d43a42d9.jpg,1.2394699297146872e-05,0,0.5
3cc66914-12b2-4b0f-a4f7-77eba7eb88ca.jpg,0.002503399970009923,0,0.5
3cced4f6-1bfe-4dbf-ae8b-6ae12c898106.jpg,0.05723080784082413,0,0.5
3cd31839-4037-4860-9498-535b704df380.jpg,5.338275741451071e-07,0,0.5
3ce3177f-0d58-45a8-8422-6e23cc19333c.jpg,0.0004971047164872289,0,0.5
3ce77039-4497-4640-ba8e-98c843183cc8.jpg,0.00022157668718136847,0,0.5
3ceeda68-a660-45a0-8843-b71c9b0b9588.jpg,7.422441285598325e-06,0,0.5
3cfcd5db-7f78-4577-a647-ad03dae18b4d.jpg,0.07673652470111847,0,0.5
3cff4778-7cca-4511-b4be-090eac6a5ab3.jpg,1.396941939901808e-08,0,0.5
3d01c4f9-f6e5-49b9-a5a0-69ff56e9955b.jpg,0.0010876173619180918,0,0.5
3d03427c-33ca-456b-afa9-c9ccabf893ee.jpg,0.0005348952254280448,0,0.5
3d070c31-8739-4700-a777-28a675447395.jpg,6.225053766684141e-06,0,0.5
3d0b1cd2-ce97-4850-a5a4-cfbb84c2354f.jpg,0.0448884479701519,0,0.5
3d0e9f11-bb2b-4fc4-9c76-920ec99d6b20.jpg,0.026647021993994713,0,0.5
3d1b700c-94e5-4777-8ca4-1e4e85c702d4.jpg,0.000576911901589483,0,0.5
3d3577ae-57bb-45d4-b78b-13923777ee7c.jpg,0.0011003100080415606,0,0.5
3d36971f-4c1e-4209-b255-218a5b5e9dfd.jpg,0.0496789924800396,0,0.5
3d4d60cd-3008-4776-8edc-d3596758d027.jpg,0.004656926728785038,0,0.5
3d4dbd30-96f1-490f-8227-dd23cbbfd590.jpg,8.51685868497043e-08,0,0.5
3d5557ef-647b-40a6-869a-a242a31874b4.jpg,0.19378262758255005,0,0.5
3d59c2f6-ebd2-4920-bedc-6565c6b43b84.jpg,3.13500595439109e-06,0,0.5
3d5b1ede-d420-4551-b617-89d9ac71eb23.jpg,1.3507971061699209e-06,0,0.5
3d5ca22d-4860-4a9e-aebf-3c439cafa76e.jpg,7.154275002280164e-12,0,0.5
3d62a158-c1ba-49b4-98e4-3ad8c6b9601a.jpg,4.1875105125654954e-06,0,0.5
3d6391b4-f8b0-416c-b0b2-d20b90bcd333.jpg,5.0060204870305824e-08,0,0.5
3d66356c-2d60-4163-afe1-b01a4d2c3a2f.jpg,0.015477440319955349,0,0.5
3d663e31-eed6-4b8d-abcd-a17d27f73778.jpg,0.03897499665617943,0,0.5
3d6aa667-30ea-4bc5-8186-1f1bfd4ffef2.jpg,0.00010460499470354989,0,0.5
3d6b4b09-cd91-4754-abf0-87090a065f70.jpg,0.00016310831415466964,0,0.5
3d6f1bf6-d8ee-455a-9575-124d78f7f751.jpg,2.1715266029787017e-08,0,0.5
3d79481a-51bf-4fb7-9a72-7e36c7a2b69f.jpg,0.004850675351917744,0,0.5
3d82025c-dd38-4956-a361-fb55273f2976.jpg,1.3063115602562902e-06,0,0.5
3d8f5997-18f1-4cc2-9257-aa52819e875a.jpg,0.05295586958527565,0,0.5
3d95c34f-e3d2-401f-baa4-dffa0e71e48a.jpg,1.3624321115734972e-10,0,0.5
3d9f697a-0952-4bb7-9cbc-2cb12efb4caf.jpg,0.00014165414904709905,0,0.5
3da01ddb-1d8b-4654-8a9e-5ab30f19be91.jpg,0.8450045585632324,1,0.5
3da040f9-69fa-4e77-a0b2-0f0c42f4b897.jpg,0.02170616015791893,0,0.5
3da222bc-f78e-4e14-aaa3-ee42bccfba4a.jpg,3.227768274882692e-07,0,0.5
3da96add-43e3-4fe5-bd93-e071abd96dd2.jpg,0.013756416738033295,0,0.5
3dadec65-6a6c-48bc-909a-1a8574c77fcd.jpg,4.9731575018086005e-06,0,0.5
3db8ea1e-a356-4bad-b89b-e241f1e0fa1d.jpg,1.5833275028853677e-05,0,0.5
3dba056b-7ec5-4127-9394-26ea2b1d251a.jpg,2.7803645252788556e-07,0,0.5
3dba4055-64f8-46e3-b045-6dcc57ff84a5.jpg,0.00024730831501074135,0,0.5
3dbfba37-924c-4482-bad7-5758221a0dfe.jpg,0.008058955892920494,0,0.5
3dc157ff-cb7f-48a5-a05b-5af7566beb63.jpg,0.0011649050284177065,0,0.5
3dc1ebab-805e-49d0-9590-1469e77d0fbd.jpg,8.884518319973722e-05,0,0.5
3dcd25fb-df50-4342-a4a4-b8538e504d8d.jpg,1.5297400750569068e-05,0,0.5
3ddbf655-2c0e-43ca-8dd0-92438f8c71b3.jpg,1.4056972252873834e-09,0,0.5
3ddf6305-67e6-41a4-a79a-6b22b67dbd22.jpg,0.0001784326886991039,0,0.5
3ddfccb0-4a98-42bb-97a0-a888cdefbeb7.jpg,4.672173599828966e-05,0,0.5
3de22f54-24e6-47f4-991b-1f9965662e54.jpg,0.008927022106945515,0,0.5
3de2c836-8733-4ca1-97c3-dfcff7b1a4b2.jpg,3.9028400351526216e-06,0,0.5
3de6d0bf-2781-48cb-94a7-852efeeebd16.jpg,2.395690614775958e-07,0,0.5
3df4a3cc-7767-431e-9361-8bfdb1182f4a.jpg,3.9588794464862076e-08,0,0.5
3df69647-fe2f-4dcc-91da-dea57d257786.jpg,0.00037499787868000567,0,0.5
3dfb8b6d-682f-47ea-836b-af2032d4ab95.jpg,2.4734833914408227e-06,0,0.5
3e15e41f-1cf4-4408-8713-8daf4df2c456.jpg,0.11932893842458725,0,0.5
3e19d490-d718-4a94-bfe1-93b33d07b116.jpg,0.0025217959191650152,0,0.5
3e1acfe1-05ae-4b98-a1cf-6dd33a255035.jpg,8.300691661133897e-06,0,0.5
3e20c69a-f2e0-4b2f-836f-25f4d58795d4.jpg,0.0344860665500164,0,0.5
3e294adb-429f-4c87-b6d9-df9b8b5872a9.jpg,0.0020806030370295048,0,0.5
3e2d2ebe-88c1-4171-ab62-2a3d474fd4c7.jpg,4.3327345338184386e-05,0,0.5
3e357a65-cd2e-41cb-8078-f0c43c15f8be.jpg,0.0006219684728421271,0,0.5
3e3bb629-01b5-4604-b78b-53ed00f56d6f.jpg,1.3400012903730385e-05,0,0.5
3e3bddda-a521-4270-9862-0dd13490f332.jpg,1.4329334160206875e-12,0,0.5
3e3fa2c7-d624-4c39-915e-f90512fd52fa.jpg,2.6885943952947855e-05,0,0.5
3e425432-bc01-48d0-9167-1b92e1390a33.jpg,7.295836894627428e-06,0,0.5
3e47b437-c9ac-4d88-a3ff-ded309368899.jpg,6.023846310654335e-09,0,0.5
3e4ab487-ff9e-4112-8689-d5aab1ea9940.jpg,3.12418706016615e-05,0,0.5
3e62e6d8-676a-4cf4-9e1b-3b01ea0aa4f7.jpg,0.005301623605191708,0,0.5
3e63ad43-b61f-4847-8cb6-e374d43384d4.jpg,1.3127404718815683e-09,0,0.5
3e6a5350-7e95-4e52-af5d-75a5ba2e6b38.jpg,2.361021142860409e-05,0,0.5
3e6fa3a2-9b37-40c4-be36-3b3c00e25594.jpg,3.1444590149476426e-06,0,0.5
3e705f20-e697-423f-a0a3-aa2d3286758c.jpg,0.029932446777820587,0,0.5
3e70726c-b427-4312-81e0-cda86279dfda.jpg,0.14030630886554718,0,0.5
3e745f0a-24a0-4cd0-bf41-1e2ab0a3911d.jpg,2.250883699161932e-05,0,0.5
3e780e1e-5dc3-4959-b79c-537304fdba4e.jpg,0.470000684261322,0,0.5
3e79b7ec-368b-4cb9-bc4a-02d728215b14.jpg,0.008515842258930206,0,0.5
3e7dbca4-e868-489e-a636-5632f93638ae.jpg,0.0007979886140674353,0,0.5
3e80348c-e6e1-4497-8674-51b21752a270.jpg,0.44665277004241943,0,0.5
3e82a27e-2202-4740-92ba-1bdfdbdb1789.jpg,6.542139999510255e-06,0,0.5
3e8dfa99-5c0d-42fe-b5cd-082f3e2d3dd6.jpg,0.006516609340906143,0,0.5
3e92c0d0-468a-4e81-92c4-c502b115a9f8.jpg,4.112220253205123e-08,0,0.5
3e93fdcf-5876-42d8-b18e-aa10ce6a2f4f.jpg,2.1438986141930627e-09,0,0.5
3e972355-ae67-43e6-bc4d-250326da96e4.jpg,1.7901778846862726e-05,0,0.5
3e9a431b-044a-4258-8950-3aa655de7b8f.jpg,0.00037171519943512976,0,0.5
3e9e3f12-2790-4d6d-bdc6-9f8e0b627476.jpg,0.0005170268123038113,0,0.5
3e9fd0cf-ab41-4e0a-a806-7296ffe564d7.jpg,5.0473619950253124e-08,0,0.5
3ea4d994-1bab-494d-8832-278e1c749af0.jpg,1.048857072305509e-07,0,0.5
3eb633a9-a8cb-472d-8104-479772c1e649.jpg,0.1149822399020195,0,0.5
3ec2416c-60fe-4d07-8154-8ece96db73b8.jpg,3.09757547256595e-06,0,0.5
3ec46258-a4b7-4230-aee8-8cccb40b5657.jpg,0.0003882733581122011,0,0.5
3ec8e385-a365-4c24-8b80-0fc723a6f35e.jpg,8.958966759564646e-07,0,0.5
3ecddde8-0469-4a12-b18a-74bf305f27ac.jpg,6.564392242580652e-05,0,0.5
3ece1a50-fd1c-4f5a-a87f-c5dd4b75c5d9.jpg,0.0030790138989686966,0,0.5
3ecf8d0e-e156-4d73-a228-2d5b6f23561c.jpg,9.374117482252586e-09,0,0.5
3ed79f40-c46f-4e98-b200-1686a18d175f.jpg,1.307361330304957e-08,0,0.5
3ee22824-551f-4a13-bf16-d5b8cac908a6.jpg,0.0005238947924226522,0,0.5
3ee9a477-08d7-4a7e-b89d-33fd7553fa22.jpg,0.0019199774833396077,0,0.5
3eefd919-57e0-40c3-9f13-070ad170c813.jpg,5.9555557527346537e-05,0,0.5
3ef87b33-01d0-4044-9ab6-a06285dcc136.jpg,2.0749896066263318e-05,0,0.5
3efd0f60-3cee-4099-93f0-6b4feb7a1a79.jpg,0.013511909171938896,0,0.5
3f022ff9-63a6-443b-bd19-c44ba1771f06.jpg,0.002896998543292284,0,0.5
3f0587f1-9180-4dd0-9fc3-ac35d5b36847.jpg,0.0008211804670281708,0,0.5
3f0c70f5-b20c-488a-87fa-7f43f471eb26.jpg,7.031479617580771e-05,0,0.5
3f0f3f04-42bf-4046-8ff8-45857e3c4e10.jpg,5.303693342284532e-07,0,0.5
3f1f674c-22da-45e3-b0ce-1907f067f333.jpg,1.988627838789281e-11,0,0.5
3f2098cf-e8ed-48f1-9eb5-752778883f4b.jpg,0.01610714942216873,0,0.5
3f236236-38c8-4232-9d49-66f97e5dda5f.jpg,3.74060109606944e-05,0,0.5
3f26e479-dfdc-4bf5-aab6-00254a503a43.jpg,2.2144954314740062e-08,0,0.5
3f27905c-66ba-4f44-880d-c96c01dc007d.jpg,0.0004772022657562047,0,0.5
3f299036-f261-41d6-9a6c-ec4ccbbcc0c2.jpg,0.00030028208857402205,0,0.5
3f2ece18-1d0d-45a4-9113-9807677a2ee6.jpg,0.5866469740867615,1,0.5
3f32ad56-94d9-47d3-b5cf-e5e0591d54d8.jpg,4.5779575884807855e-05,0,0.5
3f3e8492-ba75-40f3-b91a-5913e808758d.jpg,0.030863670632243156,0,0.5
3f3ec3a7-d7c3-47f1-b192-d2f071c3f0dc.jpg,0.00048612471437081695,0,0.5
3f4ce955-65ee-45e6-b379-6e03630af61a.jpg,0.00020165223395451903,0,0.5
3f519b5d-5514-47c5-bb39-1da2f22791e8.jpg,3.046497454306518e-07,0,0.5
3f52a491-8f21-4f28-a387-ba132ba5591a.jpg,0.33303114771842957,0,0.5
3f53cb8b-f062-4427-a96a-9ae3b457d4e3.jpg,7.783721583942693e-11,0,0.5
3f596806-4f32-4b92-a7a7-c433e2461fe2.jpg,0.00014045910211279988,0,0.5
3f5eb7e3-8a77-4145-b706-7a221ac93bb9.jpg,4.597183433929786e-08,0,0.5
3f674a96-8b4d-4bc1-88d9-540799e107ca.jpg,0.000224842136958614,0,0.5
3f677928-5fef-4477-a8ef-6d794e3fe19d.jpg,2.955504442070378e-06,0,0.5
3f67d2f6-5fed-4514-a013-e566f1fe247c.jpg,0.0015395267400890589,0,0.5
3f6b8101-ba5d-4cbd-9064-7675d3d9e05e.jpg,0.000774084241129458,0,0.5
3f6d4c09-8c9b-4f3e-abc1-6694bb011aaa.jpg,9.032731185243392e-08,0,0.5
3f73df4e-f232-42ca-9df2-84b2bab50109.jpg,0.00012774247443303466,0,0.5
3f73ec06-a09b-4899-9891-ccf91a4f3f95.jpg,0.0002470139879733324,0,0.5
3f751dab-fc74-4ab4-85df-e1206bd39e2d.jpg,1.0910444814271614e-07,0,0.5
3f7660ae-b75b-4781-89d2-aec83bd4569b.jpg,0.0009016022668220103,0,0.5
3f8000bb-0858-42e2-a555-5d79ee4cd4be.jpg,4.4129211573817884e-07,0,0.5
3f8475b6-50f6-4d9b-bc4b-977f8103c901.jpg,1.552678622829262e-05,0,0.5
3f89d3b1-2fab-44a6-a9a8-4ddecd4d9612.jpg,3.6893043215968646e-06,0,0.5
3f901fc7-540b-42a3-ac4e-8c30c75f3873.jpg,0.0005009908927604556,0,0.5
3f968bb8-7169-465e-a9f6-0161655f0b45.jpg,0.00046536765876226127,0,0.5
3f9bd8de-564a-4435-884e-0bdd8192e431.jpg,4.852190316206872e-10,0,0.5
3fa498d7-1ad1-4f0f-934d-aa2254be4dad.jpg,3.470989895504317e-08,0,0.5
3fad2dd1-bef7-4b70-b3bb-11eaffa94cef.jpg,0.00018112875113729388,0,0.5
3fadea9e-400c-4a7b-8a51-871b763ccb25.jpg,0.00023680746380705386,0,0.5
3faf3ac6-d701-410e-b8fb-8d7a25cd4a4c.jpg,8.975857053883374e-05,0,0.5
3fc6eef4-989c-4748-95c0-be21271e0014.jpg,0.00640613678842783,0,0.5
3fd0568d-125a-4bfb-976d-80a668e5bd62.jpg,0.00021972027025185525,0,0.5
3fd07b21-c841-46a5-87bf-34c5282621a2.jpg,0.8105183243751526,1,0.5
3fd7a92b-768e-41cf-b4e8-89188a02c1e4.jpg,4.420145705807954e-05,0,0.5
3fdd0681-abfd-44ae-9494-3d55162dc492.jpg,6.846033784313477e-08,0,0.5
3fe4aa25-00fe-4cf1-ba54-4fbf9f82a3e4.jpg,0.03147820755839348,0,0.5
3febf8ca-1d41-4761-8501-0b5c4788cd7a.jpg,0.06386275589466095,0,0.5
3ff04105-ad4f-4d2d-ad00-997f10ed75b5.jpg,0.001401465036906302,0,0.5
3ff0e932-327d-488e-8122-79338c62e369.jpg,4.5427408622344956e-05,0,0.5
3ff1be82-4689-470d-95d3-2c6cd18a13bf.jpg,0.0036736817564815283,0,0.5
3ff86d36-6920-42a3-8f38-aa770de79bc4.jpg,2.600148036435712e-05,0,0.5
400ae404-bcb8-4cc2-a4c6-8c94e74cca18.jpg,3.353482725287904e-06,0,0.5
400b6ee5-cafe-422a-839f-dafdaba7497d.jpg,8.697992881501193e-10,0,0.5
400bc99c-d0aa-4f00-b31f-b46aaffeaaa7.jpg,0.19326452910900116,0,0.5
400dc62b-4236-4ea8-8bd1-f9cd8688ff48.jpg,4.6219921223666915e-09,0,0.5
401371d8-12f1-4b4a-9ed7-972597677766.jpg,4.798544250661507e-05,0,0.5
4015f6b5-9340-417a-af39-22033ab4ee85.jpg,9.728558507049456e-05,0,0.5
4018b290-b947-4076-a4d8-a69772eb0c23.jpg,0.02157038077712059,0,0.5
401ed0f9-37aa-4166-af02-c7790585d5df.jpg,0.01471575628966093,0,0.5
40211185-05db-49d1-8e70-bbac11858989.jpg,0.25839921832084656,0,0.5
402e4de0-16e6-4dba-84d1-46988737218d.jpg,1.5644349815602254e-08,0,0.5
403c1bdb-2d37-460d-949d-9157ba98ecb2.jpg,0.005055388901382685,0,0.5
403fcd94-1390-446c-8161-5b9a77989e39.jpg,0.001240587909705937,0,0.5
40426901-5571-4409-9e8b-627537cf8040.jpg,0.0005037997616454959,0,0.5
40487c0b-6f13-4dc5-a65b-935b1dce9a5b.jpg,2.467255555416159e-08,0,0.5
404fc6fc-0b35-4847-95b1-4908cc765518.jpg,0.001281336648389697,0,0.5
4050967c-935e-41f2-a373-830065615192.jpg,0.0001870602573035285,0,0.5
4053d117-3eee-49b7-9835-cd1fce991f36.jpg,5.370316671360342e-07,0,0.5
405a3202-9192-40c3-bec2-21b3e4096133.jpg,1.8529733551986283e-06,0,0.5
40651d29-d1ba-4e2f-bd34-e163c9bf1267.jpg,7.716294270210255e-09,0,0.5
40671e4d-6efc-4742-89f2-1920f4ccebeb.jpg,2.5861407948468695e-07,0,0.5
406d0c3a-486e-4cca-814b-c3e2fc041e7b.jpg,0.013723566196858883,0,0.5
406d365c-3b28-4768-bb20-589a2e1e9e1f.jpg,0.09680015593767166,0,0.5
4073decc-2946-4fc0-b946-877bbee155d0.jpg,3.277350058006334e-10,0,0.5
407841cf-48a2-4147-be3a-8405f1f2968e.jpg,0.00016484351363033056,0,0.5
407dd77f-f37c-42e4-bdcd-edf3386a0768.jpg,4.3172659891510534e-10,0,0.5
407fb2dd-1095-4f8d-83d2-d8b762f23e17.jpg,0.001078778295777738,0,0.5
40820006-15d1-43e7-b4a9-b5c4aadd1526.jpg,3.759691753657535e-05,0,0.5
408d84f2-687a-4969-8159-e72afc64375e.jpg,0.0001798211014829576,0,0.5
408f4c4d-d432-4e44-a7f7-8f97ec0ae710.jpg,7.105867325662985e-07,0,0.5
4091a88a-6e3f-4bd6-b2d5-bc58629602a5.jpg,5.296116323272315e-10,0,0.5
409b5182-f029-4a44-bea7-169877bbff1c.jpg,1.784099140422768e-06,0,0.5
409e080c-3cf8-4661-a380-c4c3aa2200bc.jpg,0.0002578126441221684,0,0.5
40a87613-f306-4648-bb3a-e67861461666.jpg,1.814588722481858e-05,0,0.5
40d3d85a-1649-4ef2-8d0a-cf654f78e6c1.jpg,1.0280117749061901e-05,0,0.5
40e26ca1-0e87-4d8a-81a2-ef074d5c0211.jpg,0.001700304914265871,0,0.5
40f36190-9321-478c-af4b-31cd9a84607c.jpg,5.214221164351329e-05,0,0.5
40f7672f-7b42-4344-bbe0-7fc98e8c7add.jpg,0.0014370155986398458,0,0.5
40f7d370-88f9-4c63-980e-e2a197b6c8fe.jpg,0.00023218840942718089,0,0.5
40f9766a-12ee-4349-b675-19046ade67f2.jpg,2.0332363419584e-06,0,0.5
40fe1402-8348-4967-b959-8b446199069a.jpg,0.0023426730185747147,0,0.5
41048fb0-2275-4546-9890-e57c6c4de2af.jpg,1.3722683434025384e-08,0,0.5
410d7df2-22c3-406f-8d8e-edc76eb0eafa.jpg,0.019948989152908325,0,0.5
41176108-997d-434f-ac49-4e8d21560a38.jpg,0.12213113158941269,0,0.5
411aa8a4-765f-42c9-a924-f2898ed070fa.jpg,2.205613513009408e-12,0,0.5
4121077d-68f0-4591-8750-10f0fc990481.jpg,0.002349385293200612,0,0.5
4121f7ae-95ba-480e-b9bd-10d50659a50d.jpg,0.0017478041118010879,0,0.5
412422b4-51dc-451c-87ee-5c0a61269f43.jpg,2.3807242399698225e-08,0,0.5
412d2c1a-cf78-4f27-a3d5-081d57558408.jpg,9.41279431572184e-05,0,0.5
412e24b2-a86e-4d95-aa42-6030ddb08333.jpg,0.004985958803445101,0,0.5
4138e31a-8da0-4a38-bbcf-75b0524b46e7.jpg,0.0018870743224397302,0,0.5
4138fbc5-33f9-457e-9552-1f36d0fbb4fa.jpg,1.2692031248207059e-07,0,0.5
41395337-adf5-4434-9c9a-c6deb075a650.jpg,1.575073611093103e-06,0,0.5
413a0247-f50b-4551-b305-ba1325186d46.jpg,0.10157177597284317,0,0.5
413b9ec0-ec9d-4310-b912-b11fc0b6ba70.jpg,3.058987931581214e-05,0,0.5
413faa0e-0fb0-480c-9eda-60b98b654da4.jpg,5.720642661799502e-07,0,0.5
414b8e15-5c10-4357-9f20-65c35d45557b.jpg,0.00021937029669061303,0,0.5
4154722c-8858-4721-a86f-53220cb748bb.jpg,0.00013193098129704595,0,0.5
415c576a-ffac-4e06-ab1f-7f0704a2db35.jpg,1.0314248299891915e-07,0,0.5
41607091-e2cf-40d4-9fac-add8b96b7d66.jpg,0.00020764755026903003,0,0.5
41646b22-af77-4e3c-a436-b03c0efb866c.jpg,8.935172081692144e-05,0,0.5
41656fab-f97a-4641-82b5-32c218d76305.jpg,0.02544967643916607,0,0.5
416c9057-1f9e-4c21-be20-6eed4365220f.jpg,5.0893749659053356e-08,0,0.5
416d7745-3f81-4526-87d6-e26d10ce9a22.jpg,0.00034354013041593134,0,0.5
4172b059-9690-4ab4-8661-d3e4e270b9ba.jpg,0.00012261727533768862,0,0.5
417a815b-c4d3-4abf-be62-fc0d09d5e5b1.jpg,0.011701867915689945,0,0.5
41837cd1-8bb2-4095-ada0-f8138cf219b7.jpg,1.0969954018946737e-05,0,0.5
41877f28-c554-41dd-bf98-91711850c240.jpg,1.6336117880655365e-07,0,0.5
418b66ca-8ede-405b-9797-1a1ee08db5df.jpg,1.7490388477814367e-12,0,0.5
419bf9d7-5898-40db-a56a-456f66f97e7b.jpg,0.48104238510131836,0,0.5
419f6f9c-3263-4661-869b-b8ce20d21861.jpg,0.004756138660013676,0,0.5
41a59cb1-1c71-4429-8cf6-b8d1e55cf8f3.jpg,0.051752347499132156,0,0.5
41aa7ac2-27cb-4fea-9f84-d355d653c93e.jpg,2.486095399945043e-05,0,0.5
41b07e59-dfc1-44d2-b2f3-94e75a73d554.jpg,0.010497107170522213,0,0.5
41c4fa68-78aa-4236-a45d-23700bd2ee50.jpg,0.15424957871437073,0,0.5
41c8eeb5-1ae3-4178-9367-a0335894c9dc.jpg,5.7905385801859666e-06,0,0.5
41cca03c-265d-4423-a813-f36f3d3c85b5.jpg,2.8291649869061075e-05,0,0.5
41d02e6d-ba60-4b7d-bd66-7caab7c07512.jpg,0.0011916975490748882,0,0.5
41e4d06e-addd-480c-887a-1e662ea2515a.jpg,7.0275896177918185e-06,0,0.5
41e85117-3ba6-447e-bc90-08f5e20bd3e0.jpg,0.008237219415605068,0,0.5
41e8ca12-63de-4896-a95e-b09604b2efe4.jpg,0.0005206539644859731,0,0.5
41ed7d19-ac19-471e-b774-cf793afaa2be.jpg,0.007844473235309124,0,0.5
41edec06-2ae0-42bf-a310-fe5c5245ec30.jpg,3.7302885175449774e-05,0,0.5
41f64607-e1f8-43a4-8350-60cd63e07147.jpg,0.014603505842387676,0,0.5
41f9ad4b-ffab-4cc1-863a-053f0cb76669.jpg,9.66183847594948e-07,0,0.5
42007dfb-0fc1-4cc9-91d1-fd7e6244b2dd.jpg,6.39871068415232e-05,0,0.5
420ef2be-718a-4af5-a0c7-0f6acd3d5e69.jpg,0.00019424334459472448,0,0.5
421614ce-a485-4ad8-8e5b-70b2a2630fba.jpg,0.000724630372133106,0,0.5
42182f25-fed6-4bbd-919c-8995d47e78ae.jpg,1.1364164720362169e-08,0,0.5
42187125-d69d-4d1e-83de-1e1c6eebf030.jpg,4.78895781270694e-05,0,0.5
421e02a6-5950-405a-ac22-fc6dbfc1cf1a.jpg,7.889383414294571e-05,0,0.5
422744cd-0eba-4a97-abf6-c4ce9154898c.jpg,2.8036192811775607e-10,0,0.5
42282b44-80ca-4c35-8d72-d89df39e48a5.jpg,2.9026937298226585e-08,0,0.5
422b4b60-bd60-40f9-892c-794d98a2620b.jpg,3.796011014856049e-06,0,0.5
422f8282-1044-4c17-8e22-5c9fe39840fa.jpg,0.002262880327180028,0,0.5
42316ad7-4a04-443c-b85d-d3342fb52244.jpg,0.6892035603523254,1,0.5
42358a73-cf73-4346-be0b-aa668167feb3.jpg,4.3279149394948035e-05,0,0.5
4238cf17-95be-4c54-8f44-85b8720df8ab.jpg,5.000866849513841e-07,0,0.5
423a81c8-6206-4ac3-a7b3-b95d03e1827a.jpg,1.854141737567261e-05,0,0.5
423aa142-ea40-4da7-9d60-94efac1b0f38.jpg,0.009282376617193222,0,0.5
42443e3b-d326-42e2-9634-7c01c499fbc9.jpg,1.8735752291831886e-06,0,0.5
42526e5d-8eb4-45fc-a947-44acd7aa5bb3.jpg,0.0008260993054136634,0,0.5
4256fa3a-f22a-49be-9500-d8664d052b08.jpg,1.469557673772215e-06,0,0.5
4256ff0d-b6ab-41ff-a47b-46b5d8dccb38.jpg,3.1976931495592e-05,0,0.5
4262e4be-f157-4b8c-b544-4f7a79dbe447.jpg,1.1564129920316191e-07,0,0.5
42662606-8cff-4e3f-949f-fb380a9ac23c.jpg,0.058290034532547,0,0.5
426d872b-94c7-4a57-b43a-a0e2e05ec177.jpg,4.768103281094227e-06,0,0.5
426df747-6f55-44a4-91a8-3d45efbe1806.jpg,3.293387340619347e-09,0,0.5
42726db7-69ba-4495-a8de-3ee9ca510935.jpg,0.06764619797468185,0,0.5
42766eae-eec9-4a4b-854c-e20b785d0770.jpg,1.2982280528373025e-10,0,0.5
428d03fd-0ceb-466f-9210-162360c876be.jpg,0.026837334036827087,0,0.5
4294a9dc-3a3b-420e-a79e-28b7e7d37195.jpg,5.428823897091206e-07,0,0.5
429835d9-03e9-41a4-91df-7b14c0296e56.jpg,1.082406875241304e-08,0,0.5
42996e88-2f7b-4aee-ab66-b4930f12abb4.jpg,0.1211281567811966,0,0.5
429c7c1d-3a0a-4faa-b802-491c7fa96001.jpg,0.049124639481306076,0,0.5
429fca64-2849-456d-87d5-9ab60cd9f014.jpg,2.721926102822181e-05,0,0.5
42a69cf4-cf39-4de7-a201-57770fecc3fd.jpg,0.0008213584078475833,0,0.5
42ab37d3-a1e0-4fab-80c8-f0ca9d8bb088.jpg,1.7317698564056627e-07,0,0.5
42b09f0d-339f-4124-844f-5fc40f57e16c.jpg,0.0011911983601748943,0,0.5
42b6c463-0e13-47bf-a204-63a0784a19ed.jpg,0.285261332988739,0,0.5
42b86c38-625e-48d8-a82b-bf94815272e8.jpg,7.610612101416336e-06,0,0.5
42b94a88-e0bf-4ff9-918d-350ab92077f3.jpg,1.7455418856116012e-05,0,0.5
42d6f33e-58d2-4653-9239-143e5a3a77ca.jpg,5.144986971572507e-06,0,0.5
42e234cf-132b-44ae-b2e1-e26210105c14.jpg,6.136006504675606e-06,0,0.5
42e2934f-a1cb-42b3-9593-a7bbefa63442.jpg,0.05426102131605148,0,0.5
42e2f4e7-e739-4c90-bb83-046fab47b165.jpg,6.436341936932877e-05,0,0.5
42fb173a-67aa-4ca4-832a-4c896a5fe58a.jpg,0.015121166594326496,0,0.5
42fb197b-febe-4f7f-b3e8-b2bcd64e8390.jpg,0.0007365517667494714,0,0.5
42fd54b5-faa5-4146-b7a9-8fa2d29b8132.jpg,0.004446255974471569,0,0.5
43059a82-103c-4c1c-9dc2-4953edce586c.jpg,4.53155983848319e-08,0,0.5
4306281b-c2dd-4605-b6c0-d9c5170fa799.jpg,2.331902574682909e-13,0,0.5
430f2b3b-70ea-4a56-90a3-4b306fc261f8.jpg,0.0016322690062224865,0,0.5
4310544d-be35-47e0-baad-a1651aa0987a.jpg,0.055960722267627716,0,0.5
431dd65b-5d39-4f59-8a87-d244dd2fd0e3.jpg,0.6083486080169678,1,0.5
431ef58d-1a24-40d6-ac1a-8050fb48ce33.jpg,8.237737603167261e-09,0,0.5
4337d814-fd81-4cfe-b206-c2a15d8ccac4.jpg,0.0002808595891110599,0,0.5
4358d3b8-0215-426b-9c7d-6a56f91da6c8.jpg,1.1419859191619253e-07,0,0.5
435b1703-c2ab-4ecc-b823-ee4d1ba42b92.jpg,0.0004311669908929616,0,0.5
4361011b-92e2-410a-8f13-1ab2c707d35e.jpg,2.077457850191422e-07,0,0.5
43687c6f-b81d-468d-b2e5-9a19e1ae522a.jpg,2.7211029873797088e-08,0,0.5
436e4804-8d9c-4208-a8de-bc9af76bf523.jpg,9.860661521088332e-05,0,0.5
43731237-fb4d-446a-9aea-41cbdc39b03c.jpg,8.088714093901217e-05,0,0.5
43770358-664e-4e7f-abef-44f255484e90.jpg,0.4191248118877411,0,0.5
4380393b-f2e0-432f-8aac-72191b48a6f4.jpg,0.0018956585554406047,0,0.5
439396f5-c223-43c6-8fc9-2241c49b883b.jpg,3.437475015743985e-08,0,0.5
439bb9c3-605e-454a-9856-ef8ad320ba87.jpg,0.05370234325528145,0,0.5
43b34b0c-b64e-4ab3-a6d8-c4ca20cb0c7d.jpg,0.0017020798986777663,0,0.5
43bdb407-4b1a-468d-9651-05e181dfdaf4.jpg,2.289089252371923e-06,0,0.5
43c23bda-ec7f-427f-a79d-74b951252b71.jpg,0.0007627579034306109,0,0.5
43c496c8-b7db-4058-8d2c-58580912919f.jpg,0.7212783098220825,1,0.5
43c6b39e-760c-49d1-8710-b81cfd50a652.jpg,0.00023895189224276692,0,0.5
43cba395-c96d-4ae5-b24f-61d3b8f384d0.jpg,0.00020365597447380424,0,0.5
43d019ba-83c8-42de-8e00-cd1684522302.jpg,1.1732775124714823e-12,0,0.5
43d0a28b-fcee-403e-ac1a-6e27affc5a3f.jpg,6.6046923485885145e-09,0,0.5
43de6154-a52b-4b8f-afd4-bdc9304d8fc3.jpg,2.5612636818550527e-05,0,0.5
43df9a65-cd57-4160-9ce2-ba0402fbbe13.jpg,0.0002209441881859675,0,0.5
43e265c8-dc5d-4299-ac33-12453dca3b75.jpg,0.06328225880861282,0,0.5
43eb9ee0-f12b-44af-b6bd-dc00dd73dc44.jpg,2.497237119314377e-07,0,0.5
43f3f724-0789-4033-bb0e-c911caa6594a.jpg,0.013264460489153862,0,0.5
43f8007f-9805-44b8-ab3b-2f3244123317.jpg,0.16077962517738342,0,0.5
43f89233-7b03-4585-b6f0-da9d8f7d57bf.jpg,0.0006581991328857839,0,0.5
440e69ba-5342-4acd-8253-a57952d84dd6.jpg,1.328034071601536e-10,0,0.5
44193435-ce1c-4a60-b17c-3a8e2e8074a0.jpg,3.7566089758911403e-06,0,0.5
441dcdcd-5c39-4ed6-8acf-856093ea9121.jpg,7.821300641808193e-06,0,0.5
442d9881-af0f-48f5-8bb4-03e57cd3cf6b.jpg,0.532180666923523,1,0.5
443bc03d-d103-403d-a4c0-a47f877dd07b.jpg,4.531430164433914e-08,0,0.5
443cd0e0-6ffe-4770-a52d-0e2078b9948f.jpg,0.12035415321588516,0,0.5
44425727-51fc-42e8-a71c-f165e0a36756.jpg,0.00027307652635499835,0,0.5
44456067-6111-4eec-9b66-9159d36fe2d4.jpg,7.681348535015786e-08,0,0.5
44481ba9-6cb3-4133-a0ea-5a9536bf34b4.jpg,0.0025999508798122406,0,0.5
444e33d6-261a-4227-97c1-7bb66e926c7c.jpg,6.624181203562785e-10,0,0.5
445198b7-eae2-474a-8634-f4fc64c76a9f.jpg,7.591381290694699e-05,0,0.5
445981a8-c5bf-4c15-9ac8-d520a6174412.jpg,0.1443089097738266,0,0.5
445e7d0d-c22c-4d02-9328-aea7b117738b.jpg,0.00022826017811894417,0,0.5
4479c91f-e273-41ce-b12e-5f1d79047762.jpg,0.0003455541154835373,0,0.5
447ac939-bc0d-4e9d-b80c-9a16067f914b.jpg,3.083470437559299e-05,0,0.5
4485315a-12aa-4d17-b0f8-d1d0f3b8667e.jpg,2.6559106913737196e-07,0,0.5
4488d8e1-3f6a-4f2c-9b43-f3c86c7db392.jpg,0.00031676137587055564,0,0.5
448a6b58-155f-4ee9-80af-e10d57602331.jpg,2.4321267222404686e-10,0,0.5
448cee84-67bc-485b-9954-3348e9832171.jpg,0.01608361303806305,0,0.5
4490ced6-8671-462e-9ad9-0f08f97b6354.jpg,7.240458188562116e-08,0,0.5
449c633c-765b-453c-9b71-2d1cdaa18e35.jpg,2.708784450078383e-07,0,0.5
44ac47bb-3450-4b4a-8b99-a271655fc08c.jpg,0.30270910263061523,0,0.5
44b700ba-4913-4cc6-aed8-e5728e5d0dd0.jpg,9.071472959476523e-07,0,0.5
44b98323-9a62-4b73-aa30-61fc25ebdeb2.jpg,0.054530464112758636,0,0.5
44bb63cb-262c-4773-a7dd-9d280dc96fe8.jpg,3.0428172976826318e-05,0,0.5
44bd4d19-6343-4739-b241-a0f68894e5b2.jpg,4.3760323023889214e-05,0,0.5
44c3f08b-d6ac-4efb-9506-f7aca582d7f2.jpg,0.0016750441864132881,0,0.5
44c997f1-5a81-40f5-91f9-96d6ba9f2091.jpg,0.0006554792053066194,0,0.5
44cda91e-d54c-4405-8c2d-b746a7429483.jpg,2.9176570048861095e-09,0,0.5
44d2632b-be1a-4078-9a45-d28d289836d4.jpg,0.0020386860705912113,0,0.5
44d4c291-63ee-497d-b7e2-ab22cfc60f3d.jpg,0.00030893689836375415,0,0.5
44e198fa-0b81-487d-8dd4-6b0119834f07.jpg,0.001770228031091392,0,0.5
44e2f90f-f87f-4cab-b403-05311b8f1954.jpg,0.0037725968286395073,0,0.5
44e76923-8ad7-4ec4-8814-60efcbc372f4.jpg,0.018490593880414963,0,0.5
44fb08d8-1cf6-4a2d-b544-1fd965ffe3fa.jpg,6.774668008802109e-07,0,0.5
4505f867-2d90-46e7-800f-3d828678691a.jpg,0.308930903673172,0,0.5
4509f02e-18ad-4ce4-a92e-eb5298190b78.jpg,0.0018550590611994267,0,0.5
450b0b25-1f23-4053-a2b1-ce364e93953a.jpg,0.03642958775162697,0,0.5
45149f88-c742-43e0-905a-5b14a6ac1d58.jpg,0.0010184490820392966,0,0.5
4516a8ff-fbef-4d4f-bf00-20dccbbd527f.jpg,2.4441465029667597e-06,0,0.5
451857b1-9a1d-45a0-82ee-40453c2fd6fc.jpg,0.4853728711605072,0,0.5
45252c30-b03f-4470-b0cd-7b781f54928e.jpg,0.0012013945961371064,0,0.5
4534c9a5-0c44-4857-8c63-6da2a8d0cb04.jpg,1.1463965421398825e-07,0,0.5
4542988c-aed2-4098-8848-86892faffa1d.jpg,6.737155278102591e-09,0,0.5
454e4a02-c0f4-4dd5-8101-ee57eb3fb15d.jpg,0.0002510854974389076,0,0.5
45522c0f-a08b-4e63-bcac-d8360570622d.jpg,0.0007663932046853006,0,0.5
455d7807-d0b6-4b41-b253-8cfa1dd93bab.jpg,0.0004331881646066904,0,0.5
455d7e2b-4cc7-4436-8caf-f2aa66b4567b.jpg,0.9977044463157654,1,0.5
455eae1e-5aa6-4c90-96ce-8d05fff79cad.jpg,5.795720880996669e-08,0,0.5
45605767-bc1d-4216-b586-cb0cb84d2630.jpg,3.8539291202788206e-10,0,0.5
4562b1a2-35e1-4bdb-b363-da08c00d57c4.jpg,6.0635673435172066e-05,0,0.5
4563953c-b310-4662-ac53-3f62ebcb0ef7.jpg,0.019175706431269646,0,0.5
4571cdcc-5a62-43a0-b93b-943ccf031b18.jpg,0.015454153530299664,0,0.5
457bf47e-a285-45b8-949b-d3bd89c3c3a1.jpg,2.0674822280852823e-06,0,0.5
4585d716-8712-46f7-bf5a-d4d4680d2c37.jpg,1.56516362039838e-05,0,0.5
458f6a70-a3f7-446b-9794-1e7edc420803.jpg,0.21115583181381226,0,0.5
45a5e114-578e-48ec-b847-c673d69a4620.jpg,0.012204315513372421,0,0.5
45aea5ee-9630-4605-91e1-420734cf20cb.jpg,1.971287247215514e-06,0,0.5
45b3ef4c-d872-4446-ba3f-aae027d21fa7.jpg,1.9352123672433663e-06,0,0.5
45b89c24-b57a-4bbe-b30f-3d6fb66bfa37.jpg,0.0016938557382673025,0,0.5
45ba5d3b-40d6-4ba4-9f7f-6c48457e116a.jpg,0.25047099590301514,0,0.5
45c98eb8-8810-4577-89ff-4865b048ab20.jpg,2.4826533262967132e-05,0,0.5
45d33028-4bba-4292-85aa-6166939abbd3.jpg,0.0014933845959603786,0,0.5
45db4e40-2daf-4caa-a51a-5b52bf227677.jpg,8.110598770372235e-08,0,0.5
45e75229-cc41-46f9-9949-c78b2dda49a1.jpg,0.015111654065549374,0,0.5
45f2692d-7314-42d1-98fc-0837216d18ba.jpg,7.933154120109975e-05,0,0.5
45f8d059-29a8-4461-86ab-d30aa3169d46.jpg,0.0001735977566568181,0,0.5
45fa9921-049e-492b-8988-b1e80c2a2b2f.jpg,0.00022423929476644844,0,0.5
4606cf26-a429-4297-a496-3cd71984c8b5.jpg,5.8670487135259464e-08,0,0.5
461372b9-bf87-4921-8785-e3062fe6fdd2.jpg,6.244825954127009e-07,0,0.5
4613b245-47a0-4f74-8288-e6309761a3ed.jpg,0.05502244085073471,0,0.5
46143c1a-067f-4f48-85c9-1a178bdab969.jpg,1.9623149771774706e-09,0,0.5
4614c070-5e9b-4210-a7d6-62ea0b2af64c.jpg,3.9479351698901155e-07,0,0.5
461b895b-fff4-4969-857d-9b2f5518285f.jpg,1.3057584737907746e-06,0,0.5
462e879b-1e19-4cfb-8585-caf9c3ab88f7.jpg,0.9808543920516968,1,0.5
462ec74a-badb-4339-b25c-6df266ba50cf.jpg,1.9593208833157405e-07,0,0.5
463a20bd-9943-44cd-a396-7cb321088b11.jpg,0.00012220874486956745,0,0.5
46410780-62d8-4f18-b6c5-009abf2afccb.jpg,3.7333706131903455e-05,0,0.5
4646747a-6f16-439a-a47b-7eab9465b221.jpg,1.1669452760543209e-05,0,0.5
4647d3cf-07f1-4b0a-b5a0-03bbd9170501.jpg,0.0004936986370012164,0,0.5
4648fb52-2092-4e17-aaca-8682dc016746.jpg,0.00017641580780036747,0,0.5
4652ca35-2c5f-4808-8bbd-7d3b1e7289ac.jpg,0.0003881223383359611,0,0.5
4657e409-8a5f-46b6-ace7-e064d6c1ad1c.jpg,0.00026411976432427764,0,0.5
465c77c5-b32b-432c-b073-7278389d6991.jpg,0.01606137678027153,0,0.5
46635f32-e253-44df-9f11-88601d8493ea.jpg,0.0005292602581903338,0,0.5
466523ec-94b3-458e-8cf1-9a75f5f98163.jpg,4.68220719085366e-07,0,0.5
466ca1b3-b372-4d18-bb27-95283ad86a96.jpg,0.0009649419807828963,0,0.5
466deba6-3c31-45cd-a008-d140bfceb661.jpg,0.04352891445159912,0,0.5
466ff667-2272-4649-88ea-464223a02d63.jpg,2.053398930002004e-06,0,0.5
4675e4f8-73dd-40e1-aeab-fe330c07ca03.jpg,0.0011249042581766844,0,0.5
46794eac-bb37-4b8f-aeaf-ddf56ca4014d.jpg,4.522248491412029e-05,0,0.5
4681c67c-2908-4f47-8924-1de422a2054e.jpg,6.442549783969298e-05,0,0.5
46964254-43af-487a-8317-13c6e4ad8746.jpg,6.5796630224213e-06,0,0.5
46aae5ca-7d28-47a7-aefa-6e4d202ef3fb.jpg,0.0010047206887975335,0,0.5
46c52035-efa6-4b58-b460-d10de598535f.jpg,1.4719064893142786e-05,0,0.5
46c6a3e0-6cff-47a8-8f25-4d537c327940.jpg,0.00017858980572782457,0,0.5
46cacd66-5488-4c59-ba15-03ade76c2796.jpg,7.373679267175248e-08,0,0.5
46cb26b1-26bb-4b43-9a69-3f7da3a23950.jpg,0.0016997212078422308,0,0.5
46cb554e-4467-4d93-97de-f4f78c00a703.jpg,1.2747700566251297e-06,0,0.5
46d2a245-f879-4195-921c-e28e10f136b4.jpg,0.0014007105492055416,0,0.5
46d40e0d-4fd8-489a-bfbb-00cd28f449ba.jpg,0.004863332957029343,0,0.5
46d5f08e-8f9b-4017-b6dd-011d50b4d1dd.jpg,1.7236880012205802e-05,0,0.5
46dd60e9-cf74-4594-8ec6-8155323e641a.jpg,8.075047844613437e-06,0,0.5
46e3327a-b7de-4208-9b7c-aee5e89a10d4.jpg,0.00021696732437703758,0,0.5
46e71bee-f1d1-4530-999b-f7a5395b9b6a.jpg,1.570031038511388e-08,0,0.5
46eab5dd-3623-4097-822e-158895b2dd20.jpg,2.7621156277746195e-06,0,0.5
46ebe355-f62f-4b24-a463-15d7733651e0.jpg,5.83091963601845e-10,0,0.5
46f4637f-bca7-4065-bbba-60f8aec7cf14.jpg,0.000590755429584533,0,0.5
46fba3b7-a8e5-49bc-9639-bfe988552171.jpg,0.9726417660713196,1,0.5
4706681a-73a7-42e8-9a79-b018df46f0fb.jpg,0.022529153153300285,0,0.5
470701af-98cc-4a6f-a254-4a15e372835a.jpg,1.276676186989789e-07,0,0.5
4713177a-9799-4e74-bb3a-a7c98522e5c6.jpg,0.06772955507040024,0,0.5
471333de-5880-4c00-96e6-1e769b68da9f.jpg,0.0025629594456404448,0,0.5
471c8c04-9a02-406e-a071-2dfeef9fb3cd.jpg,0.06754282116889954,0,0.5
472b426e-d1aa-47d9-9f06-82988460012e.jpg,2.010986861478159e-07,0,0.5
472e7985-ea86-45a3-9c3e-d64dff2648a4.jpg,0.013404498808085918,0,0.5
4733fdb7-4fa1-4ea3-85b7-88e98535dd31.jpg,0.01568388007581234,0,0.5
4734fd2a-ff8a-41ed-a973-0395a5338469.jpg,0.0017967928433790803,0,0.5
47386095-1ed0-4be0-9139-fe8ee516a1a1.jpg,2.716248115319786e-09,0,0.5
4744e22b-44f9-4c5e-a160-30106596281b.jpg,9.035185030370485e-06,0,0.5
474663e3-2beb-4b47-8f12-1967be2ddf92.jpg,1.9748019894905156e-06,0,0.5
4746dd0c-86d4-4024-b8f9-b3b775abc34a.jpg,0.05742548778653145,0,0.5
474f89a5-cfb3-4670-957c-f41eb1806db8.jpg,1.370840578829302e-07,0,0.5
474fbb38-d3be-4f4c-a558-eb4ae6b4eb3c.jpg,8.556921238778159e-05,0,0.5
47580bf0-5b1f-4d21-8196-aeb5f5f39bf9.jpg,0.01173226535320282,0,0.5
47695f4d-23f5-4997-a164-8edd25bc3169.jpg,1.6921260339586297e-06,0,0.5
476fcbe4-c62a-4d83-a1d2-82ce559ab72d.jpg,1.3692744005311397e-06,0,0.5
47759945-7d81-40b2-bcfb-895f99b76e0d.jpg,5.7912613556254655e-05,0,0.5
47839a05-c859-4895-b3cf-54aa111f7a6b.jpg,0.23818594217300415,0,0.5
4783a04f-70aa-4c2f-a7e4-66d546015e1e.jpg,0.004142449703067541,0,0.5
4785ffdf-de73-4d3d-b7ea-ff74f9f33622.jpg,2.684737410163507e-08,0,0.5
4798484c-5782-4c77-bf7e-5c2ea5754305.jpg,2.3697826691204682e-05,0,0.5
47b105b4-152c-4a4d-b4e0-7710f5eeb81f.jpg,7.606031999785046e-07,0,0.5
47b62834-3a60-4cce-90ab-ebfad3f2b73f.jpg,0.0638783872127533,0,0.5
47b647ff-8a5c-4512-9333-737dfe081574.jpg,0.004210624843835831,0,0.5
47bd4383-3dd3-4d44-a54f-c05b5ae569dc.jpg,5.747552904722397e-07,0,0.5
47bde3b4-36bf-41c9-8488-5e0d89c59544.jpg,0.0005226286593824625,0,0.5
47c0c547-bf9d-480d-a364-4dfebbde70a6.jpg,1.780662159944768e-06,0,0.5
47c7fb55-3cf9-47b8-a71c-8614add625c1.jpg,0.0006939502782188356,0,0.5
47ce2ab7-3d76-4126-974f-bbcd0c2db1dd.jpg,3.3077016269089654e-05,0,0.5
47d35b00-e74f-4648-9d2b-dac992984a74.jpg,2.1628407953500073e-09,0,0.5
47d5ed41-e558-4ae5-8edf-eab6815f46f9.jpg,0.00014228944201022387,0,0.5
47dca85a-25f7-4450-bf23-4e63fa0ce3a1.jpg,5.342783424566733e-07,0,0.5
47fffa05-f88c-4638-801f-b19972083274.jpg,0.0017199574504047632,0,0.5
4817acdf-4db8-44c7-8416-2857085fd26c.jpg,1.652031414778321e-06,0,0.5
481baea2-4065-4c77-9608-65dcc63c2e91.jpg,0.0017167470650747418,0,0.5
4827b1d7-7085-408a-b9e2-38c1bdfe3e13.jpg,2.317562757525593e-05,0,0.5
483567ea-5b16-4848-bd20-e099adc69d2c.jpg,0.0020111985504627228,0,0.5
48388e61-76e1-41fb-879e-8671d32b81a1.jpg,3.449362750984619e-08,0,0.5
483ce781-2b98-4b5e-b367-a68f671a1522.jpg,0.0023443622048944235,0,0.5
4840ff55-dbdd-4f8a-977a-cd7ee3f0b9d3.jpg,1.426365452061873e-05,0,0.5
4845b68a-56ce-44fa-8d4a-98ea046f3444.jpg,9.339209100289736e-06,0,0.5
48510c77-e934-4167-b31a-9b18864e6e9c.jpg,4.174236512000107e-09,0,0.5
48536800-a2ed-4512-bc6c-3965cdf858c4.jpg,0.007720232475548983,0,0.5
485995ad-b9b9-496f-8c56-9e90d182da0a.jpg,0.3931388854980469,0,0.5
485a9b84-469c-4839-8640-5818abd175b2.jpg,1.6099694022386757e-08,0,0.5
485cff7b-d2cb-4866-8526-af679a2c9d80.jpg,0.012962947599589825,0,0.5
4862da02-e86e-4f8f-bb6e-17cf122b3433.jpg,1.7522445716622315e-08,0,0.5
486e76a1-cc4e-4554-86a9-ad71e3cc12ab.jpg,0.04028324782848358,0,0.5
4871a352-49a7-41d2-9ec8-eb02b5b20b2f.jpg,0.0006526746437884867,0,0.5
4879ffd4-7b1b-43e6-a73c-746ee9e4e203.jpg,7.025246162584153e-08,0,0.5
487a7521-a055-45f2-ab12-ca804e084561.jpg,6.848822522442788e-06,0,0.5
488b60c5-4a64-410e-9438-ce796537a724.jpg,0.1967562437057495,0,0.5
488b735c-b46b-4d48-a799-64e3f24b45a7.jpg,0.00025464463396929204,0,0.5
488b8897-136e-45c6-9960-a69d0ed191a0.jpg,1.1489350981719326e-06,0,0.5
488fcd0b-7b03-49d5-951e-d5d46fb2dad4.jpg,1.57009893086979e-07,0,0.5
489011b2-ab19-447e-b49f-93c2288d2ff8.jpg,0.007052212953567505,0,0.5
48989ce8-a1cf-413e-a04a-0f650ad71dd9.jpg,2.568758645793423e-05,0,0.5
489c3ec9-b548-481c-b940-6094c003311d.jpg,2.8559593374666292e-06,0,0.5
489cbdc2-3dd3-42a9-81cc-8128558cb41d.jpg,0.003595226677134633,0,0.5
489f4338-ed6a-4650-ba51-5b3144ff9a66.jpg,2.946286270510967e-11,0,0.5
48a2b574-9a6f-4450-aa90-4db9f1ca0486.jpg,0.000113880836579483,0,0.5
48a2dd75-8554-4af8-8d2c-69f3ca468c99.jpg,1.8629511089329753e-07,0,0.5
48a3eb60-6c7d-4c18-803c-6fc513259a80.jpg,0.4057699739933014,0,0.5
48a4fff2-40f6-4205-9680-675a4f8e524d.jpg,1.230021553055849e-05,0,0.5
48a50720-d562-4efb-af1c-7029ce075ce0.jpg,0.0002780993527267128,0,0.5
48b15b6b-5170-4ef4-b8c4-83bcbfa3180e.jpg,2.1967251086607575e-05,0,0.5
48b5ccb0-5232-46dd-a464-0431e7376b39.jpg,0.010111293755471706,0,0.5
48c6035c-70f9-4e56-a08a-170947d7773a.jpg,4.447065649060278e-08,0,0.5
48c8ecb0-41b6-4e5a-8936-a3822816147e.jpg,3.1143079013418173e-06,0,0.5
48cb0df6-e689-4ac0-90d6-86bbe7c3cc6f.jpg,4.6855864638928324e-05,0,0.5
48d20d15-c464-467d-8a8f-1556141e78d6.jpg,9.11203369469149e-06,0,0.5
48d361dc-c241-4373-b668-4bd6db122932.jpg,0.2741158604621887,0,0.5
48d57565-8a4d-448d-a91c-a42318a78f7d.jpg,6.13537777098827e-05,0,0.5
48d86158-854e-4cd5-9378-e5df6a49b1f4.jpg,0.00027287480770610273,0,0.5
48ded510-52bb-4d78-b2a2-adb04edcfb3a.jpg,1.4857237147225533e-06,0,0.5
48e2d3fb-5b11-4f63-9d8e-ee22f5f23484.jpg,5.968040568404831e-05,0,0.5
48f22a47-b9c4-4866-81e6-f586c9ebfe8e.jpg,9.653898450778797e-05,0,0.5
48f4cf57-bdac-46e4-aa61-77aa3bff07d5.jpg,1.9597941047777567e-09,0,0.5
48f68f3b-6ab0-4a92-bee4-01bd5a579be2.jpg,0.00036848546005785465,0,0.5
48f71765-85f8-46a6-8e68-86ab807a280b.jpg,0.0001486237597418949,0,0.5
490952b6-f7c6-4f72-9c8d-eea5a351dc4c.jpg,0.0001352470862912014,0,0.5
4912d7a1-9bbc-4cd0-a8cb-99ce5a634397.jpg,5.360142040444771e-06,0,0.5
4914d92a-6664-4d02-891d-da36434b2491.jpg,0.6932603120803833,1,0.5
491af48e-9332-48be-8a52-314cc89ba52b.jpg,1.759228666742274e-06,0,0.5
49216b43-3463-4cb6-a66a-f55bbada068a.jpg,1.7532092897454277e-06,0,0.5
49223df7-84ca-4f1a-a701-6ad73f9dd1e2.jpg,0.0006477608694694936,0,0.5
4923683a-e346-4f81-a44a-d8485f479b17.jpg,1.9934703232138418e-05,0,0.5
4924a9ba-0c92-4779-affe-8cd594b2cd2a.jpg,0.030943885445594788,0,0.5
492863d0-28f9-4421-8981-4bd117b45ee5.jpg,0.004691120237112045,0,0.5
492b550e-a5d1-454d-a151-410b133e8ac1.jpg,4.477606125874445e-05,0,0.5
492babc4-5df3-4378-af0b-53fabf5535ad.jpg,0.0012430883944034576,0,0.5
49428817-08a4-451c-b149-d7afc23db50d.jpg,3.6241504858480766e-05,0,0.5
49437fdf-e0f0-4d50-b2be-5c086b6c434b.jpg,4.288621767045697e-06,0,0.5
49461449-cc31-4975-9f37-3311442d7a37.jpg,1.9671540840704438e-08,0,0.5
4946fcfe-7a6d-4836-89b2-4be24bb32a9f.jpg,2.934843678303878e-06,0,0.5
494f1071-243f-4080-88bb-2a2f9265da86.jpg,0.00038124414277262986,0,0.5
4954682d-7733-4f6b-8921-09794fe1ad14.jpg,0.07781469821929932,0,0.5
495568d4-1d31-4deb-9af8-cedf5ed1d2c5.jpg,6.189877055362558e-09,0,0.5
4958a5c6-9de4-412b-a32e-37b1567f128c.jpg,0.0031939297914505005,0,0.5
4965ab1a-1e37-4b01-80f5-225a9a2416fa.jpg,0.22728003561496735,0,0.5
497caab9-447f-4b1f-a331-3ce98ca17694.jpg,5.613950406768708e-07,0,0.5
498042f0-39cd-4091-9839-ff4e20856f38.jpg,0.002099337289109826,0,0.5
498f3a61-c78b-44a2-ad32-84f3f6f9da9a.jpg,0.0017895748605951667,0,0.5
498fa8a9-9499-4e96-b14c-2cf2b5bcdb51.jpg,3.6168848964734934e-06,0,0.5
499331fc-7226-4e70-a32a-704e999fe1bf.jpg,1.5144721032811503e-09,0,0.5
499a25cc-d5ba-4e50-91e2-124763b4fd09.jpg,1.5717139945081726e-07,0,0.5
499ade58-54c1-4623-8601-d3f127dbfaf1.jpg,0.0001364687195746228,0,0.5
499e2248-722d-43cd-8525-a74797d87b64.jpg,0.9914464950561523,1,0.5
499eccba-01b1-483d-89ed-f95bb1f4e8fc.jpg,0.0003398015978746116,0,0.5
49ad363d-eedc-4b25-8c0a-b4c57f70924b.jpg,0.09285899251699448,0,0.5
49b09cb7-8c83-4c5f-a2a8-3e95dff74d11.jpg,1.6454760043416172e-05,0,0.5
49b703a1-0f3c-4032-ad3c-1c5b7329129f.jpg,0.0002960200363304466,0,0.5
49b748e3-a2ad-47bb-8a0d-2588ddeb48c3.jpg,1.4922696891517262e-06,0,0.5
49b98164-a250-44a5-8b09-ff86f40694ed.jpg,0.00014748139074072242,0,0.5
49bce58c-8a02-41bd-bb67-c1ebde408918.jpg,0.0026660568546503782,0,0.5
49bd0e84-4e15-432b-aaa1-a488fda6b021.jpg,9.712060489164287e-08,0,0.5
49be8e93-7ec3-4447-9b5c-758443c72e75.jpg,2.0893639884889126e-05,0,0.5
49c32c32-08a4-484a-b260-6713bd44c61e.jpg,0.6357565522193909,1,0.5
49d31697-b045-4add-bc86-2c618532222f.jpg,0.002967777196317911,0,0.5
49d61d09-76f8-4b97-90c3-96c83ca16fc2.jpg,0.00011830471339635551,0,0.5
49da7543-0167-4e38-b92b-158f39fbc8b5.jpg,0.03518911078572273,0,0.5
49e24165-1545-4a68-abc3-a6533c89ad75.jpg,0.00037473096745088696,0,0.5
49e2a063-e8b5-4e83-b425-4dc7754a646f.jpg,0.0005200696759857237,0,0.5
49e2dd8d-0dc0-4502-901a-7e61d78088b6.jpg,0.0009747298900038004,0,0.5
49ea50fa-4400-43e0-8069-d535658d9e5d.jpg,0.014073146507143974,0,0.5
49ec6226-5e6a-4cd9-810b-ed0d53e30ef6.jpg,7.244076414281153e-07,0,0.5
49f44830-946f-409d-a9fe-7b0652545cbb.jpg,5.404975578215954e-09,0,0.5
4a0401c6-07c6-4717-9f73-6fa3eac47b04.jpg,0.00022459682077169418,0,0.5
4a0a9df3-eb1d-4cac-ade4-d4ac97cdcc8e.jpg,0.0001400425098836422,0,0.5
4a0e250e-8d9b-426a-b139-5619c622625b.jpg,0.00013045208470430225,0,0.5
4a0f3534-ea77-4d64-8c4b-6d280e39e446.jpg,0.15297919511795044,0,0.5
4a10bebc-0206-42bb-bc87-cffe7a641dc5.jpg,1.0315707186236978e-05,0,0.5
4a241062-6119-4a5c-a92a-a8b4277972a1.jpg,0.010051988996565342,0,0.5
4a25383d-96d9-43a0-a4b5-75dca2ea5f47.jpg,7.559984805993736e-05,0,0.5
4a29148d-9db1-494f-8786-04d46f036cfd.jpg,9.102430453822308e-08,0,0.5
4a2f700b-55be-4ff9-8987-9a50cdbf9774.jpg,0.0005093031213618815,0,0.5
4a2fa410-7021-4cfc-bfa2-e14b30a3d9e4.jpg,0.001283921767026186,0,0.5
4a34301a-503f-40f2-a323-14a635460142.jpg,7.794783414283302e-07,0,0.5
4a357d57-9fc5-4d88-8685-653920febdd3.jpg,7.019578333711252e-06,0,0.5
4a35af52-7f89-414c-92f1-5da9f316773a.jpg,2.9452403182972375e-08,0,0.5
4a37f1a7-2b99-478a-ac35-67119ef4164c.jpg,7.03834803061909e-06,0,0.5
4a3e509c-28f1-4c14-a42f-6d01e6934a17.jpg,0.00020063904230482876,0,0.5
4a3f6de5-315e-4179-b819-8553cb8c9b59.jpg,0.00035993356141261756,0,0.5
4a4641ce-7fc0-4181-90fb-27fde2b4c087.jpg,1.1561846946506193e-07,0,0.5
4a4f6437-32f5-4d5d-8026-1e8034e35ff4.jpg,0.3777119219303131,0,0.5
4a539d8e-b13a-450d-9001-c4e2d5b76a21.jpg,1.531489942863118e-06,0,0.5
4a66acea-92d8-4315-a6ae-18d1e25c51a2.jpg,0.0019051634008064866,0,0.5
4a67a7be-580e-407a-b07a-2d936d7764b7.jpg,1.1593252793318243e-06,0,0.5
4a6f2f96-7e69-48dd-9b6a-a762483253cc.jpg,0.00012194611190352589,0,0.5
4a8592e3-54df-47f9-9cb7-8e89e2eaedf9.jpg,0.000991715700365603,0,0.5
4a8ea3f8-677d-4630-8196-22b4e2100622.jpg,0.00016260564734693617,0,0.5
4a9a0845-caf4-473d-a5af-b273d3986b7f.jpg,0.03285177797079086,0,0.5
4aa07ac6-7737-4bb0-b2de-ed0825fabd14.jpg,0.5980181097984314,1,0.5
4aa0ef1b-1e01-4b47-8ba7-5e979b2bc2a6.jpg,0.00036652592825703323,0,0.5
4aafdfab-d9bb-4c8d-ab6e-c6bb90cb43b3.jpg,0.005318503361195326,0,0.5
4abc5cef-d0f2-477d-b137-f098fc8a1fcf.jpg,0.0004064170934725553,0,0.5
4abe02ed-0abc-4c63-be4f-7c3a1fe3476d.jpg,7.490077405236661e-05,0,0.5
4abe15dd-d080-4169-b5a0-9214be9addc6.jpg,2.0005280020995997e-05,0,0.5
4abec7d1-989c-4ac4-88b2-feeac7ccf97b.jpg,0.00014451457536779344,0,0.5
4ac35298-7af9-4543-9a9b-b901298eeeb1.jpg,1.0254835869361045e-10,0,0.5
4ac703dc-9bf9-44cf-b532-33b7588bba16.jpg,4.591128401898459e-07,0,0.5
4aca286f-ab29-4dd0-8f2c-d656e08fabc9.jpg,5.1267088565509766e-05,0,0.5
4acf21e3-ddb6-40a3-8edd-23377650a4f1.jpg,0.0001402860216330737,0,0.5
4ad5b73f-9c30-49fc-8c4a-8cbd27ebd32d.jpg,0.0010193032212555408,0,0.5
4ada537d-3726-4cac-9a79-db0dc56be81a.jpg,5.092812784823764e-07,0,0.5
4ae35ae3-a3ee-487f-95a5-062b89af0379.jpg,9.882533959171269e-06,0,0.5
4af39c5f-e566-4c6a-81c4-3a00d7b77dbe.jpg,6.336357728287112e-06,0,0.5
4afeafb7-9819-4e0a-acd5-814d3bd84743.jpg,0.001680209068581462,0,0.5
4b0489ab-4b3d-4dc2-bb03-efb16106aedb.jpg,0.00013937827316112816,0,0.5
4b07746f-be93-4578-9ba5-b849cf482c32.jpg,0.0003600802447181195,0,0.5
4b0d27c7-5766-4837-a1ed-115ea0cfaaea.jpg,0.00015628758410457522,0,0.5
4b0e3e7f-ad35-42b6-baea-f2367bd4b72e.jpg,5.519155092770234e-05,0,0.5
4b246d19-4031-43c4-93f1-5ae1d775747c.jpg,2.1097503122291528e-07,0,0.5
4b24eb72-c6dc-446a-8076-63ee19b57201.jpg,0.02117069624364376,0,0.5
4b3765b4-d5d3-4a2e-a16e-fcebd39d69db.jpg,0.003963572438806295,0,0.5
4b3c3c3e-9fd5-4b91-9f18-7cdc41d9e9ab.jpg,0.008111677132546902,0,0.5
4b3db83c-42b8-46e6-9de2-524b2ab4283d.jpg,0.0011651231907308102,0,0.5
4b3eb378-d306-4e8a-9473-a22dba5d9dcd.jpg,0.23084419965744019,0,0.5
4b419c3a-5ce3-4d14-ab0c-e97d547bb2e0.jpg,0.0014215126866474748,0,0.5
4b4ac3a8-7de9-4bfe-9a6e-6dc467b25034.jpg,1.283723941014614e-05,0,0.5
4b525094-2f69-45cf-b394-de55ca26da3c.jpg,0.00017570704221725464,0,0.5
4b57bb6f-5f1e-455d-946d-e44de0687810.jpg,7.583002570754616e-06,0,0.5
4b5815f1-a4ba-4b7b-8a55-b9a29b03c85e.jpg,0.0030475377570837736,0,0.5
4b59ccd3-936f-487c-ade2-e49a00daf413.jpg,5.750746640842408e-05,0,0.5
4b5dcb87-15f9-4549-aaea-230445fc81e5.jpg,0.050160061568021774,0,0.5
4b65dbe9-8693-43ed-bc6c-3ffbc5a4b606.jpg,0.00019932561554014683,0,0.5
4b67e91d-06ee-44df-a55c-d97295065e61.jpg,3.727104740391951e-07,0,0.5
4b6be69b-d175-45c5-99eb-398596091588.jpg,0.0015626000240445137,0,0.5
4b764455-0605-412e-b604-5c53781dbb61.jpg,0.006247837096452713,0,0.5
4b7748d3-68fe-41a6-b170-992822247d5d.jpg,5.8726574934553355e-05,0,0.5
4b81f596-636a-4448-9168-e392cbc80490.jpg,4.509453719947487e-05,0,0.5
4b94e0fb-fe9d-4943-a2a4-df09c3fa8be1.jpg,1.4487790167549974e-06,0,0.5
4ba9d258-32ea-4210-bc5d-2cb586b13739.jpg,4.006090875918744e-06,0,0.5
4baf26e9-41e5-4974-9b09-21b4c4fd10d5.jpg,1.6278527255053632e-06,0,0.5
4bb18d7e-adc6-4443-8f1e-e79538116e56.jpg,0.002203445415943861,0,0.5
4bb3c153-32e3-4665-bd5f-e7f016ec49eb.jpg,1.9092371780771167e-11,0,0.5
4bb8eebd-84e9-49fa-ab2e-f0435a9a9aae.jpg,0.12443671375513077,0,0.5
4bbe7410-95d3-49d4-9ad3-b6ab9d1789ee.jpg,0.0018016787944361567,0,0.5
4bcad342-108b-486a-979f-4cca288d09f8.jpg,2.2971562430029735e-05,0,0.5
4bceaf3c-ab92-4d65-b267-5a9c813258dd.jpg,4.47546923965092e-08,0,0.5
4bdf7b91-c1b7-4ce7-a397-9829b60e1958.jpg,0.0008426406420767307,0,0.5
4be79f66-c41d-4dcb-b47e-170160df61a6.jpg,0.0001859241456259042,0,0.5
4bec345d-c9fa-4599-ba30-442a7ebf91dd.jpg,0.0001606907171662897,0,0.5
4c05a636-54de-4a9f-9356-d36e8ce23e2d.jpg,6.664205187689731e-09,0,0.5
4c1b2bb3-480e-4bb6-827f-b9f411702268.jpg,0.000295062898658216,0,0.5
4c1b7540-3e30-4990-ae3b-1b6b127909f6.jpg,1.4492348432426638e-09,0,0.5
4c253512-b1ee-48c3-96aa-397abd25279a.jpg,0.06544288247823715,0,0.5
4c26f0b7-da4e-4d1d-b1c2-795e8c7a3c3a.jpg,3.8781225157435983e-05,0,0.5
4c2d59f1-e254-4c23-8c5a-30b6a5f0970b.jpg,7.388812832687108e-07,0,0.5
4c334a22-eea5-4a4c-9337-f14a7f65bd7c.jpg,8.145967512973584e-06,0,0.5
4c34fa46-f8e6-4019-ab4e-c5eef9536ffa.jpg,0.0007903918740339577,0,0.5
4c52246a-67fb-4b35-afc8-2513f7109cc9.jpg,1.7419468090196233e-09,0,0.5
4c5d56b4-4eb3-4674-9def-ce2a90efe388.jpg,0.0003941351897083223,0,0.5
4c6480b5-80a0-44ce-96ba-588876f514bf.jpg,0.0673181414604187,0,0.5
4c6be4e5-428c-4659-be4d-4f9a364fbe1e.jpg,0.04095890745520592,0,0.5
4c6c0e46-9d19-4334-a529-629d3eb2a808.jpg,0.0056182644329965115,0,0.5
4c760ea6-23f2-40c6-83fa-7a44cef91cfd.jpg,0.06213448941707611,0,0.5
4c7c9619-a183-429e-8f78-5bf982493b57.jpg,0.05649753287434578,0,0.5
4c7d6b34-b053-4154-8a44-a02c2cbb90ba.jpg,0.01076667569577694,0,0.5
4c809fb2-3217-419f-90e6-4431a2706c87.jpg,5.450744538393337e-06,0,0.5
4c819cb4-adcd-4402-ad46-792c03c9c2d8.jpg,4.369952648630715e-07,0,0.5
4c822edb-fa35-4008-a953-fcdecd697012.jpg,0.027339452877640724,0,0.5
4c8d32dd-473a-4b81-a91d-2f786a08b6f8.jpg,2.3269449229701422e-06,0,0.5
4c8fd9e0-b3d8-44fd-8aed-6840bb9234c9.jpg,1.9398391941649606e-06,0,0.5
4c90059f-ed49-456b-8d4f-832408141368.jpg,6.73283648211509e-05,0,0.5
4c93c8c7-5b33-42b8-88c3-04defc6533db.jpg,0.00017130460764747113,0,0.5
4ca51c0c-8ed6-42f9-bfc0-e1022e8a350c.jpg,3.515483371074879e-08,0,0.5
4ca531f2-6601-4d93-a3ad-bd524c80db63.jpg,8.289688047113941e-09,0,0.5
4caf1d4f-7033-4e97-9e58-d28b07c68a15.jpg,0.00011586684559006244,0,0.5
4cb331a5-2d5e-460e-aa4d-2642e35466d6.jpg,3.990566987965849e-09,0,0.5
4cb8c3e3-cff4-44c6-89b4-0b9316fc75ff.jpg,5.6835349823813885e-05,0,0.5
4cbe8190-5ab8-4ddc-8157-900b9a862252.jpg,2.3957941266417038e-06,0,0.5
4cc50158-6262-4010-a7ce-938b12fcad57.jpg,0.0003100944741163403,0,0.5
4cc61065-6bf3-4c37-8c45-16b92a09e601.jpg,6.686029223601508e-07,0,0.5
4cc8f4f8-e68a-4fc6-95c5-6e9cc109c0db.jpg,5.083329597255215e-06,0,0.5
4cd745c4-b39c-4619-a09c-01c1bf48074a.jpg,5.2520831433922055e-11,0,0.5
4cdc33b4-c428-416a-818b-7f6d5fe680c0.jpg,0.08457697927951813,0,0.5
4ce786e0-e575-40d5-9b26-bee88b32cfd7.jpg,4.633690053879036e-08,0,0.5
4ce9978e-8718-463a-a491-e182844e5814.jpg,1.364280342386337e-05,0,0.5
4ced61c1-3209-470b-b751-80ae8e347496.jpg,0.005762660875916481,0,0.5
4cefdcbc-95cb-43c3-9366-987c41d56b85.jpg,0.00010933996964013204,0,0.5
4d0cd223-b999-4f05-8216-99122e124b15.jpg,7.021361625447753e-08,0,0.5
4d0ecefe-4a12-4137-9baf-0db40ccf2f8e.jpg,1.422174933374265e-09,0,0.5
4d26d5ea-845d-4753-9778-ee1f2fd1e731.jpg,8.238495041723581e-08,0,0.5
4d2f3d5c-f601-4442-b204-4d9898683953.jpg,6.371506100499857e-10,0,0.5
4d3625f0-9985-4612-935d-bdbc879d7dd9.jpg,1.632988642086275e-07,0,0.5
4d474f79-bdf0-48f0-a841-3c504b56c6e2.jpg,0.009262275882065296,0,0.5
4d49ffcf-164e-4b85-a228-3f552986f3d8.jpg,7.90795820648782e-05,0,0.5
4d4a3af4-b373-412f-99f1-bbc67f9613c3.jpg,1.8381411948098503e-08,0,0.5
4d4b11c5-8e24-477a-812c-d570b807848f.jpg,0.0014847160782665014,0,0.5
4d5241e3-de47-47ca-a865-4bda2c85a435.jpg,0.0003142051282338798,0,0.5
4d578585-c126-41f5-acb1-3156cc5fb7b8.jpg,0.0005780512583442032,0,0.5
4d5d8456-b222-48da-93be-b8ed0a259d72.jpg,0.004570982418954372,0,0.5
4d61481b-1097-4b24-a65b-9e534856656b.jpg,0.0959354117512703,0,0.5
4d6de5ef-cb96-413e-90f5-60bcdb23cee5.jpg,0.0008591420482844114,0,0.5
4d73e169-f456-495d-8a7d-4df84b97b195.jpg,0.0017595801036804914,0,0.5
4d751687-ed88-454f-8356-1ae07cff51f7.jpg,1.2659909771173261e-05,0,0.5
4d76a076-0f19-4854-bafb-f0e7b7574ba9.jpg,0.00025244534481316805,0,0.5
4d7c9098-b670-440f-8488-2cff3dda4e80.jpg,1.0272473843775387e-10,0,0.5
4d7f42f0-08c0-4097-a4a7-f7a884c197a0.jpg,3.68696532859758e-07,0,0.5
4d919b1f-5ef4-4bf5-bc0f-76fb3caa4755.jpg,6.151287834654795e-08,0,0.5
4d92bfd9-ee85-4ee2-91b7-cf307bb99eeb.jpg,0.006651722360402346,0,0.5
4d981357-a46b-461d-8981-f4441eac077e.jpg,0.02016291953623295,0,0.5
4d9e0ce2-5dcc-4464-a226-93555e3f1f52.jpg,0.002488627564162016,0,0.5
4db306e3-4634-4d13-9938-ca3a152ef050.jpg,0.004349351394921541,0,0.5
4db42c43-6883-45e5-b687-357ce86fbc00.jpg,2.7073638193542138e-06,0,0.5
4dc03e4c-27f6-4a88-9705-4ddccff80783.jpg,5.772095579281711e-10,0,0.5
4dc26b93-ae06-4281-9af6-2f6516a9f2d4.jpg,0.0007467096438631415,0,0.5
4dcbab82-c660-4026-8ac6-46721f732c8d.jpg,2.4662198484293185e-05,0,0.5
4dd60f89-b188-46db-aa8e-ab46a43d624e.jpg,4.5666831738344627e-07,0,0.5
4dd96238-9fbb-4e0b-8a86-b82bd46f456c.jpg,6.397046945494367e-07,0,0.5
4de7f552-66bc-4ddb-aa7f-e20d146362af.jpg,2.711446313696797e-06,0,0.5
4debfd1d-6a6e-468b-b2ef-e618c1c63283.jpg,0.0004933589370921254,0,0.5
4df0180b-96c7-4256-b9cd-408e9bc9274e.jpg,0.00014530688349623233,0,0.5
4df48cc3-b949-4c4f-a376-29c110d77c1b.jpg,0.011541899293661118,0,0.5
4dfa4bde-3fd5-4f13-ba3c-9cc2104e6d09.jpg,9.482306268182583e-06,0,0.5
4e0795cc-d06e-4f4e-a3e0-b17599d25339.jpg,0.0029049539007246494,0,0.5
4e07c07d-6bea-4559-b2a5-44bb935d90c4.jpg,3.4849520034185844e-06,0,0.5
4e11247b-b43b-4102-94ae-83060eff4e8f.jpg,0.0015332010807469487,0,0.5
4e1132ab-040d-4659-bc02-63f51ea75251.jpg,0.6734294295310974,1,0.5
4e18e853-1da2-4976-8c1c-26097c19c1f1.jpg,7.644321158295497e-06,0,0.5
4e1a19e5-2aa6-4478-9b3a-82ede9510cdd.jpg,8.143497893797758e-07,0,0.5
4e1eb9a9-2b58-47d6-ab3e-1b311013fa66.jpg,3.968193240666551e-08,0,0.5
4e3ee5fc-79bf-486f-b986-6e7ba8bd32fb.jpg,1.0654407560650725e-06,0,0.5
4e405418-0b05-442a-b2eb-c4d298f98e93.jpg,0.0003273207985330373,0,0.5
4e45db36-b7b9-40a7-9a6e-510853cafab5.jpg,6.234104148461483e-07,0,0.5
4e497be8-eef1-4b6c-b3c9-7b24621ff403.jpg,0.09368375688791275,0,0.5
4e4a9bbc-25e3-435c-b9e7-142b29fa4f49.jpg,1.5154663742578123e-05,0,0.5
4e54097b-3138-4974-9f5a-d2bf0277069b.jpg,9.150942226199277e-09,0,0.5
4e5525a9-197f-48f1-9c00-4d32ff0ace9b.jpg,1.1190895622291072e-13,0,0.5
4e5608ce-6edd-4789-ac19-663dc670209d.jpg,3.7577487432827184e-07,0,0.5
4e5f78c9-8340-43f2-9e6b-5aef276a3cbd.jpg,0.00020769723050761968,0,0.5
4e6023d1-c491-42a5-990a-30e11173ffe5.jpg,0.00041305753984488547,0,0.5
4e69aa4e-8e65-4f5f-a8c3-11cc8183fcdb.jpg,0.00018178726895712316,0,0.5
4e785dd0-45a1-41e0-9691-80c394167f8b.jpg,0.0011496844235807657,0,0.5
4e7e08c4-c418-4ffa-a7e5-d0a348bd0682.jpg,1.0851458398519753e-08,0,0.5
4e81cbc0-1ab5-4ca7-87e3-561721712036.jpg,0.00036182109033688903,0,0.5
4e857127-2971-48b2-9163-6b167c3ed182.jpg,0.0006303393165580928,0,0.5
4e8d56b7-9f6b-4fe6-9cab-7614c167f99e.jpg,7.578775829131246e-09,0,0.5
4e969ab6-280b-406b-b1ab-06851ef62276.jpg,0.0004522927920334041,0,0.5
4e9cef77-81e2-4f0a-94e0-5a8581327e14.jpg,0.9232752919197083,1,0.5
4ea142c0-5a12-4ee5-9f91-cc82ea9e420e.jpg,9.953756716640783e-07,0,0.5
4ea1f34f-5598-4139-bbfc-03f87b19db83.jpg,6.734364433214068e-06,0,0.5
4eaa1054-b283-489c-878f-02a4a73e4e27.jpg,0.0051872762851417065,0,0.5
4eafcecf-3df6-4454-811c-e74cc7b94157.jpg,0.004091292154043913,0,0.5
4eb6b34d-ba9c-466d-ae9a-043354460511.jpg,5.777688397157199e-11,0,0.5
4eba05e4-ab6e-48f3-9b6a-723081c152d6.jpg,4.321564286979829e-11,0,0.5
4ec0438a-d7e8-4648-a33a-f133033bbdbb.jpg,0.008693145588040352,0,0.5
4ecbc516-9dac-413c-b9fc-1b4fedb1f153.jpg,4.287746378395241e-06,0,0.5
4eccff37-538d-4fa3-9b9d-94a12c4f9e72.jpg,5.320549462339841e-06,0,0.5
4ece758a-987d-4975-a00a-c31c9c7e734f.jpg,5.382353720051469e-06,0,0.5
4ed2761b-89f9-41ae-87df-053adac6261b.jpg,9.64970126915432e-07,0,0.5
4edd23ba-7324-4784-a59a-b2be433f3c60.jpg,0.0644959881901741,0,0.5
4edfcb43-3488-40ef-89d3-10989be9ff6f.jpg,0.0008002860704436898,0,0.5
4f0e6b07-c2e7-49f9-8661-dcf08d6346a6.jpg,0.010125774890184402,0,0.5
4f0fc498-0e13-4f77-be1a-c6520a4330bf.jpg,1.358944700768916e-05,0,0.5
4f139a19-1daf-48d3-af32-de0bb510eac5.jpg,5.042091050233566e-11,0,0.5
4f18ea08-1c85-4a88-acaf-74fa6197279c.jpg,0.0019677006639540195,0,0.5
4f30aa64-0c06-47b1-9ae1-41d86471f887.jpg,6.668582955171587e-06,0,0.5
4f36a6b0-5aec-4f90-acfe-6be7c0d54cd7.jpg,4.338454345997889e-06,0,0.5
4f373bfa-04a9-4354-8f83-8f03da047a81.jpg,8.37003426568117e-07,0,0.5
4f3ad198-c764-4b84-a6bb-fddba5391025.jpg,1.7226886939170072e-06,0,0.5
4f3fcc41-f446-4a2f-840e-6d0064a2f31a.jpg,1.6084275955563498e-07,0,0.5
4f42c479-859a-4188-9453-d4be4f032dc5.jpg,0.0001346161589026451,0,0.5
4f4402b0-b04e-40d6-ae4e-2b4f26339ae5.jpg,0.007682930678129196,0,0.5
4f4a02b6-a2e3-4151-8083-76179bfbbaaa.jpg,5.28029309165845e-09,0,0.5
4f582c6d-dfe4-4724-a9ef-791b01409c76.jpg,0.0030304878018796444,0,0.5
4f5f38e5-47c6-4fe0-a351-6cdbc1bfeaa1.jpg,7.273165181231889e-08,0,0.5
4f638c67-f8b1-487d-8c5f-a2f0556c0e3e.jpg,0.0010826947400346398,0,0.5
4f673708-78d5-40c3-b93c-2c16228c8782.jpg,9.047877938428428e-06,0,0.5
4f6b6387-b10f-41e7-b3ba-c7d79b825865.jpg,6.09305459420284e-08,0,0.5
4f71240b-02da-4917-a326-ae52c5843644.jpg,0.9869112968444824,1,0.5
4f73ad5e-8888-4115-962b-3fba3193f3fc.jpg,1.8591279058455257e-06,0,0.5
4f7708bb-5b47-47f7-a863-c682209aefa4.jpg,3.297034709248692e-05,0,0.5
4f7f8d34-5a20-44d2-8250-dd9028388dc5.jpg,1.210881062085889e-09,0,0.5
4f815a63-e16b-4eef-b1f8-2f98d0370eac.jpg,0.034236181527376175,0,0.5
4f8ba8bb-60a8-4bbf-a5aa-033439b454ef.jpg,1.148470573753002e-06,0,0.5
4f9468fc-5e61-4d06-992d-1de156b8264f.jpg,3.8512439459736925e-07,0,0.5
4f9b5fe5-04b4-4058-a0bd-13609cf7873a.jpg,1.1459771940280916e-06,0,0.5
4f9c8e05-c5fa-49c1-bb49-ab866986bfcb.jpg,4.0004938455240335e-06,0,0.5
4fa47a2e-8792-4b67-a5dd-bcd0299d0f30.jpg,4.1577302711814923e-10,0,0.5
4faa5381-2d46-4460-a8c2-f0515831ec0f.jpg,8.581873345292479e-08,0,0.5
4fb6c34c-2576-49d3-ad31-6d456a42c951.jpg,3.944242976672285e-08,0,0.5
4fd7b553-b53c-46c9-a200-aad10fded5dd.jpg,9.776679249159925e-13,0,0.5
4fd8e334-16a0-454c-a2b4-5bec115d80c2.jpg,0.0003976501466240734,0,0.5
4fdc47ef-ba8c-4a32-a331-6a2a0caad680.jpg,4.365355646407387e-11,0,0.5
4feb5f4b-ba5a-4512-9e5c-e2da9fd7840f.jpg,3.736863902759069e-07,0,0.5
4ff59cfb-d220-4768-a4ec-2a4d1b7066a4.jpg,3.602862079787883e-07,0,0.5
4ff7788f-831d-45e9-896f-11aa26480e0d.jpg,0.7735838890075684,1,0.5
4ff822d8-d72a-44b7-b327-04c82fe776ee.jpg,2.861523626052076e-06,0,0.5
4ffddd4e-9ba4-4399-83b6-f9bd8111c811.jpg,0.00012236976181156933,0,0.5
5003d12a-b764-4676-b94e-13e9f981ac9f.jpg,0.020485894754529,0,0.5
5005904f-06cd-43d6-af63-5e40ceb5e57e.jpg,3.260094308643602e-05,0,0.5
500a7f53-3571-4e23-b290-3b7b5dcff0ed.jpg,0.5843924880027771,1,0.5
500ab184-3dae-499f-a3fe-27e111088f00.jpg,5.6797843338285414e-12,0,0.5
500b65b3-aa6c-47c6-a6a0-8875f29ba10e.jpg,2.395334558968898e-05,0,0.5
500e089b-c74a-4c1e-9fd2-c4c97d3c349a.jpg,1.6438792954431847e-05,0,0.5
500e5b33-28b7-4fc5-8d30-db27737e0f54.jpg,0.06896669417619705,0,0.5
50136bda-6638-4695-a8f1-2ff2e43ecba7.jpg,0.00026612725923769176,0,0.5
502d19b6-992b-45ac-b3fb-818514b233fd.jpg,3.886104423145298e-06,0,0.5
50301bfd-a276-49b7-a833-e92aa3bf7c1d.jpg,2.1115185973030748e-06,0,0.5
5031ba42-f392-4ac1-84e8-76a356e6eec5.jpg,0.0011159381829202175,0,0.5
5035ae36-2aaa-4fb1-bbfa-cd2d54f0500f.jpg,0.010528157465159893,0,0.5
5036c0e7-2dfe-4344-9564-5c94bd7ad5cf.jpg,0.00032533128978684545,0,0.5
503c0ed5-e24e-49a4-aa29-3fcd9553f1a4.jpg,0.05643414705991745,0,0.5
503d78c8-d54c-40d1-8ee0-eb70448f5c28.jpg,0.720160186290741,1,0.5
5040dc10-bec3-47f5-a2bb-ef6378dffc84.jpg,0.2463303953409195,0,0.5
50435800-11ec-4449-9419-dc415d9a1cfe.jpg,0.000861754990182817,0,0.5
50468f7a-1cef-486d-844b-2cb26d8a57b5.jpg,1.167299842563807e-06,0,0.5
504a2870-27b7-42ac-84ef-c3de80d38dcf.jpg,1.0038488795771627e-07,0,0.5
504b1d5b-1f3d-449c-a7f4-87edbf4bab19.jpg,7.225923764053732e-05,0,0.5
50544ed1-4679-415c-89ba-790a574eb9ed.jpg,0.7300748825073242,1,0.5
50593139-ad98-4827-8576-28752cbbbb8e.jpg,0.0005423827096819878,0,0.5
505b58c9-4091-459d-a445-2dae5067db3d.jpg,8.612123565399088e-07,0,0.5
505e5189-101e-402a-938f-a0da527c8aba.jpg,0.0006161039927974343,0,0.5
506824a4-f125-40fc-a99c-48668e72bd7d.jpg,0.8681598901748657,1,0.5
506bfd02-76da-4b61-b60b-1406b139786f.jpg,0.00016105624672491103,0,0.5
506c0164-716d-49f1-8610-90af5863d9aa.jpg,7.951407314976677e-05,0,0.5
50717372-2309-4a01-ad28-d0ad0e4b5b4f.jpg,0.7972895503044128,1,0.5
5079d9ce-df68-463a-bb06-b140e3266d93.jpg,0.11904551088809967,0,0.5
507b9689-b3e2-494e-af3b-87b522ee0f43.jpg,0.0010687510948628187,0,0.5
50830b1e-c248-4d39-9289-c53ccbb00784.jpg,0.07679728418588638,0,0.5
50831872-9832-4331-adeb-e136b88e996b.jpg,0.0002038518141489476,0,0.5
5090fb5e-324b-465e-9f6a-545962d694fd.jpg,0.2175150066614151,0,0.5
509e0b2b-c92b-43bc-a9d5-f67f4843d23f.jpg,0.0005152435624040663,0,0.5
50a0383f-ef8a-40c2-b558-c57222ad45e5.jpg,0.7821264266967773,1,0.5
50a06c32-0f2e-420e-888a-bb7efd4d5569.jpg,0.0022451933473348618,0,0.5
50a0cda7-0ca3-4415-8dd9-f99f3259e5bf.jpg,0.0014672979013994336,0,0.5
50ac1123-0a34-4da6-a93d-13689c6f4d8c.jpg,5.742131543229334e-05,0,0.5
50b5d35e-bdf9-4c36-9038-486a762a87ea.jpg,0.00010520691284909844,0,0.5
50b624d9-5c92-4a4f-9bda-65be35d1ba1e.jpg,5.384765700000571e-06,0,0.5
50c12661-eae3-4f52-9160-df4dc1a65904.jpg,7.210160801740528e-10,0,0.5
50c27cf6-a938-4307-b19d-9f8b15fc9b22.jpg,5.3878156904829666e-05,0,0.5
50c526b6-9cfe-498e-b43a-88be891c9266.jpg,0.0014280920149758458,0,0.5
50c5697b-0924-46a3-9335-6e382858d9a5.jpg,1.678131229709834e-05,0,0.5
50c7f6f6-0733-4d38-ba3c-fb624e611a9a.jpg,0.034202832728624344,0,0.5
50d3aa45-ba7e-4d55-99a3-dfcc08a1bbd4.jpg,0.0414421483874321,0,0.5
50dcb60c-61dd-40ac-b7fc-990bb637327b.jpg,2.150162799807731e-06,0,0.5
50dd19bd-ce64-4a6c-9e64-b00b7477cf6f.jpg,8.375632023671642e-05,0,0.5
50e64547-0c01-450a-a757-30c04db5282f.jpg,2.937139470304828e-06,0,0.5
50ecdd79-7581-4187-8a6f-e2e869a5168f.jpg,3.388651748537086e-05,0,0.5
50ee9489-ae2f-4c98-b95a-6e2f9122c6ad.jpg,4.913911499926371e-10,0,0.5
50f36cdb-abd1-4e16-8b9f-59c52bc5fcb6.jpg,0.0005831503076478839,0,0.5
50fb649d-1bad-469b-8cd8-8c989fb957ca.jpg,4.756231192004634e-06,0,0.5
50fba6f2-f8c6-44f9-baed-eaa43b19481f.jpg,0.006669290829449892,0,0.5
50fc5f3e-e22b-4747-8df4-b5ec79c857b5.jpg,1.5376688679680228e-05,0,0.5
50fd77ba-6d8a-46b1-b883-8d391ccd425e.jpg,6.991689588176087e-05,0,0.5
50fd8e81-0ad9-4c8e-bdc0-7a7dec102e72.jpg,2.3743357360217487e-06,0,0.5
50feea29-5808-4b7a-8358-a5ceeab558fd.jpg,0.0001052840962074697,0,0.5
51058d02-76cb-41ee-91ef-fc871aac21e1.jpg,9.171387773676543e-07,0,0.5
5115285f-5a40-4fba-9f74-6ff9a5a82c57.jpg,7.077711416059174e-06,0,0.5
511563bc-1cb0-4acb-a77b-1edd6be83f21.jpg,0.9999794960021973,1,0.5
511a368f-154a-466f-8a6b-711ebac3d310.jpg,0.0008830282022245228,0,0.5
51222f72-fc1f-4ec1-91b5-08f388cae5e5.jpg,5.105800028104568e-06,0,0.5
512362bc-b189-42e2-8491-dd512302d619.jpg,0.0013127477141097188,0,0.5
5127ef38-ff7d-4c48-bce3-a859e973e6d5.jpg,0.018001258373260498,0,0.5
512ae9a9-f5b4-4a70-8cb7-da3f75e8dfa4.jpg,1.1718119822035078e-05,0,0.5
5130703f-7db3-4c70-a8b6-1541dccd0f63.jpg,3.6361518596095266e-06,0,0.5
5133554b-e88d-4264-803b-dddb89a62fb3.jpg,0.00036065978929400444,0,0.5
5134dadf-3877-4f02-967e-7f0e92eca57b.jpg,9.488661589784897e-07,0,0.5
5136cbe2-0f40-424b-8b62-f2a5a12be52f.jpg,0.18841546773910522,0,0.5
513bb01f-d309-45d6-a134-861f6a94e80e.jpg,0.4265999495983124,0,0.5
513d1f22-0bac-471f-bc16-5b6001847be0.jpg,0.00039633881533518434,0,0.5
513df5cf-7451-468a-9c44-0935dc72fe01.jpg,9.006339496409055e-07,0,0.5
514cd650-1494-4d79-98f5-8402b4bd5c75.jpg,0.006048035807907581,0,0.5
514fd555-0284-41f4-9303-f0fe5326fcaa.jpg,0.0003187085676472634,0,0.5
5157654b-cd9f-4f87-9d42-8cfa3df6adcc.jpg,0.04239967092871666,0,0.5
515c334c-381a-4b04-a597-14513a4f885f.jpg,0.036521945148706436,0,0.5
515cdb8f-bdbc-44e4-a960-a2cb2dd901f4.jpg,0.0013888103421777487,0,0.5
516581c9-83e0-4428-ba88-2acf8740dcd4.jpg,0.0004054450837429613,0,0.5
516c827e-35f5-451d-a509-96ef87b41a80.jpg,2.6280564270564355e-05,0,0.5
5171a28e-004f-44b0-986c-838180caab83.jpg,0.01214671228080988,0,0.5
51870cea-180b-43d2-bacc-2cd5291fee32.jpg,5.130899808136746e-06,0,0.5
518983cf-7958-41df-957f-66ee16943558.jpg,0.0005342725780792534,0,0.5
518d1f2e-3a53-4a8f-a170-4dc40c4b0158.jpg,0.2026977837085724,0,0.5
519e5e5b-6f46-47b6-8f97-b6e8f46680a4.jpg,0.00012289633741602302,0,0.5
51a46d99-3f55-4975-82b5-cfbc7ae3fc09.jpg,0.027445919811725616,0,0.5
51a9e685-a7bd-44f5-825c-901fd00faca9.jpg,0.011208324693143368,0,0.5
51ac3c69-3543-48c3-afdc-5a0926c3582c.jpg,5.6308898876977764e-08,0,0.5
51b11399-bb44-4298-9a1e-b0bf9064a9fd.jpg,0.0002211351675214246,0,0.5
51b5422c-d151-461c-907e-04496dd66833.jpg,0.0003871739318128675,0,0.5
51bac754-18f9-484b-b9ce-78a534d245e5.jpg,0.009876321069896221,0,0.5
51be0247-c7b2-4b33-b3d6-f3d64f67d2d4.jpg,1.0046073839475866e-07,0,0.5
51be3888-e1ce-465f-a458-adc445b6e945.jpg,0.0005698595778085291,0,0.5
51c275b1-0031-48ce-8039-79d3a5e1e082.jpg,5.715308725484647e-05,0,0.5
51cc7e1b-7789-4e0f-ab99-702dbade90a4.jpg,0.0005103435250930488,0,0.5
51ce0d6f-13d1-4bb4-a9d2-a5a43dcac8b9.jpg,2.3010301219983376e-07,0,0.5
51e93a13-8667-49d8-b27b-728d6adffff0.jpg,3.6117651092126835e-08,0,0.5
5203b9c0-0dd7-41da-8a30-dcda3fff1717.jpg,6.923040473338915e-06,0,0.5
52056908-429a-4abe-9aa8-d9d2a8b24d7f.jpg,2.016821779027289e-11,0,0.5
520832c8-4b23-4824-8625-8f3f9070073a.jpg,3.311618357315638e-08,0,0.5
52148afa-0c50-4e02-a54e-70d4b5f4635f.jpg,0.004751924425363541,0,0.5
52193b09-a115-46f0-8bcf-f7b46a05169c.jpg,0.23371140658855438,0,0.5
521be938-d4e4-4ab6-85a8-4c099686b5a9.jpg,0.0011165299220010638,0,0.5
522883d3-4d53-4460-a095-82dd419fba3e.jpg,7.871202001297206e-07,0,0.5
523e41c6-81d9-42d3-adc0-fe813dfcbf59.jpg,3.6064138839719817e-06,0,0.5
52432d3f-6da3-490b-ba41-206f59e2f89b.jpg,0.011948751285672188,0,0.5
52487cc8-81f1-4911-93e6-b63ba794ad86.jpg,0.00022994917526375502,0,0.5
524a1595-b92a-4e13-be26-45ed332f14c4.jpg,1.0055944130726857e-06,0,0.5
5251d928-b096-42cd-b7ae-926e27ae06e2.jpg,5.702069029211998e-05,0,0.5
525e5a88-9e4e-4c38-bdea-c5046b67f822.jpg,5.5949151978040845e-09,0,0.5
525f05e0-8ed2-4d71-8354-b29f6e5bbe6a.jpg,0.002957404823973775,0,0.5
5260d9e0-dffd-43c7-9cec-94e537531865.jpg,3.516860670060851e-05,0,0.5
5265b1e3-2bd2-43fd-9341-57bbd4aed461.jpg,3.8546385638937863e-08,0,0.5
52727d64-e0e7-4d7e-9393-d6eb177556d4.jpg,3.748925337276887e-06,0,0.5
52750d68-a947-4675-96cd-7f16fb68482e.jpg,0.012994471937417984,0,0.5
5282b875-09ac-4529-82e5-79d7b1b45759.jpg,0.012226397171616554,0,0.5
528e5730-3200-4236-a1d2-3bb422c65276.jpg,0.0010047393152490258,0,0.5
52970d34-c0f3-4826-a885-c00e55ddb8f9.jpg,0.03208277374505997,0,0.5
529e5138-0e7f-4ce9-9b82-f1a5e0ee7b5c.jpg,6.396486185167305e-08,0,0.5
52a7a735-fa2e-4447-b307-3bbe8df83b41.jpg,4.784973134519532e-05,0,0.5
52ac011f-5b38-4a46-bbb4-e3dd0280d3eb.jpg,0.0013797817518934608,0,0.5
52bb594b-689a-4a0a-aa04-0acd8ed6deee.jpg,0.17208857834339142,0,0.5
52bffd8b-9db6-4732-a819-26078e2160cd.jpg,0.04488321393728256,0,0.5
52c3c6a2-ba77-44df-bc06-8efb1641c960.jpg,0.016558432951569557,0,0.5
52cf39ce-0d09-4ccf-a3b4-dba51373d76e.jpg,0.02580936998128891,0,0.5
52d1db79-a34f-451c-bd42-91a1c469aa18.jpg,7.0945231911423434e-09,0,0.5
52e8463d-1796-4bf2-88c4-213e8009e50a.jpg,0.016717961058020592,0,0.5
52e98888-5246-4b80-acd9-d5e6ccb839f5.jpg,5.19853438163409e-06,0,0.5
52f37696-c720-4dd6-bc1c-065fcd1fb876.jpg,3.327401373098837e-06,0,0.5
52f5fdeb-bd00-4157-927b-4e03a51ed233.jpg,0.003081067930907011,0,0.5
52f9e799-3a6e-4252-bb33-ec67ec7f2042.jpg,0.00016523929662071168,0,0.5
52f9ee15-0f5f-4914-8418-05f645aea3ff.jpg,3.638230191427283e-05,0,0.5
52fe8600-f65d-4c9a-8e8d-83d1eacf3521.jpg,0.003602558746933937,0,0.5
5307b4cf-7217-4f55-860d-2454049d3f97.jpg,0.01077189203351736,0,0.5
53084a30-013f-45ea-ae8a-d1197a5defe7.jpg,0.3711795210838318,0,0.5
530afbb9-d747-4bbf-8720-c6fcc1407f3c.jpg,0.003168693510815501,0,0.5
5310dbe7-67d7-47ab-aa55-07c5f8174f00.jpg,0.00020582402066793293,0,0.5
53110ba5-29b2-4559-9fdc-1a555f4d84aa.jpg,5.304638762027025e-05,0,0.5
5314a405-18db-49cb-80c2-79e731a3b3e4.jpg,0.009382271207869053,0,0.5
5316375f-f0ca-441a-ae71-b735fbac9577.jpg,6.097527815995818e-09,0,0.5
532a8034-c37a-49aa-a592-2d3fd5db5649.jpg,0.004775721114128828,0,0.5
532f72ca-a1b8-49c9-a0a7-cb30175a7047.jpg,0.04871884733438492,0,0.5
5344bfca-21a5-460c-bbc1-a178a6d59b6a.jpg,0.01088834460824728,0,0.5
53471572-829b-4c4c-9efe-062e23a3610d.jpg,1.6730741663195658e-06,0,0.5
534b52e8-0e42-4140-bd67-706c2cef99dd.jpg,0.08411237597465515,0,0.5
5352b84b-f0e5-4c33-b535-d323ae591e66.jpg,0.0009160196059383452,0,0.5
535faa7a-c318-4d3a-920c-49c426943b7a.jpg,0.01586524210870266,0,0.5
536521b5-1981-461b-865a-47fcbdc41d79.jpg,0.000326307286741212,0,0.5
53659ae7-0200-47f9-a4ea-0ed2de06c88d.jpg,0.04250013083219528,0,0.5
536f9737-bec1-439c-95dd-77880fc63426.jpg,0.21834078431129456,0,0.5
5371437f-1668-49e8-a2dd-9afeb4489f8f.jpg,9.413247958889315e-09,0,0.5
537999cb-2bfd-4305-af97-4abba1def5a0.jpg,0.0675259679555893,0,0.5
537e941c-7217-447a-a21c-c9c8543c271e.jpg,0.005292410030961037,0,0.5
5384ac88-c440-47d4-9bce-52d9886c3a71.jpg,4.76701622620368e-10,0,0.5
53856af4-c31d-4dfb-9b58-58c83f080235.jpg,3.0313051411212655e-06,0,0.5
538e89f0-190a-4f64-b709-dc4fab90d7ea.jpg,6.39716901673637e-08,0,0.5
53956821-30ef-4645-b972-dfeef16ef218.jpg,0.005639222916215658,0,0.5
539b9ef7-e7c5-4b91-b753-18f8e81ccaf2.jpg,0.001067892648279667,0,0.5
539fb4ed-4fda-477f-9c00-df921037441f.jpg,9.865827266253291e-09,0,0.5
53a00ee0-213c-43ba-ad46-010e6f2a8b65.jpg,0.0017354318406432867,0,0.5
53a3d53c-2940-4f48-87e6-f171d6663ebd.jpg,0.005114651285111904,0,0.5
53a58602-a114-4230-94dd-b5bfca1235f1.jpg,2.1898373233852908e-05,0,0.5
53ae2a3e-8b9b-404b-9c05-4417939f3186.jpg,0.004969079978764057,0,0.5
53c3a761-06f6-425b-9270-9239702d1a11.jpg,1.4385358326762798e-06,0,0.5
53c88055-2503-4d4d-a217-920e293da294.jpg,6.66482947053737e-07,0,0.5
53c96791-11de-479d-a06e-7b9bb98b80a4.jpg,7.602408004458994e-06,0,0.5
53cb7f4f-e0ea-4daa-b711-6138c0c86f00.jpg,4.445662113994331e-07,0,0.5
53d591bb-1161-4f71-b84a-534e0400bbd5.jpg,0.027880292385816574,0,0.5
53e64ef5-4745-4c00-9048-1d118243ea11.jpg,3.432481025811285e-05,0,0.5
53e91b60-2133-4f32-a408-d1a9629d0e98.jpg,0.1034943088889122,0,0.5
53f0065d-b648-40a8-ba58-692e54a1c310.jpg,0.0072381338104605675,0,0.5
53f3f5a0-8e08-4e9b-ac49-7c55170a872e.jpg,2.315881647518836e-05,0,0.5
53f43814-2176-4813-954b-7fbbed4ba5df.jpg,0.020677762106060982,0,0.5
540cee7d-e690-4eeb-ab09-0f73a75a82ab.jpg,0.010861837305128574,0,0.5
5412c279-5d8c-4311-828c-1e73c3de1048.jpg,1.3061697245575488e-05,0,0.5
5412c47f-9063-4d40-bed9-be05355943f0.jpg,0.00013998951180838048,0,0.5
541a096c-2af2-474b-b619-68e52cbd7274.jpg,1.9408702428336255e-05,0,0.5
542a6b9c-ddd8-48c4-ae51-70982cb8ef9f.jpg,1.1580353202589322e-05,0,0.5
5433440b-2fb7-4e79-9e81-e6ac69377096.jpg,0.0001209847760037519,0,0.5
543bc808-95b0-4212-b5a0-ad00683f94a1.jpg,7.76085506970503e-09,0,0.5
544acc57-e474-456a-b7cf-e5d026b36dfc.jpg,0.00359835266135633,0,0.5
5453d594-3bbb-48b2-a90d-3ddb13001365.jpg,3.16571859002579e-05,0,0.5
54545647-0d37-4ee1-975e-6862d4cbb7e7.jpg,0.00020386055984999985,0,0.5
545cc050-6095-45ba-8897-4c7c5a94b411.jpg,0.0006971994298510253,0,0.5
54604844-0582-4f18-afc2-ac77bba8f3e0.jpg,0.0003147199167869985,0,0.5
5466f087-5364-4a73-8c29-6f6dc228a31e.jpg,1.1571450464487043e-08,0,0.5
54671c38-91ee-44f5-80c5-a0e3e541b011.jpg,5.364849897659951e-08,0,0.5
547152e1-f671-4753-94ba-704cf5110a0c.jpg,1.4051839514195308e-07,0,0.5
54720b6d-61f7-4619-9ddc-791c1809136f.jpg,0.001020655850879848,0,0.5
547b7ff5-5e80-4a7f-b389-5e3b5fb0e55b.jpg,0.006054519675672054,0,0.5
547c01c8-64cf-4261-842d-a861fe129acb.jpg,0.0003230352303944528,0,0.5
5488739d-a6d9-4425-a184-f4336142afe6.jpg,0.00013306450273375958,0,0.5
54952ff3-3904-4cfd-a834-9a71918c0b14.jpg,0.0002949813206214458,0,0.5
549c98ce-7312-44ed-b120-3a22c49b448a.jpg,0.010978438891470432,0,0.5
549f6bba-b9ac-409c-b5be-5d61a5f90e79.jpg,3.9667970668233465e-06,0,0.5
54a60c4a-274d-460a-9a25-d681866310ce.jpg,0.001027950900606811,0,0.5
54aac42c-4ebd-4cb9-83a0-b13314ae2a70.jpg,3.5244411265011877e-06,0,0.5
54acff76-c9d2-4a41-b967-e65a45d9addf.jpg,1.2366308865807696e-08,0,0.5
54ae67b5-2658-4de0-ae52-64a0926a1412.jpg,0.024676144123077393,0,0.5
54ca0051-713c-48a9-ac61-cf1b9bed1e80.jpg,0.9015379548072815,1,0.5
54de4641-aae3-4898-b32c-96623c66d081.jpg,0.0387393943965435,0,0.5
54eafb93-4911-4183-9222-f67a9885dc50.jpg,3.0899188914190745e-06,0,0.5
54f2cbc8-f0a2-4e47-9f36-b3d19c3a135e.jpg,0.0003335250949021429,0,0.5
54f375c9-c5c0-4010-9fe2-5852ec430469.jpg,1.278011609429086e-06,0,0.5
54f40850-6bc3-46e0-a329-7e59d62c9065.jpg,6.639416824327782e-05,0,0.5
5503bd42-590b-488c-9d87-c673426b092e.jpg,0.00017187136108987033,0,0.5
550418f6-ae68-4b64-9329-90f284c0c0a2.jpg,0.001190386014059186,0,0.5
550886a1-2880-4759-ab64-1a5f77d9ad9b.jpg,0.0007036622264422476,0,0.5
5508f9ed-b3af-4aee-9c96-0867bacfa5af.jpg,1.1605885674725869e-06,0,0.5
550bf354-3fb6-4bdc-9db0-7cd614f7de16.jpg,0.004272409249097109,0,0.5
55210cb1-ba55-4b3b-9f01-1eccfe03a183.jpg,0.0007595403585582972,0,0.5
5525887a-678a-4521-a4b7-96e4d796daf2.jpg,5.9228474128758535e-05,0,0.5
552994cf-37b2-44be-a7ec-a8874d29464e.jpg,0.011212266981601715,0,0.5
552e43b2-4a01-40f5-9c36-2a63e7e0ed64.jpg,1.7839931388152763e-05,0,0.5
552f5142-f5a1-4eb0-b274-2c9d5df4a509.jpg,1.597227878846752e-06,0,0.5
552f528d-aeb8-42b0-b267-4429c0ae9da5.jpg,0.6207497119903564,1,0.5
553346ec-0ff5-4bff-9e6f-7f7d283beb0e.jpg,0.00027320676599629223,0,0.5
5534652f-d3c4-4b6c-aa61-7639f7351e36.jpg,2.1000537344662007e-06,0,0.5
55358dc0-69c1-443f-a622-c637c4f5c5a3.jpg,0.00020372046856209636,0,0.5
55402a2a-00c5-4289-942a-2d5cf5f0b7d3.jpg,0.8797920942306519,1,0.5
5548810e-b734-4c6c-b11e-7e5d7aff898b.jpg,0.00016917200991883874,0,0.5
5554dca8-cc15-441a-8388-f39b1861d80d.jpg,1.1436244449214428e-06,0,0.5
5558ea94-ebed-4d26-9192-3ad7bccc937e.jpg,1.2041554327879567e-05,0,0.5
555a97b4-bfcf-4520-8625-ac38f2483e06.jpg,0.00016364404291380197,0,0.5
555caf09-9543-40af-8e88-c9f2c04a6a78.jpg,5.597993549599778e-06,0,0.5
557048e4-90d5-47c3-96b0-b7ef87c58173.jpg,4.326123530518089e-07,0,0.5
5571ac51-f0a3-45bb-a8c5-7752d85586b7.jpg,2.429898813716136e-05,0,0.5
55733ec6-2418-432d-9441-dd1d90cfe8cf.jpg,0.13769368827342987,0,0.5
55763c0c-1839-4508-9d8b-cfddbdbcbdab.jpg,7.80322661739774e-05,0,0.5
557a859e-75c4-46f0-a90a-292ddc2421d1.jpg,6.341738298942801e-06,0,0.5
558559e8-f0e8-4104-b9b0-5f9fe12ca271.jpg,0.5303555727005005,1,0.5
55922d80-763b-4175-b23f-acab1b06af7a.jpg,7.424028503066893e-09,0,0.5
5595b140-1363-429e-a4c3-88a768e46638.jpg,6.926230422532598e-12,0,0.5
5597f51e-5397-42b6-ae5a-8facb9861941.jpg,0.00028794273384846747,0,0.5
5599debd-7b64-446a-81bf-630a78a48301.jpg,0.000940657511819154,0,0.5
55a4f469-c84c-45ad-87c2-80d712fe2f3a.jpg,0.0016782438615337014,0,0.5
55a8f98f-2eec-4fe7-88ed-65b6b3bfa373.jpg,4.020587948616594e-05,0,0.5
55a9946c-a887-4c61-b44b-a922a27b6d8a.jpg,0.079410620033741,0,0.5
55af5e00-ccc4-47f5-ba89-ffab145df4ec.jpg,2.1454603484016843e-05,0,0.5
55b9db23-74c2-46a0-8333-badde6420ef9.jpg,0.41829949617385864,0,0.5
55cffb8d-02dc-4446-a571-254a54c44d05.jpg,3.246967389713973e-05,0,0.5
55d2158c-ee9c-4ddf-a276-711700183fde.jpg,2.411732396012667e-07,0,0.5
55d67517-d523-4415-b3ac-6633d627c347.jpg,7.599574018968269e-06,0,0.5
55dbdee6-1bad-467f-bacd-6c58802a7f5f.jpg,1.8407065802139577e-11,0,0.5
55dec7a0-78d4-4d8d-8f11-6a261a6c5a9c.jpg,7.613461860955795e-09,0,0.5
55dfe43c-de89-4fcc-af0e-cba587299ae2.jpg,1.2583308262037463e-07,0,0.5
55e47031-aa5c-41e7-ad84-658844c99b55.jpg,0.00047809010720811784,0,0.5
55f6b0d1-0aec-4548-988a-4344c924d653.jpg,0.6586771607398987,1,0.5
5607c025-7850-49c6-8e84-c73cb6e2a26f.jpg,0.001264383434318006,0,0.5
560b4668-68f8-4a45-83e7-3b5fcdddc381.jpg,2.7772587145591388e-06,0,0.5
561bda65-c50a-48d0-8112-e51b89457e3e.jpg,0.00018303607066627592,0,0.5
561efeec-7308-4db7-b120-a653f8672afe.jpg,0.721142053604126,1,0.5
5627d7dd-da85-425c-ab1c-389a82dcf0ee.jpg,4.638046835481191e-09,0,0.5
563516d9-55e1-41c2-a8c5-1f00b44f8cdb.jpg,5.163827004883714e-11,0,0.5
56362463-e553-4fbf-845e-308f075e898c.jpg,0.002869960153475404,0,0.5
56383b3f-29d3-4380-83ee-49d1d449caec.jpg,1.635179103232076e-08,0,0.5
5657597f-2df2-4524-b01b-35c6268b2dd4.jpg,0.004975839518010616,0,0.5
565872a5-00ad-4230-86da-6555dafdac79.jpg,2.0799596711640334e-07,0,0.5
56590e59-3ad3-4f63-b401-7aaf962d26e5.jpg,0.011377294547855854,0,0.5
56599ec7-a6aa-4a87-93c6-1fc8b19e3107.jpg,2.0474240081114203e-09,0,0.5
56631f9c-91ba-487b-8cb2-ed68a0e70d42.jpg,2.7419321924071482e-08,0,0.5
56651e3f-bca6-4f4c-917c-8e6ba6779f06.jpg,0.00018073644605465233,0,0.5
56658ae4-5ef4-41fe-a409-299fa8dc3184.jpg,7.820114842616022e-05,0,0.5
56681534-9061-4171-a20c-be0e0efd844e.jpg,1.7762528159437352e-07,0,0.5
5668d98a-7d5b-4481-ae3b-738c6930a71c.jpg,0.005184277426451445,0,0.5
5669ffff-d185-42a0-b501-3671494aae8a.jpg,5.4218329751165584e-05,0,0.5
567a16e4-50d2-4583-9f35-683ae0727a5e.jpg,0.0070376330986619,0,0.5
56806ce4-308e-4e76-9e23-aee870bd39c9.jpg,0.025602266192436218,0,0.5
569c49e1-68cb-4112-944e-77bef7a04e9d.jpg,0.17342610657215118,0,0.5
56a18901-cafc-4e5f-8c31-70132dec7ced.jpg,3.336444933665916e-05,0,0.5
56a4c665-05fd-4f9b-9ddf-1a0ff4574484.jpg,1.1576195220186491e-06,0,0.5
56a96855-1b6b-4179-aa3b-a6a071c63996.jpg,0.04632728174328804,0,0.5
56b54242-45de-4169-9358-13e070338313.jpg,2.189447556588675e-08,0,0.5
56b62d26-1919-4c30-b27d-348c234aa062.jpg,1.300536678172648e-05,0,0.5
56ba3f5b-5afb-4476-b87f-da3a1cd6639a.jpg,0.00037569814594462514,0,0.5
56ba90b7-6e40-4c8e-9288-cb1cb013e416.jpg,0.00018673125305213034,0,0.5
56c3a8bf-a8d6-46bc-b51c-c3cbf0e8a4fc.jpg,0.017849422991275787,0,0.5
56c9321b-4995-4b29-a913-6ed2fa85bba3.jpg,0.000571483455132693,0,0.5
56cea8fd-2947-488a-ba70-7c01b112c8fb.jpg,0.0006848025368526578,0,0.5
56eb2f8f-6921-4680-9bf1-89e90c1db048.jpg,1.891944521048572e-05,0,0.5
56f82a55-4e58-4104-9096-476c8e9f32fa.jpg,1.3666921461208403e-07,0,0.5
56fd3012-1a3a-4e2e-9c72-0436309b95de.jpg,6.662302439508494e-06,0,0.5
56ff4355-a686-4baa-82e0-e859ef9749d6.jpg,0.000267079914920032,0,0.5
5700e575-22d1-48b7-96e6-cb27f8925cac.jpg,0.011028533801436424,0,0.5
57012c48-402e-4008-afec-5e61c5dd49d7.jpg,0.00024891120847314596,0,0.5
57030bf4-5d51-4f2a-9d1e-d209ae9e0f7c.jpg,7.25051540939603e-06,0,0.5
57037d41-82ea-4a24-af84-46dda811da54.jpg,2.8068756364518777e-05,0,0.5
570f49d0-17fc-42f2-ab1a-15ffaa261bce.jpg,1.7011954014378716e-06,0,0.5
5717c1f9-5291-43fc-8bcc-f087ca6d0493.jpg,0.00013335043331608176,0,0.5
5719f996-f412-4017-a653-787b53d15a11.jpg,3.097008175245719e-06,0,0.5
571acf27-84c1-4507-a68f-b05ba9b44c4a.jpg,0.0030986759811639786,0,0.5
571e2f70-5126-4e7c-bc86-57238432d288.jpg,0.00017009202565532178,0,0.5
5720d272-d00d-49de-aadc-149a7d851ae6.jpg,2.467559738761338e-07,0,0.5
5728bec5-a117-4a8e-ae4b-cd6efbc68679.jpg,0.05378244072198868,0,0.5
5735fec6-a710-4d82-9438-06978149d52c.jpg,1.8923276456916938e-06,0,0.5
573f21ee-3b89-4d86-90d1-b514e7534615.jpg,2.6581037673167884e-05,0,0.5
5748c993-16b0-4e54-bf45-686930c3de3a.jpg,1.5044183346996087e-13,0,0.5
574b7600-fe61-49f3-82bc-5f386642dbf7.jpg,1.8435454762766312e-07,0,0.5
57556358-ca53-40e0-befd-db2455e37f6c.jpg,3.7653715025953716e-06,0,0.5
575772e8-b93d-4432-8cb3-c9388366fb93.jpg,2.929111587945954e-06,0,0.5
5765cfe0-59d9-482b-9f9f-acae53713c72.jpg,2.8623877369682305e-05,0,0.5
5768ef11-db25-4fab-9682-10f176126205.jpg,0.015655241906642914,0,0.5
57769c83-a5b6-444b-a662-e25966eb3eb3.jpg,0.13420164585113525,0,0.5
5779c41f-7300-4ace-a252-ae31dd7b9a91.jpg,0.0006331031327135861,0,0.5
577d55ee-0400-4d4b-8ec8-7fb2562a4b6a.jpg,0.14437833428382874,0,0.5
5792a059-f4cb-4ab9-b27c-85f0e34805e0.jpg,0.0009140030015259981,0,0.5
579afbd9-8aaa-4f05-aa45-d957aa72f323.jpg,0.01418062299489975,0,0.5
57a18ef7-da25-4857-9e4d-7dbb20514636.jpg,2.6957548016071087e-07,0,0.5
57a43c0b-1d08-4273-9a7d-934344d5033f.jpg,0.00011566748435143381,0,0.5
57a4ade2-e7dc-4ec2-841f-34c9ae4c2722.jpg,3.0052235615585232e-06,0,0.5
57a59b17-fc93-48d0-9546-58753168eb8d.jpg,0.0026913199108093977,0,0.5
57b0a4cd-5f9a-46b6-806f-df915c90ab09.jpg,1.188088072368032e-09,0,0.5
57b40771-68af-414a-a8e6-8cafe2763cd5.jpg,5.485370365931885e-06,0,0.5
57c208ca-b685-4fa0-9569-20cf1a39f829.jpg,0.0011617091950029135,0,0.5
57c8ba77-0fd5-4a3d-a41f-75d09e8e724f.jpg,2.7963961812815796e-08,0,0.5
57cdf186-0761-42df-90c3-cdd9b1380155.jpg,1.8093728613166604e-06,0,0.5
57da0c98-58a4-4627-99e4-4de8946832f4.jpg,0.00017661877791397274,0,0.5
57e0e95c-add3-4d31-ac4d-4eb7a97b2b2a.jpg,0.6951874494552612,1,0.5
57e51ae3-e768-4f6d-adef-2bb6fa07e435.jpg,6.440086872316897e-05,0,0.5
57e669f1-b233-4809-b58c-1cb0152a1c27.jpg,0.013280153274536133,0,0.5
57e95130-b5f6-4c04-96d2-863a982a27de.jpg,1.9232265913160518e-05,0,0.5
57eac338-b3b6-4650-9e96-9ba641afebbd.jpg,0.003674064064398408,0,0.5
57fa9c38-a7da-4002-8a2a-0c9237fb2af1.jpg,0.001023828866891563,0,0.5
57fd9267-7c1b-4567-84ae-6eb73642f076.jpg,0.004095910582691431,0,0.5
58010616-e60c-40b6-ac98-159bb7c3fc60.jpg,0.006208439823240042,0,0.5
58023e97-2f43-4bf1-bb23-d519bcd5ed83.jpg,0.00016447252710349858,0,0.5
5807b029-030b-454e-bcb8-588548490cba.jpg,0.00036881337291561067,0,0.5
580b83ba-494f-4df7-ac9f-c7987b30b87f.jpg,0.006816965527832508,0,0.5
5812797c-b566-44d7-8848-32d90bc0423e.jpg,7.580541705465293e-07,0,0.5
582d2f81-e124-4dab-a701-9a537b192cc5.jpg,6.681107333861291e-05,0,0.5
582f05c9-0e0a-4b0c-8bce-7b88d8a75d7a.jpg,0.24136808514595032,0,0.5
5830d14c-0485-4ceb-a6a1-3326bb97a48c.jpg,0.00011315364827169105,0,0.5
583802c9-97b8-4280-b32c-c65fcfa41565.jpg,9.127566045208368e-06,0,0.5
58387561-b146-4134-8bbc-b5d9da54e773.jpg,0.007977323606610298,0,0.5
583cda36-766c-43cc-abf7-2e2dc3c67c1a.jpg,1.1996014109172393e-05,0,0.5
583d5e11-99f8-410b-88c1-0d29f4522236.jpg,4.6654986540772825e-09,0,0.5
584271d4-a777-4e45-81a2-f42b2a39de42.jpg,0.07461031526327133,0,0.5
5843a3cb-bdf6-4f0d-a278-5aca797f084f.jpg,6.754054954205557e-11,0,0.5
5845ce28-b310-4fe9-96d6-bf97cdee393f.jpg,6.4598516473779455e-06,0,0.5
5857ca6a-6ed4-4d81-891b-d1ef9b891d28.jpg,0.055410608649253845,0,0.5
58583795-b0e9-4881-8579-4d17193dacd0.jpg,0.005027896258980036,0,0.5
58584c91-c302-4909-884e-21c6a813c536.jpg,0.056328095495700836,0,0.5
58608a3f-5fa6-4cff-8553-255b0e817244.jpg,8.269505968883095e-09,0,0.5
5860dd96-2485-409a-92b5-a39bb87eb7ae.jpg,0.0834476426243782,0,0.5
586b94f0-a077-4d8b-872c-2e594aee38be.jpg,0.016851207241415977,0,0.5
586e9b26-69d3-4189-be2a-2f7493eed508.jpg,0.0030059716664254665,0,0.5
5873db20-6d7b-4a59-aa3a-b0b08dc24d3e.jpg,1.7309096733697515e-07,0,0.5
587f3e17-34eb-4805-8645-745bd82dbd38.jpg,4.447389528650092e-06,0,0.5
5880d449-28e0-451a-8c44-cf46b973fc9b.jpg,4.489653449013531e-08,0,0.5
5880f0df-7c5b-4ca5-a34d-4157ce4cf663.jpg,0.00034626678097993135,0,0.5
5884e05c-8404-4dae-8735-c12b3d156e96.jpg,1.3459592329567727e-09,0,0.5
588772cb-a12e-4749-bee6-b6eed894e8ed.jpg,2.027054357700564e-10,0,0.5
58907153-c464-46ec-9eda-4ecfcdda19bd.jpg,3.614848174038343e-05,0,0.5
589f02b7-f1df-4766-9b29-d7d301d79b9a.jpg,2.1510143000114113e-08,0,0.5
589fcbf0-d74b-4c6b-8890-881580b3fe47.jpg,0.0003989505930803716,0,0.5
58a5162a-845b-4b2d-8d0c-39ba779c1e3e.jpg,0.0001621906558284536,0,0.5
58b2c025-f441-42e3-95af-7852b6d4b4ec.jpg,9.566198423271999e-05,0,0.5
58b2c695-30c4-4e27-ab8a-ed12dacadeeb.jpg,0.0006961978506296873,0,0.5
58b5cab5-5b56-4d59-b8eb-9ee0e3f21dc9.jpg,0.0003204109671059996,0,0.5
58b9470a-c0d0-48a7-8578-31b504b0d279.jpg,2.6848531433643075e-06,0,0.5
58c8d32e-11fd-499a-84dc-e368ffc01f3a.jpg,9.049580529385537e-12,0,0.5
58ce0685-8274-4ff5-967e-6dd26e12d2b0.jpg,0.00027286025579087436,0,0.5
58d118c4-dc68-4637-928b-f7d704eaca6b.jpg,4.014232057869549e-09,0,0.5
58d510bf-0aa8-4dfa-bc86-ac39be99f2a3.jpg,5.68170935366652e-06,0,0.5
58d749dd-5ccf-45e1-a8ff-8ffb9f31dc2e.jpg,1.2637135114346165e-05,0,0.5
58d78abf-8ed6-42e8-8b0e-258d4cec451a.jpg,5.287095973471878e-06,0,0.5
58e48199-2767-44fa-a3b4-d1f3c282f2fe.jpg,0.0010052175493910909,0,0.5
58e9ecc8-2c32-475c-be9d-5750855f51fd.jpg,0.0037048549856990576,0,0.5
58f090ea-2325-4c0c-80e9-8a0239f673e5.jpg,0.0032992407213896513,0,0.5
58fa78e6-4402-4812-9d76-eb7306a08d81.jpg,0.0006141885532997549,0,0.5
58fbc95e-3882-483e-9f5b-1bb2ac589ae6.jpg,8.735242573720825e-08,0,0.5
58fd02cc-3ecc-417b-beb8-57333cb964fc.jpg,0.0004234421066939831,0,0.5
58fedbd8-fd7d-42ea-ae22-87a8510d3825.jpg,0.005117304157465696,0,0.5
59040fba-8dc1-45a3-a8aa-92078639a994.jpg,4.946971543517975e-08,0,0.5
59067648-6c26-4cc7-8481-fabc0753b025.jpg,0.9062382578849792,1,0.5
590f453e-8cf8-424d-b570-5c929cd5e3b8.jpg,0.03535741940140724,0,0.5
59104a64-b1c1-4094-8b55-c7054dc3cf79.jpg,5.854394657944795e-08,0,0.5
59112bf9-5a38-49aa-9ab3-6923c2cc6d6a.jpg,1.9401874109593355e-15,0,0.5
5911e3d8-a912-4cb3-8fcb-baceaed98bc0.jpg,1.3817228818879812e-06,0,0.5
5919f079-94f2-4d91-949e-fa1e71ac4bee.jpg,5.210160907154204e-07,0,0.5
59201d2b-c929-4ac3-b068-dcfd51ee854a.jpg,0.0002730752166826278,0,0.5
5921d520-8842-47bf-a485-cda36fa1c6fb.jpg,0.015235509723424911,0,0.5
59255ac6-c167-4682-a742-733b27e83f20.jpg,3.5506139695051786e-11,0,0.5
592ac0ee-06c0-430f-8f0e-52bdc75ed446.jpg,0.12595513463020325,0,0.5
592b86f4-86b4-40cf-9892-89d6ca638a3d.jpg,4.3697102228179574e-05,0,0.5
592e3a87-7275-42ec-9271-9eb942aa7ac5.jpg,0.14692388474941254,0,0.5
593f0828-7df0-4ae2-84dc-d33262dd4898.jpg,4.5770316425830515e-09,0,0.5
59436754-411b-48c3-9b14-c264af200af1.jpg,1.3466859854815993e-05,0,0.5
594ca3ec-2705-47a0-b1ba-fde2e5968d69.jpg,1.3859275895811152e-06,0,0.5
5950a6a7-f2be-4782-8d76-3b119e95ee80.jpg,2.0793340809177607e-06,0,0.5
5954f77b-68c9-465e-a56f-062a18689673.jpg,1.6886070852706325e-07,0,0.5
595766aa-cb87-4934-ba89-df27f834083a.jpg,1.4354097288560297e-07,0,0.5
595fc158-fe76-4cfd-9552-3af97b3cfcf2.jpg,0.9893171191215515,1,0.5
5978d01b-2514-4e27-98f1-216733993f40.jpg,0.00033947714837267995,0,0.5
597fff52-e84e-4986-96b5-3c1b09a060cd.jpg,0.0037241987884044647,0,0.5
59845adb-567a-49b5-9a80-983b9beedfc4.jpg,0.6695670485496521,1,0.5
598e646b-5138-4bbb-a779-af5dfbc28d2a.jpg,3.26341751133441e-06,0,0.5
598f3e95-4064-4a65-9238-6c156cd16a28.jpg,0.00013200234388932586,0,0.5
5990b743-40db-4669-927a-91f12b3f4335.jpg,0.002917535835877061,0,0.5
599dc937-98f9-4b36-985c-c8d836e4c2d9.jpg,1.6525175325354802e-12,0,0.5
59a8cff4-76cd-45a5-8fa3-8a35c67fb45f.jpg,3.317301525385119e-05,0,0.5
59a92400-1ec5-477e-9bd6-0dbc4c2802eb.jpg,0.07938238233327866,0,0.5
59a93bd2-b9d3-4c16-be0d-f1089bee7cfe.jpg,4.2216121073579416e-05,0,0.5
59ab41b8-d34d-48f1-ad72-4db5a11a8d1d.jpg,0.0030510490760207176,0,0.5
59b1c74b-ebce-48f9-9af1-20356daa1848.jpg,2.9323058697627857e-05,0,0.5
59bd744e-9666-4c8b-b606-85f2f13a53fd.jpg,9.716580098029226e-05,0,0.5
59c792a2-3ca0-44ee-8a85-13bc02533c02.jpg,1.3826559897012203e-09,0,0.5
59c84dff-ac2f-4478-9b14-a38ca372ba92.jpg,0.0033005643635988235,0,0.5
59c94a25-b283-4667-9f49-436ce12f905d.jpg,0.013746793381869793,0,0.5
59ce560a-4b03-4f42-8efc-c517e768610b.jpg,0.00012300525850150734,0,0.5
59cef919-3867-4b7e-98fd-e265c497178a.jpg,0.0011843973770737648,0,0.5
59d7111c-cb76-47c0-88db-9b0970e251bf.jpg,9.45218198467046e-05,0,0.5
59dee820-d583-48bf-80dc-0013e8904915.jpg,0.0012021890142932534,0,0.5
59df674c-b736-41ae-8d63-949a7e93ad3b.jpg,0.0015953888650983572,0,0.5
59e68150-0435-407b-ab9a-5a7903969485.jpg,0.0004931704606860876,0,0.5
59ff6a90-fc77-4285-a61c-986f165196a9.jpg,4.624499524652492e-06,0,0.5
59ffd78e-a73f-479f-bae3-4da966ed432e.jpg,2.937632416433189e-06,0,0.5
5a025de9-8bd8-438d-aa00-2b97489d0eef.jpg,0.004013711586594582,0,0.5
5a085c85-5cdb-48ba-b4c2-45296cdd31c3.jpg,4.854449343838496e-06,0,0.5
5a17aab8-48d6-412b-9118-30b04bb57eca.jpg,0.0004733351233880967,0,0.5
5a1a2729-bb75-4ff0-b629-e85068ea1b3c.jpg,9.114358157091829e-10,0,0.5
5a1f3033-fdc1-4346-ada0-6e949709df40.jpg,1.644332456654518e-13,0,0.5
5a22cdfb-20f6-4084-af76-b795fe9832b6.jpg,0.0030175691936165094,0,0.5
5a231dd5-de0f-4c70-b96f-02bc5c7cc550.jpg,0.07206471264362335,0,0.5
5a26ddcc-a5eb-4041-889b-e0ecfe64dc5c.jpg,0.6425765156745911,1,0.5
5a26f0c4-c522-4682-b7b9-70de2a13cfc3.jpg,1.3339115412236424e-07,0,0.5
5a2fae8a-bb12-4efb-8f6e-160e0aaf24c5.jpg,0.008298863656818867,0,0.5
5a3b26a0-a098-417f-8e11-b401e95d6240.jpg,2.554841387336637e-07,0,0.5
5a435fc6-893b-4eae-a978-8d56f8598e98.jpg,0.0006540037575177848,0,0.5
5a505586-94ff-48af-98f6-b4ac9d15dcb6.jpg,3.977870903781877e-07,0,0.5
5a52edbe-cbbf-4028-b764-084177125507.jpg,0.08544762432575226,0,0.5
5a57d19e-2763-4f96-9d6c-a4aab30d034a.jpg,2.994504575326573e-05,0,0.5
5a5c23e2-4a13-4b02-be87-7d8b3e30cfd9.jpg,1.5178649448444048e-08,0,0.5
5a60b097-672c-4960-9fe8-0868998e0a5d.jpg,0.19508647918701172,0,0.5
5a64442f-9f98-4ba6-9502-2174f257d674.jpg,0.000492673774715513,0,0.5
5a6dd011-3f71-46c8-846a-8e02749c90aa.jpg,1.830376504585729e-06,0,0.5
5a6f420e-26fa-4c07-b222-ff983a84c43e.jpg,1.7408687199349515e-05,0,0.5
5a73cbb6-6cc2-4f63-a308-809c51cef1f1.jpg,2.098454565668817e-08,0,0.5
5a7680bc-c363-41d2-90bc-53bf7b5ef675.jpg,4.233258366070913e-08,0,0.5
5a7790ef-ca9f-4afc-8f42-9172b15e91d0.jpg,0.004090439062565565,0,0.5
5a7894e1-0a6f-4d64-ac82-a426c4e59fbd.jpg,2.345318080188008e-06,0,0.5
5a91a2ca-ff40-4e44-aaad-2975c24079b6.jpg,2.7532479407454957e-07,0,0.5
5aa22d99-75fa-4810-8c70-0bc7cef4b674.jpg,0.00026749225798994303,0,0.5
5aa3a7cd-3e5e-4502-9398-241ce52764ac.jpg,0.0023206814657896757,0,0.5
5aac5b9b-4be3-4a77-9a46-d40b3487373f.jpg,0.0007702205330133438,0,0.5
5aad9321-4b33-4e9f-9861-b66972526ec5.jpg,0.00018467431073077023,0,0.5
5ab042de-eabe-436c-9dda-bb8e82897016.jpg,0.0024743194226175547,0,0.5
5ab0473b-c6ce-4758-9736-39ff517df252.jpg,5.534237956794641e-09,0,0.5
5ab05cb6-3c8c-4e4f-a96f-ab1f0b4da906.jpg,0.47237592935562134,0,0.5
5acf08be-7328-4d92-a916-781ea2a5655d.jpg,0.00047589471796527505,0,0.5
5ad12e63-aa9e-4e96-8387-d8800f9baca3.jpg,1.5242360262845978e-08,0,0.5
5ad43dd5-fc0b-481c-b7f3-f3c1416438a9.jpg,0.009523151442408562,0,0.5
5ad65efc-4062-419b-8b7d-97e58679e5dc.jpg,0.002183743519708514,0,0.5
5ae301bd-124f-482a-b5bc-a23a80836616.jpg,1.2298241418295941e-11,0,0.5
5ae519b7-9e75-4a3b-a3a1-233f9233485e.jpg,8.982115105027333e-05,0,0.5
5af4a5b7-bde9-4720-8e68-9e3dd78fd498.jpg,8.880328095983714e-06,0,0.5
5afbe847-6db2-470b-941f-a55975880f86.jpg,3.427351657592226e-06,0,0.5
5b0eb62e-677c-4ee2-b07d-d7ededbbe34e.jpg,0.04162578284740448,0,0.5
5b11d420-837d-4741-9830-5104693f2cf3.jpg,1.5247643148086354e-07,0,0.5
5b1436ff-940b-4b04-a244-ba98dc50e5fb.jpg,0.000427033199230209,0,0.5
5b1d79e2-4a02-4766-84fc-968a12fb55c9.jpg,0.13519151508808136,0,0.5
5b1db871-fbe9-436f-aa6a-a02aeb4b2761.jpg,0.0026690869126468897,0,0.5
5b1fc3f9-e5ba-4a21-a765-fb9997937619.jpg,0.0003300583048257977,0,0.5
5b1fddc8-fdcd-4987-bf8c-bd28d2c2219e.jpg,0.0030881501734256744,0,0.5
5b273d52-d829-4c9c-b84d-e74d08481087.jpg,3.51162370293423e-08,0,0.5
5b2ab0be-f762-4ada-808d-3ddf13b7fa09.jpg,0.17619217932224274,0,0.5
5b2c5e86-285f-41f8-af09-a6b72271b605.jpg,0.08065823465585709,0,0.5
5b374bb7-9df3-440f-b317-81655338c969.jpg,1.9310832044538984e-07,0,0.5
5b3ce35a-103a-4217-b137-19fb652598ce.jpg,2.246526491944678e-05,0,0.5
5b3e743e-dec3-4d2e-97ef-d03b6b0933e9.jpg,2.1947043933323584e-05,0,0.5
5b457c5c-86a1-45d8-81a7-c19dead7b6a9.jpg,0.1476214975118637,0,0.5
5b50a103-8e1b-45a3-8c29-ae02c37b583f.jpg,2.1843584718794773e-08,0,0.5
5b54537a-dd53-463f-abc9-4ab5d4fee55f.jpg,0.013339078985154629,0,0.5
5b5bc1c1-a3b0-4ed1-8fca-f8b42f817d3f.jpg,0.00014873036707285792,0,0.5
5b5f635f-3cc5-4cc4-83f2-dbec72b03644.jpg,3.2310439564753324e-05,0,0.5
5b60fe91-ac0a-4719-87bc-781b67a7230b.jpg,1.2457533615783944e-10,0,0.5
5b6f4642-b119-484b-bf40-44d3238c0341.jpg,3.5509376772324686e-08,0,0.5
5b74fba5-d5fa-454d-9117-c8f486540840.jpg,4.734246977022849e-05,0,0.5
5b885d17-c0a2-4585-be38-883b0aad9094.jpg,1.1508471953192156e-09,0,0.5
5ba728d1-6e5a-4444-9b8a-e8f512e1a687.jpg,0.030062828212976456,0,0.5
5ba96581-726f-428b-a849-552e0f8d9468.jpg,0.0005129375495016575,0,0.5
5bb29c3d-06c3-4e1e-a3c3-debf66f1575b.jpg,0.02098659612238407,0,0.5
5bb2a9b6-7a46-4c75-a82a-6c5c4936ad8d.jpg,0.39782410860061646,0,0.5
5bd40742-b0a7-473c-b5c7-b5affe1bdd90.jpg,7.841226761229336e-06,0,0.5
5bd65ce5-1bbf-4ed2-b309-a6c42fc689d1.jpg,1.1680548368531163e-06,0,0.5
5be0e927-db1c-47e2-acc7-105fff715cd5.jpg,4.4292336465190374e-10,0,0.5
5be20461-1dac-409d-9705-5fa4b8b0d1bf.jpg,0.0008083151187747717,0,0.5
5be3f5c3-7ebb-4f1d-8ad9-3370a52e0811.jpg,9.527124228414507e-11,0,0.5
5be65c0b-b628-4cc9-9635-670ea8dae023.jpg,0.0028823167085647583,0,0.5
5be73a03-352a-4946-a16b-151df5a62b68.jpg,0.00018388273019809276,0,0.5
5bede82f-5043-48e5-a083-56f371989caa.jpg,1.014186091197189e-05,0,0.5
5bef7034-cbdc-4877-8b9f-de839bde7748.jpg,5.073394640930928e-05,0,0.5
5bf0028b-0b06-47b7-a428-aa43951c05fa.jpg,4.307180461182725e-06,0,0.5
5c0137af-32fb-4015-a30b-1fbcba301a06.jpg,7.910084605100565e-07,0,0.5
5c04b172-a096-4a2e-b11d-71a20c781f21.jpg,7.645448363291507e-07,0,0.5
5c0775a3-4092-455c-92ad-5ae079111a55.jpg,7.417176220769761e-06,0,0.5
5c078551-6101-4504-a151-34b29244acde.jpg,0.0012940734159201384,0,0.5
5c090c61-4f5b-48b6-bdb1-83e7a6049688.jpg,0.1160680502653122,0,0.5
5c0a6d07-8cca-46f9-bd50-8411fda66c1a.jpg,3.3920210285032226e-07,0,0.5
5c1f6f0e-15f5-4d07-ac99-b4a91ec374b4.jpg,0.000866567890625447,0,0.5
5c37c5b8-c9ae-4c7d-b836-a33a45aed8c6.jpg,2.3387976398225874e-05,0,0.5
5c424bcb-2056-4af1-a5ad-a93445ecf0dc.jpg,0.007495546713471413,0,0.5
5c462afd-1561-4ba7-b843-d12f838b177e.jpg,0.04632570222020149,0,0.5
5c51bf23-2327-4180-935d-e8ae2a167653.jpg,0.9903982877731323,1,0.5
5c52c9fb-c7a1-4e20-bcbd-583cc89588f4.jpg,8.904767128115054e-06,0,0.5
5c5a201f-ee05-4f4b-ac9c-f22daef37ca3.jpg,0.0025964886881411076,0,0.5
5c64c441-46b4-48db-a081-34ea983df44e.jpg,0.01554949302226305,0,0.5
5c733d14-9140-4837-87ac-f903714b4b12.jpg,0.0070685758255422115,0,0.5
5c8628cb-952f-469a-a6c1-1d729bb0119b.jpg,2.3251250240718946e-05,0,0.5
5c8bbca8-d794-4154-8d8c-374825be7cc4.jpg,0.00043619194184429944,0,0.5
5c90c0d8-6ed7-4b2b-b403-21e36969d277.jpg,3.2421552109695995e-09,0,0.5
5c931873-64f7-47ec-a899-b9e4f867052f.jpg,7.58563619456254e-05,0,0.5
5c937884-a096-4dbb-8176-0124d1ee06d5.jpg,1.65063394064191e-08,0,0.5
5c94a1ef-ee89-49af-895c-c2b842891fa3.jpg,9.448703153225324e-09,0,0.5
5c9866f4-03a2-4e9b-a92f-87b2b6e2938a.jpg,0.00011032159818569198,0,0.5
5c98ad24-2b3d-419f-ac6b-ef5f85ee63ae.jpg,0.041995570063591,0,0.5
5c9f3b0d-27b6-48fe-adbb-2f3d2db8fd6c.jpg,3.253798422520049e-05,0,0.5
5ca1e03c-b537-4ad9-af8d-29a80e9b90e2.jpg,0.007980935275554657,0,0.5
5ca48470-58b1-418e-80ca-62ed58aa2ba6.jpg,3.105309951934032e-05,0,0.5
5ca9b764-c8df-4bd2-8cac-876f4843631d.jpg,0.004547173157334328,0,0.5
5cbf21b5-92af-4773-b5e6-eb643c0aa5c2.jpg,8.638033932584221e-07,0,0.5
5cc30e1a-0348-41fd-8d1e-99a6993451a0.jpg,1.3841963686367365e-10,0,0.5
5cc43776-a0bf-4cad-b966-f1ddae7fc568.jpg,0.8160159587860107,1,0.5
5cd1d1d2-b04c-4fd4-b8f4-ed4f2e2909ea.jpg,3.5420879562764185e-09,0,0.5
5cdfb967-621f-49d4-9a0f-405eefc25346.jpg,2.808273166010622e-06,0,0.5
5cecf844-c339-4e7b-a733-67b18d7ae2df.jpg,0.06339538842439651,0,0.5
5cee515e-30a6-4422-870d-73476242a128.jpg,2.58425711763266e-06,0,0.5
5cf5d880-87ee-4bde-9713-f233db4c7243.jpg,9.641407672233981e-08,0,0.5
5cf85d88-b921-4fd9-bcf5-c1e04fcee10e.jpg,1.6719451378932604e-09,0,0.5
5cfad6f8-f169-45ae-9531-06d96715b1be.jpg,0.026581397280097008,0,0.5
5d00f95c-f095-4455-89aa-efddc95ddf6d.jpg,0.007120885420590639,0,0.5
5d052f39-c83a-4f52-b331-09e43482af0f.jpg,0.0019879559986293316,0,0.5
5d06f845-2823-4581-88f4-a5935911d4eb.jpg,4.346096466179006e-05,0,0.5
5d077f54-d84e-403b-825b-b05ce16bebd1.jpg,8.527047725692682e-07,0,0.5
5d09a570-b8e7-4edb-8934-72b1afb53ac8.jpg,8.622480862641169e-08,0,0.5
5d0eeeea-730f-4215-b242-3e9d5ea236b6.jpg,0.16663889586925507,0,0.5
5d2730a6-ede2-4535-b70c-c758f57f971f.jpg,6.813013897044584e-05,0,0.5
5d28ba09-2222-4445-9d9d-879589f23f05.jpg,7.428967996325753e-10,0,0.5
5d3403ad-10e9-48f5-9f9d-299248b96e1e.jpg,0.0013783874455839396,0,0.5
5d401361-6f79-46a1-8e2e-fcde24128b6e.jpg,8.32091018310166e-09,0,0.5
5d4a0e84-610a-45be-993c-fbc0f4d72959.jpg,6.093262982176384e-06,0,0.5
5d4e86ba-dea4-4d76-bf74-cb38242f626e.jpg,2.203174153692089e-05,0,0.5
5d52a2a7-957b-4a12-9133-3323cc230b84.jpg,0.07293134927749634,0,0.5
5d5561ee-d316-43b0-959e-bbaa64578b52.jpg,2.62811198581403e-07,0,0.5
5d5efaf0-0524-4bf6-8006-5e1a10518e0f.jpg,0.0016792166279628873,0,0.5
5d667823-90ed-4edd-aad3-3a03c4eceaaa.jpg,0.04644056409597397,0,0.5
5d910e9f-cb8c-438a-a47a-e0f0bc65dfda.jpg,1.6948507663983037e-07,0,0.5
5da226c8-8f04-4728-8e5e-c85a70679ff8.jpg,1.309659728576662e-05,0,0.5
5da5257c-1dbf-4f60-a235-de8a98787ad6.jpg,0.012168806977570057,0,0.5
5daf1df9-b477-499c-b228-a20370205883.jpg,0.0010288904886692762,0,0.5
5db2c5ee-4faa-465f-89bf-1fc6b93089ed.jpg,0.002333706710487604,0,0.5
5dc4abc4-228c-4f73-ad75-308d104c2427.jpg,0.156716451048851,0,0.5
5ddd8c54-3d33-406a-b7f8-e05e0048aadc.jpg,0.00013705177116207778,0,0.5
5de26c36-6f53-47b2-a8a7-ca017ff327f9.jpg,1.5048810382722877e-05,0,0.5
5dece12d-686d-4f3c-a2dc-be507a3f9f9a.jpg,1.1833439117481248e-08,0,0.5
5df392f7-b37e-4dda-935a-1c2cbe0d89dc.jpg,0.013346442021429539,0,0.5
5e11d3c7-b1b7-4103-a993-ba5c20cb261f.jpg,0.0030952885281294584,0,0.5
5e11f06a-749c-4125-840c-5dcd1929584b.jpg,3.600162301609089e-08,0,0.5
5e126163-e8ec-4822-be8f-858f126730c5.jpg,1.3420767101812725e-11,0,0.5
5e12f815-fce2-4844-bb1c-f29bfea2ae6b.jpg,1.1189238868780649e-08,0,0.5
5e13264b-bd20-4274-ba56-c67172399c3c.jpg,1.7293876553026166e-08,0,0.5
5e15e07e-d764-4735-925f-d55c550e02f3.jpg,0.0006047079805284739,0,0.5
5e184f9c-7ffc-4b88-83f3-767d305a7f11.jpg,4.6857226720931067e-07,0,0.5
5e1b1866-05c8-4857-8af5-81137a4289f7.jpg,0.025982646271586418,0,0.5
5e1b94b5-4814-4e53-8017-4ad8ee967f00.jpg,0.00044494945905171335,0,0.5
5e1d2ec2-7f87-4b46-9972-1a072b0bb9fe.jpg,0.2190990447998047,0,0.5
5e21c520-c765-4a08-859d-4a4ec3c9de78.jpg,3.0286049224059752e-09,0,0.5
5e248e0f-e502-40fa-a7af-0b01f43ea475.jpg,0.41884058713912964,0,0.5
5e24a106-7dc0-44c7-aeb0-f6e9efb45b96.jpg,1.8359201021667104e-06,0,0.5
5e432b3a-bde5-4967-97f0-b7773af74bd4.jpg,0.03728628531098366,0,0.5
5e47fd19-c141-479b-bd71-35124c0b9463.jpg,0.00011425086267990991,0,0.5
5e504baa-6480-4009-a98c-f7eb0f863953.jpg,3.5498930461841383e-09,0,0.5
5e53aec8-6163-4429-b475-7743392cd9c1.jpg,0.00014197950076777488,0,0.5
5e68ffb5-cdfc-4f22-a4b6-039db9859850.jpg,2.57272768067196e-05,0,0.5
5e6f5b47-c6ee-41ae-97a0-1d24da0ba2da.jpg,0.06039481982588768,0,0.5
5e7061e8-4153-4fab-b90a-301eb6210135.jpg,2.2974954561050254e-07,0,0.5
5e70e8e7-2774-44ab-8bfa-2244ef9da55c.jpg,1.268841060664272e-05,0,0.5
5e779ed4-b601-4e2b-bf47-466524ae03db.jpg,3.860690867441008e-06,0,0.5
5e77eb9d-f7a0-4f05-9750-d23f4c78f4f5.jpg,3.3265321235376177e-06,0,0.5
5e7c5131-13cf-4530-98c3-d32a166ef797.jpg,0.001076716696843505,0,0.5
5e8095e1-9860-4047-a0ad-5d494aa7c0a4.jpg,2.4977709472295828e-05,0,0.5
5e82dc0b-9d26-44f1-b6bf-d10b715dcbf6.jpg,0.035624969750642776,0,0.5
5e868748-6ef2-43ae-b3b8-ce8355a3e8ae.jpg,4.7838324412907696e-09,0,0.5
5e9d49dd-5b89-4b90-bd98-f8f2ecdb0058.jpg,0.020702216774225235,0,0.5
5e9f0dba-eca9-485c-948f-6b4404e606b7.jpg,4.732537917107038e-09,0,0.5
5ea9ec12-2bd8-4d2d-b312-2e58f2e6e66a.jpg,8.979746946025102e-10,0,0.5
5eb26db1-f8bb-4d30-9c0c-e12f25904629.jpg,0.00023671152302995324,0,0.5
5eb9e217-7e0f-43e1-bb6a-e769686250f8.jpg,5.998430765430385e-07,0,0.5
5ebb1bad-6a38-405b-b4f5-c3001663415d.jpg,5.966782623545441e-10,0,0.5
5ec11cfc-84b2-49ef-9ec6-012a77366593.jpg,8.618010906502604e-05,0,0.5
5ec71ed5-321c-43f4-bc59-77eb17c95cb1.jpg,1.027395839514611e-07,0,0.5
5ec7349d-e171-4d60-90e2-57883bc72a99.jpg,0.0001032905638567172,0,0.5
5ecbbd26-797e-4b3c-ab65-6a6ab3c4ddf2.jpg,3.705798735609278e-05,0,0.5
5ed1c20f-2cee-4556-b1bb-e38eb3b0b87f.jpg,0.037859559059143066,0,0.5
5ed6d916-8112-408f-9eb7-d54f6894e5ca.jpg,0.4875508248806,0,0.5
5edac42d-ff8f-4063-9485-d54040f7e109.jpg,9.084188786800951e-05,0,0.5
5ee4155d-0243-43e7-ae09-91f4a17a47b2.jpg,1.8264432583237067e-05,0,0.5
5ef09bf4-534d-4775-93ab-0f3feb66753a.jpg,0.0003450934018474072,0,0.5
5ef1048a-acad-4dec-9667-81d1a6cab68d.jpg,1.8936883861897513e-05,0,0.5
5ef233fe-eb48-45bd-a44e-61a0416aa722.jpg,0.007482497021555901,0,0.5
5f048efc-fc84-4bf9-9bd7-0c2eb7f8ed38.jpg,1.0485950951988343e-05,0,0.5
5f0a6b72-64e9-40b9-b6f9-e8ad52d11b9e.jpg,0.374050110578537,0,0.5
5f0f6aeb-cbc2-42cc-b13d-f80460e370b3.jpg,5.281918856780976e-05,0,0.5
5f11a845-aadb-440f-81a4-eb3c7f5f69f7.jpg,0.00566435931250453,0,0.5
5f1208a5-2f82-4c98-85e9-725e6e2c1db7.jpg,0.0007723689777776599,0,0.5
5f18396a-0678-493d-8787-a123c8fd5648.jpg,0.0003312602930236608,0,0.5
5f291441-4ddf-44f5-8f90-d9b4f3d5da13.jpg,2.1056448531453498e-06,0,0.5
5f339bbd-babe-422e-a23c-760b48d31157.jpg,1.6082789500160288e-07,0,0.5
5f376a0f-fb35-4894-b136-83f868d8a359.jpg,3.112351123490953e-06,0,0.5
5f42577c-9933-4cb8-b41a-01fbc3a4b86c.jpg,4.5510120116887265e-09,0,0.5
5f4c01ca-f57f-4c15-8be3-e38cc97fc23c.jpg,0.010271863080561161,0,0.5
5f4f4f75-d3be-4c21-a2d8-0133ba09a4be.jpg,3.0539152362507593e-07,0,0.5
5f551f8d-bf21-45a1-b58f-01d33ebbaca8.jpg,1.0006293571507285e-08,0,0.5
5f5a83c4-3b2d-441e-b4cf-2ffc67bd4086.jpg,3.7496549794013845e-06,0,0.5
5f5bfa4c-aa0d-4e67-8ebc-7b5cee6ba5e1.jpg,6.217843474587426e-05,0,0.5
5f67692e-884c-44fc-9ec7-d63357c8f209.jpg,1.121689820138272e-06,0,0.5
5f6980aa-b9c6-4467-9923-b33df4a7d393.jpg,0.0001462537911720574,0,0.5
5f6cf9e8-5150-487a-8815-c385bdea74ce.jpg,0.9989210367202759,1,0.5
5f72416c-882e-476e-94e7-8a29a04ab1f5.jpg,1.7348260371363722e-05,0,0.5
5f739348-ae1d-40d4-ba05-8c2b45c2aed9.jpg,0.00016854392015375197,0,0.5
5f75ece8-6632-490a-8841-3580f384031b.jpg,9.678942296886817e-05,0,0.5
5f788535-778a-4b75-bbb6-095eae393699.jpg,0.00013116031186655164,0,0.5
5f79395b-8e75-4bcd-bd74-bdeccad5979f.jpg,0.017793409526348114,0,0.5
5f7b878b-6d2e-475f-8146-ed19b02a6ea8.jpg,1.65893834491726e-05,0,0.5
5f805053-bf03-49c6-b40d-a8150bc2a35d.jpg,4.329150371518153e-09,0,0.5
5f80fab0-7f8f-4529-a78f-cb133857b9a0.jpg,0.019558189436793327,0,0.5
5f84c5de-ac83-4f0f-b27c-8946dcc56dfa.jpg,0.0005751629360020161,0,0.5
5f89fbad-6cca-4730-b02e-4237847babc1.jpg,4.080872884060227e-07,0,0.5
5f961a9b-41fb-4c11-a984-c5c64070c51f.jpg,0.005570302717387676,0,0.5
5f99b871-8291-40ef-a37d-07a76c822924.jpg,0.00034226212301291525,0,0.5
5fa26f1b-6135-4492-94fc-510f9028c5f2.jpg,0.3552459478378296,0,0.5
5fa8f99e-c0b6-44ef-b9af-fb24e5280951.jpg,8.258560342255805e-07,0,0.5
5fb18331-98cb-4649-987d-92316f7b3fd2.jpg,4.371460454422049e-05,0,0.5
5fb6af5a-9b89-483f-8804-cacecf74e17b.jpg,0.5995623469352722,1,0.5
5fb89dfb-49e5-41da-a2c8-c66d9b24ef42.jpg,0.0002836141793522984,0,0.5
5fc2664f-41f0-4d17-ab65-321f42459c89.jpg,0.00028012521215714514,0,0.5
5fc28a54-21e6-4918-8801-a57d18c97ad0.jpg,8.0608621999545e-08,0,0.5
5fc96a2b-b21e-4781-a929-efc4eeac7698.jpg,0.08417738974094391,0,0.5
5fd41c48-eb02-4d77-ade0-0cade7310eae.jpg,0.0075837415643036366,0,0.5
5fd9bcf6-8ada-4d9c-957d-7c9afe0d4aa5.jpg,7.467904652003199e-05,0,0.5
5fe2d2ec-2aa5-4b17-8de7-2ad740d24166.jpg,9.467046766076237e-06,0,0.5
5fe36c9b-0562-46de-a1af-b231d003a8a0.jpg,0.0047827064990997314,0,0.5
5ff16bc9-f0bc-4ed5-a32a-be9235899cf1.jpg,0.0007666514720767736,0,0.5
5ff81dc2-7336-4717-ab2e-e9ed8fc74710.jpg,0.04174378886818886,0,0.5
5ff8a054-3871-4b20-9505-55d5cda23b8c.jpg,0.0033758021891117096,0,0.5
5ffcadf2-5c22-4aea-a087-f7090143e8af.jpg,4.2571305129968096e-06,0,0.5
6001125e-2586-4472-91fc-2dda7f76a16f.jpg,0.0402216836810112,0,0.5
600165f9-5cef-466a-bd52-48a1b013690f.jpg,9.840764687396586e-05,0,0.5
60044374-d658-4797-acf4-980e65258b41.jpg,0.013092554174363613,0,0.5
60082d47-2cd4-449c-8124-aabf8eb580e1.jpg,5.724445145460777e-05,0,0.5
600d7f63-83be-474b-98c5-52bf8c23bab6.jpg,1.4643859735929965e-10,0,0.5
601a5679-7b74-449d-89f1-767a41fa7da6.jpg,0.0032030483707785606,0,0.5
601edacc-4bd7-44ee-a642-82fd9102a917.jpg,6.8878930505889e-06,0,0.5
60214350-96db-4ccd-a76c-228e5a561cf1.jpg,0.00120008725207299,0,0.5
60216127-99e3-4435-8b7b-ce323e51a094.jpg,0.95210200548172,1,0.5
60235e57-40a4-498f-b5ef-f7be3c0e5b0d.jpg,0.00018747089779935777,0,0.5
6023f10e-aa63-4a92-9ed3-b1e432b24dc6.jpg,0.004468865692615509,0,0.5
602938c6-0132-49cb-9b7b-663e196d24d9.jpg,6.123628554632887e-05,0,0.5
602d84f7-b667-4036-80fc-0dda3a17b1b2.jpg,7.109855505404994e-05,0,0.5
602fef1c-430b-4537-8614-bef6eead34c9.jpg,0.9815131425857544,1,0.5
603351b8-f7b7-4101-8d23-5dc95bf68e95.jpg,0.026916638016700745,0,0.5
60359f03-098b-4643-9a5e-bffedc686dd2.jpg,0.06446091085672379,0,0.5
6035f325-430c-45cb-a1c2-4d6488976e51.jpg,2.686577147414937e-07,0,0.5
603853dc-a689-4be2-9bf1-11bf9713bf34.jpg,0.003952845931053162,0,0.5
604c2aa5-675c-45bf-ac46-9c8b73821b76.jpg,5.550522018893389e-06,0,0.5
60615791-248b-492b-9946-02b623db4488.jpg,0.006406859029084444,0,0.5
606470b5-e91b-486f-aebc-96a94bdb17c8.jpg,0.003701642155647278,0,0.5
60662e89-25d0-4887-ac28-e0ac64e617bf.jpg,1.9084949599346146e-05,0,0.5
6069cd79-c56a-418c-bca3-d98004c6054c.jpg,1.231544288771147e-08,0,0.5
606a08e8-c26c-4ca2-bd5e-c81ddb26f74c.jpg,2.046246299869381e-05,0,0.5
606d67ae-b426-4939-9fc6-77230089ab50.jpg,8.950062913015699e-10,0,0.5
60721555-b3f1-4411-a8ac-1e42726e35e5.jpg,4.559033186524175e-07,0,0.5
6073e3f6-6232-43bb-b888-d93173abdf1e.jpg,0.00015433586668223143,0,0.5
60756de9-42f1-4b24-a474-8a0888a4a9bd.jpg,9.535104650293391e-11,0,0.5
6080a2a8-bed2-48a7-8aeb-0a8c6e4ac99d.jpg,3.048761527679744e-07,0,0.5
608183bf-2721-4c45-8cce-4e8683473337.jpg,0.010640952736139297,0,0.5
6083ab21-d900-4a74-b729-e2dd07cf33dd.jpg,1.3824695997755043e-05,0,0.5
608bd58c-3384-4521-b014-a9b3c6947021.jpg,1.0241323877835384e-07,0,0.5
608e4043-755e-48d1-93b1-dc93b6660578.jpg,0.0001546665735077113,0,0.5
6092956c-cff3-4628-9c14-cde8088453e6.jpg,0.0010725713800638914,0,0.5
6096d2a3-9b6a-4237-85bb-e1ce1f6c7b35.jpg,0.0020466449204832315,0,0.5
60aba0d1-2e0c-42ee-868e-c5c1869af6e3.jpg,0.11694503575563431,0,0.5
60b34c89-92b3-4cc3-bd3f-91332399ea50.jpg,1.2992153131108353e-08,0,0.5
60b5010f-31e7-47c2-a3b4-c47319027ede.jpg,7.87113640399184e-06,0,0.5
60c301c6-2707-49ae-8cb3-61d9cd9ac622.jpg,2.7796044378192164e-05,0,0.5
60ccc84c-be5a-4e45-81cc-2a6d11ca7410.jpg,1.3536780443246244e-06,0,0.5
60cea2ff-7e72-499c-874d-dd4a46fac6cd.jpg,5.698829681932693e-06,0,0.5
60d29587-a2ce-4e94-8a08-caa4f69c63b0.jpg,1.086191026011818e-09,0,0.5
60d4f704-f20a-4cb0-bc0d-6c908c3ab1c6.jpg,0.004314262419939041,0,0.5
60d81fd7-cf68-4a2f-a670-fae4cecd35bf.jpg,2.0774508811882697e-05,0,0.5
60dc6cee-3b0e-4561-bcea-4ef2273a91d4.jpg,0.0003575384325813502,0,0.5
60e1309e-96a4-4944-b613-120763d9d09a.jpg,0.001369324279949069,0,0.5
60f193d2-e0a1-45b3-a29f-dcb93f252706.jpg,2.820068402797915e-06,0,0.5
60f27956-2190-4374-840b-dba91521d5ff.jpg,0.00010461857164045796,0,0.5
60fc2728-cb9a-413e-bf61-15f374d44633.jpg,0.011505522765219212,0,0.5
60fe905d-5839-4db6-986b-c99f3d8a7675.jpg,6.991584996285383e-06,0,0.5
60ffa39d-d277-42c2-85b6-c09fbb127698.jpg,0.0017279669409617782,0,0.5
6115280f-1b4a-48c5-8c43-0e99f3a2ed8e.jpg,2.921046871051658e-05,0,0.5
6116c515-1f85-4b70-acc5-7b60501263b8.jpg,3.874678800031006e-09,0,0.5
611ec1cc-2a21-4c87-9344-5187ef5563cb.jpg,0.00698177982121706,0,0.5
611f490b-3942-447d-8f5d-005b3d027ca5.jpg,1.7566570704730111e-06,0,0.5
6129da89-946d-422e-ab81-daa8f98b9a07.jpg,0.0006335503421723843,0,0.5
6135f176-52a7-4780-b0a3-31d756ad3739.jpg,0.0004399888275656849,0,0.5
6136aef5-3832-4ef6-94ef-ae745e1c8696.jpg,2.4369269340240862e-06,0,0.5
61371b0a-9f2b-41c9-9637-4eec85064988.jpg,1.515724761702586e-06,0,0.5
613a1ffa-661b-4092-9e5e-e889d95f10e6.jpg,5.338881692296127e-07,0,0.5
613e83a1-5df2-4618-beaf-af5884457ce2.jpg,0.023284299299120903,0,0.5
614237b3-1db8-4689-a4d7-97fac76cf250.jpg,6.460598278579255e-09,0,0.5
6143ea00-a27b-4861-9171-9a1250bfd495.jpg,0.38553041219711304,0,0.5
6144ce40-c79d-4c38-a70d-70be59a53f5f.jpg,0.00029157710378058255,0,0.5
614833bd-fbea-42e8-9753-c936cfa273ed.jpg,2.70963187176676e-06,0,0.5
614ace4b-351f-4482-ba17-b65a4ef1ea51.jpg,0.0033343357499688864,0,0.5
614d799a-4e0d-4bc4-8a15-299375c8d1f6.jpg,6.458151801780332e-06,0,0.5
6157c471-baca-4d95-9e0e-583151ac204e.jpg,6.232049054233357e-05,0,0.5
615a4301-8396-466d-a92a-6c88c8c72fcf.jpg,0.0012234890600666404,0,0.5
6161287e-8787-42e7-a3bb-850f0af139d7.jpg,0.07804711163043976,0,0.5
6161d1fd-ba16-4630-8c78-872452fc05e6.jpg,0.00011137693945784122,0,0.5
616a1468-1cfb-4201-a851-a346c92ba1ba.jpg,0.003684571012854576,0,0.5
6171ee40-9ed7-4f8e-8ed1-b8def3bfa863.jpg,1.7146790924016386e-05,0,0.5
6177c9d6-2bee-4d05-88f2-73b4f91df32d.jpg,1.1922809406428314e-09,0,0.5
618dcc5e-5f77-48bd-994b-834f0f9ee7aa.jpg,0.0001503338571637869,0,0.5
61962035-c9c1-4675-9438-c3b1fc6f6963.jpg,5.91081459333509e-07,0,0.5
619624f8-9c35-436b-999f-bc954cf14e91.jpg,4.2620090425771195e-06,0,0.5
619c5b01-fff0-4a90-8a14-d8f70b0e0ee9.jpg,0.0002432695182505995,0,0.5
619f8306-202a-44c1-9674-61a266747955.jpg,0.0005672640400007367,0,0.5
61a16afc-af03-4156-b0f3-ee7a63e4d497.jpg,0.6143622398376465,1,0.5
61af8683-9b70-4a6d-8178-64470d966678.jpg,5.6455224694218487e-05,0,0.5
61b2f2a3-78bb-471a-88b1-9141fd26132f.jpg,0.0032919449731707573,0,0.5
61b2f38d-4398-4863-afbf-d06aaf53b957.jpg,0.002385486150160432,0,0.5
61b6da8e-f408-46ee-8887-ae591676e4f8.jpg,1.6877351299626753e-05,0,0.5
61ba1ae2-2746-4546-8197-06982a15f858.jpg,3.303467747173272e-05,0,0.5
61bd4325-30a6-41fb-aeac-f9ead78d4693.jpg,4.55300823887228e-06,0,0.5
61c36640-13f6-4aaa-a04a-989059a9bcdd.jpg,0.00792876910418272,0,0.5
61c4142c-b44c-410a-928a-19e5c351c991.jpg,0.022981129586696625,0,0.5
61cf52b7-5c50-413d-b13e-38534e4750e5.jpg,6.524660989271069e-07,0,0.5
61e19315-bcb0-4d76-985e-ac11b133e6ec.jpg,0.7815069556236267,1,0.5
61e2fc07-10a1-44ce-a36e-fd1f40bd291e.jpg,3.8888774724910036e-06,0,0.5
61e79325-c76e-4260-a932-a0cc5ebed725.jpg,3.911850399163086e-06,0,0.5
61edff07-2508-4b9f-9f0c-41df252479f0.jpg,2.084845800709445e-05,0,0.5
61f0b741-d918-401e-893e-64300b721b45.jpg,4.47150923719164e-05,0,0.5
61f2533d-f4c3-41e3-a073-bab26a220f3a.jpg,0.0003223424719180912,0,0.5
61fa4de4-47e5-4f19-953c-d98281c87e3b.jpg,5.597829311199121e-09,0,0.5
61fd1bc0-e044-4c7b-ab2b-09fef4e15e07.jpg,0.002265732502564788,0,0.5
6200a654-af88-4e32-8f30-dbf724840347.jpg,0.00028142594965174794,0,0.5
620403e0-5450-4115-9b77-5debe56352b1.jpg,3.978302842710946e-08,0,0.5
6206a3c6-57ec-4462-b3b9-49602a355b60.jpg,3.92985839425819e-06,0,0.5
62094c51-ac16-4546-bc04-034ffe4ac146.jpg,0.00020808515546377748,0,0.5
62177a04-1145-4d6d-86bd-ab7c970f0b25.jpg,0.044200725853443146,0,0.5
6218ee8d-d962-4980-a174-ed61c6df1276.jpg,3.7660139895479006e-08,0,0.5
621bef04-6270-4651-8fae-02a03f07c98b.jpg,0.007673583459109068,0,0.5
621c6495-8642-4e23-a08c-6756af3b7b53.jpg,0.004450597800314426,0,0.5
621fe35f-e371-436b-a48c-b2f7fa569f02.jpg,0.0005554918898269534,0,0.5
622b8b7e-019d-4882-b7e6-be10b6baccb9.jpg,0.000366671709343791,0,0.5
6235f004-9eb9-4684-ad5c-1b6302182b27.jpg,1.3279326249726608e-10,0,0.5
623d6cb2-b27b-48f4-a070-fc6a6bb761c9.jpg,7.81582002673531e-06,0,0.5
623e8b86-41b1-4568-98c4-82a25949c959.jpg,1.32237970573712e-10,0,0.5
624296bc-0cf0-4172-9342-6e62dc30c0b3.jpg,4.161387096246472e-06,0,0.5
6244812b-c794-43bd-913f-f11bc7253769.jpg,0.0016349406214430928,0,0.5
6246870a-26e8-4eb1-ac57-14057d6ea21c.jpg,0.10636918991804123,0,0.5
625884e1-2511-4568-88fe-a93b7de3c204.jpg,5.018745810048131e-07,0,0.5
6264808c-13c8-4a2a-884e-88231bff8ac2.jpg,0.004505787510424852,0,0.5
626d2e82-fb7b-42c4-8a8a-b53df52ca7d0.jpg,0.0007198302773758769,0,0.5
627353d2-66de-4585-93a7-290d7ac77d55.jpg,2.798847820173478e-10,0,0.5
62751dd6-ed4d-466b-8f39-3b2cedc86ed9.jpg,5.167893050384009e-06,0,0.5
627ffa29-9f60-42d7-8169-60938a4505cf.jpg,2.237020702011705e-08,0,0.5
6283b7a5-080d-4ee3-9188-c3c10e07aec9.jpg,2.6157022148254327e-05,0,0.5
6284eeaa-d4ae-490e-a244-fd3dae01ee43.jpg,1.9323175592944608e-07,0,0.5
6286e9e1-3e25-4bca-b9d0-57dc9f82dc12.jpg,7.827091394574381e-06,0,0.5
62891dc1-1f8c-4c44-ace9-ce86d11be703.jpg,0.01173569355159998,0,0.5
628ba75c-198e-469f-bfbe-2e8cb7c77e2e.jpg,0.06364093720912933,0,0.5
62a68260-7070-4c98-9684-c96b54021dbd.jpg,0.0006756799411959946,0,0.5
62ab437b-1762-4eac-bc4a-8ef8cbcdc2f2.jpg,3.271514401603781e-07,0,0.5
62b7a8da-9539-4600-b612-97f6db00a4da.jpg,9.539625978050026e-09,0,0.5
62b9fce5-9a09-4f69-8c87-bfa79da216c1.jpg,0.08134248852729797,0,0.5
62ba73da-c24a-472f-8da0-e883ac36d927.jpg,1.781653736543376e-05,0,0.5
62d0f2b2-1138-4ea2-a048-83c4b79b8f52.jpg,0.05308026820421219,0,0.5
62d1ae8a-45b9-4a34-bdeb-dbc535ef7a12.jpg,0.04464949294924736,0,0.5
62d5888c-7d4a-41ca-baf7-dd20cf293467.jpg,0.014380221255123615,0,0.5
62d99e23-6990-42ff-929c-87559eb84705.jpg,0.00019170843006577343,0,0.5
62efed0a-dc57-4ea1-9e9b-371d51e5da68.jpg,0.20483183860778809,0,0.5
62f542e9-20bb-40fe-be22-22f2ca3de7e5.jpg,0.0014501825207844377,0,0.5
62fc6cb0-0af6-48e9-b649-33e802d0d669.jpg,0.0028625326231122017,0,0.5
62fe91a8-4261-467f-b95e-72c4a5a476c9.jpg,0.0031204058323055506,0,0.5
63001834-5083-4865-b747-8a33bafc1f77.jpg,1.6786619028152927e-07,0,0.5
63013de1-f2f3-42f9-a778-82f6f9db220b.jpg,0.005304256919771433,0,0.5
63020f9d-a1f0-41ca-bace-f57ad6607bd6.jpg,0.00033929143683053553,0,0.5
630a1e61-27fb-4c3b-927f-fb18bcdba51e.jpg,0.014751045033335686,0,0.5
630ef8e4-58ac-4c43-ba0f-c21e475a19e7.jpg,0.11119247227907181,0,0.5
632494db-b124-49b0-957d-c2d4fc1883b3.jpg,0.00024099093570839614,0,0.5
6325dd0d-a0b6-446f-8445-59988315c4c0.jpg,0.07233577221632004,0,0.5
633a96b9-84d7-4c08-83ad-195c84b4f1c1.jpg,9.959972521755844e-05,0,0.5
63407df9-7902-4297-82db-f4b5e4fe8cf0.jpg,3.5672437093126064e-07,0,0.5
6348565e-5281-4685-9422-20d9b982b3e3.jpg,2.1493111734827153e-09,0,0.5
634cbb84-9274-4b79-b404-3bed0defae3d.jpg,2.345498069189489e-05,0,0.5
6365cce8-0752-428e-be92-a36a2da9b9e4.jpg,0.4572039246559143,0,0.5
6367464e-c8ac-48ec-91be-88c80a5f69fa.jpg,2.9600178308442082e-08,0,0.5
63690b49-f50c-4064-ba0e-9303a542c68c.jpg,3.819181415565254e-08,0,0.5
636a6eed-97e1-4128-9de9-35fd07bdb4c7.jpg,0.00011846502457046881,0,0.5
637264f8-ce47-4703-bf6d-93e4bc916676.jpg,0.0023797443136572838,0,0.5
637349f7-2a4f-40e8-a253-3d7b55c0c418.jpg,0.6347711086273193,1,0.5
6375503c-6c18-473f-a171-7bd9870872e2.jpg,0.8472123742103577,1,0.5
6378310c-9918-4686-97d6-f96698f4d2fc.jpg,1.8124061170965433e-05,0,0.5
638aa54f-fd66-4268-b692-cd9f5cb33fa9.jpg,2.1919868142816767e-09,0,0.5
638b5b10-eca8-4bf9-a09e-3fc76ab578c3.jpg,0.9677575826644897,1,0.5
638c2b81-cbf1-46be-bad3-4432d8837204.jpg,4.429263924521365e-07,0,0.5
63a1d668-047a-4dec-8383-6097ee6da0c3.jpg,0.0004893745644949377,0,0.5
63a1f6e2-76ec-48ab-99b0-d80bf305ccf9.jpg,0.0008183043682947755,0,0.5
63a9a0fa-1f6b-4932-8379-a8135268dd05.jpg,1.0514078496726142e-09,0,0.5
63b6a805-5fa9-4b51-b7ce-959269c8722e.jpg,1.0298909955963609e-06,0,0.5
63c0cc00-1960-4412-b6ce-2baca15e9569.jpg,9.247666457667947e-05,0,0.5
63c24734-c5b2-4488-b754-0aa7dca38056.jpg,4.988763976143673e-05,0,0.5
63cf38ff-f690-4561-b243-59378d58c464.jpg,0.575432538986206,1,0.5
63d47582-bcbb-4ba8-a418-c678e6f9aff8.jpg,0.007731436286121607,0,0.5
63d56a5c-afdd-4da7-aaa3-cdeaeefd6628.jpg,2.009740711628183e-07,0,0.5
63d7f60d-180d-4552-a808-3e8b7818f49f.jpg,0.01321544498205185,0,0.5
63d99739-e053-4782-8c64-a558f58b134b.jpg,0.21908649802207947,0,0.5
63dec89e-9fad-43f9-bb7e-5bde57f3f2bf.jpg,0.03776337578892708,0,0.5
63e7a6eb-7d1f-4ef4-afd5-0c9dab36c63e.jpg,0.12899558246135712,0,0.5
63f02d46-e0b3-4568-ab9b-9ae9fa2ae018.jpg,0.000244195107370615,0,0.5
63f4fdb7-fa40-4752-9153-9a26c7be9f63.jpg,0.005856520030647516,0,0.5
63f521dc-bd59-42ec-bc46-b0647e2f30e3.jpg,1.2473190054151928e-06,0,0.5
63fa2a87-886c-4bcc-abdf-725316f68ea1.jpg,0.008640819229185581,0,0.5
63ff67fc-80ab-4c5e-a28d-50a44cebbc05.jpg,0.024860285222530365,0,0.5
63ffad11-ebed-4fb0-b139-7741cfdb7e7c.jpg,7.869911087254877e-07,0,0.5
642736cd-a93c-4d5d-971a-cd3cfe543de8.jpg,2.1630335140798707e-06,0,0.5
642755ee-db13-461d-9fba-8803fcee1aa1.jpg,0.0005039332900196314,0,0.5
642c0314-c8cf-469a-94c9-3f8e0b696f45.jpg,0.012959171086549759,0,0.5
644118d8-d253-4b4c-842a-3e4b97b0779e.jpg,0.05342066287994385,0,0.5
644561d6-2470-4a16-bb9c-295ef20068b9.jpg,0.00011851891758851707,0,0.5
644fdaf5-86b3-4c44-9043-483de92279d6.jpg,0.00532571692019701,0,0.5
6464237c-efd0-42d7-9b4d-bbfaebf5f5d6.jpg,4.623317363439128e-05,0,0.5
64684304-0b9d-4bb5-b851-b8b86ede835c.jpg,1.624090828045155e-06,0,0.5
646c7cfe-90c8-4f48-af7c-e8ae13aece1a.jpg,2.225237767561339e-05,0,0.5
647077f8-c4c4-45c6-92bd-95d3e75bf330.jpg,0.036853399127721786,0,0.5
647a976f-a613-4baf-8b3a-e814b9dcf47b.jpg,4.4676857214653865e-05,0,0.5
6483ad53-e33e-4afa-b727-0541c02ac7f3.jpg,0.03499077260494232,0,0.5
648a3e6b-c33b-4b1f-8df5-8eddc9cbb670.jpg,2.9436447221087292e-05,0,0.5
6490a092-c48e-4671-a60a-4870bb76d59a.jpg,0.0005583189195021987,0,0.5
6490a943-fbc0-4a36-9f10-01607c013b74.jpg,0.00016450011753477156,0,0.5
649fc85b-91c1-4d0b-bc37-a604d0764fa9.jpg,9.286422653076443e-08,0,0.5
64b48447-584d-45e0-abff-814d8fe755ea.jpg,3.6752713640453294e-05,0,0.5
64c088fa-a8c8-4bdd-84e3-27a78106871b.jpg,1.630471507861695e-14,0,0.5
64c38407-e1d6-4efc-ab51-e89d8c299369.jpg,0.0006276003550738096,0,0.5
64c6361a-3449-48b5-8b57-57f38de9d008.jpg,0.0012939292937517166,0,0.5
64c92e53-333c-42ca-b04b-5b761109ceac.jpg,1.565194907016121e-05,0,0.5
64cd0cae-419e-4be5-9092-af35d566859f.jpg,1.5941203628244693e-06,0,0.5
64cec1ba-a3b7-4922-a463-e03e74260076.jpg,2.4105300326482393e-05,0,0.5
64ceee16-9a57-487b-b0f0-7a72d33a7fef.jpg,8.938572864281014e-05,0,0.5
64d440bd-1580-495c-85ad-6bca87f88813.jpg,0.8478139638900757,1,0.5
64f62126-a5a0-4dc0-b8b7-da33c6888487.jpg,1.4391039258043747e-06,0,0.5
6503354e-840d-4ea8-b635-1852acf4fab1.jpg,1.069239914386344e-07,0,0.5
6508f490-a3fc-4012-8649-6799cdf992ee.jpg,2.3325897302584053e-07,0,0.5
650cf1de-d797-46dc-9770-d6d8a49d2b95.jpg,5.323483037500409e-06,0,0.5
6510f128-39ee-4052-bf53-92f9a67f0b07.jpg,1.1543568945171501e-07,0,0.5
6512a8d8-cac4-46e2-95ab-b9980ae4bac8.jpg,0.18005552887916565,0,0.5
6513362a-295b-4379-9680-6775527c72b3.jpg,2.4679162379470654e-05,0,0.5
651ca6a1-2de5-4596-b9a0-f4c201ebbd00.jpg,0.024490566924214363,0,0.5
652bc90a-b22b-43a4-8859-ba6a325b1f03.jpg,0.00031205330742523074,0,0.5
652d09a0-534f-4170-8b48-2e6df81b5c55.jpg,5.412974246610247e-08,0,0.5
652d7b81-d113-4b75-a257-28c0765150b3.jpg,0.008001423440873623,0,0.5
653ed724-9ea7-4421-9f91-3b9f805035c2.jpg,0.004507123958319426,0,0.5
65410f7e-7c2d-4027-8c82-5a9a73795739.jpg,0.029110979288816452,0,0.5
654487e1-5d8e-4221-8088-c661bf99181a.jpg,7.1577942435396835e-06,0,0.5
65452155-f04a-4be7-a5d0-90a2016ab49d.jpg,0.47592371702194214,0,0.5
654f8da3-9b47-4963-90b3-a97e39ab4b6b.jpg,0.007481197360903025,0,0.5
6556bde7-f7e9-488a-b1d8-54f2bc782495.jpg,0.0038956182543188334,0,0.5
655d03c8-a059-4016-b498-ee1a77080ae0.jpg,0.00011805331450887024,0,0.5
655fcf61-4383-4566-8082-800fb8b51536.jpg,8.646237984066829e-05,0,0.5
6564103f-cfb0-4c9b-9917-67bee99814de.jpg,0.002558034611865878,0,0.5
65651c19-3460-4e0b-b7fd-6cdf756d0393.jpg,2.6028763144836375e-08,0,0.5
656d262f-676d-432d-b085-85f8096a5ae2.jpg,0.61139315366745,1,0.5
65705bad-6de9-4b17-942f-a3a3b4d43053.jpg,0.000907059118617326,0,0.5
65710404-eda4-4ca1-b3e1-784a56a43968.jpg,0.0021765793208032846,0,0.5
65711091-a6af-4828-9bc6-e9488deb80a9.jpg,0.07724490761756897,0,0.5
65837d69-2992-49d1-8436-aec875ff74fa.jpg,1.8295845949367617e-09,0,0.5
6584c243-c411-474a-8fdf-60f8c1a21e78.jpg,2.8204571899100657e-16,0,0.5
65909f19-2cf7-4ff8-b779-c769c63c79cd.jpg,1.1687044434438576e-06,0,0.5
65a4c9d7-0d97-4dda-984e-bfa1d04de6e3.jpg,2.5727292722876882e-06,0,0.5
65a5c0ed-a723-4e24-b40b-5f9d9b3d1c2d.jpg,0.001585159101523459,0,0.5
65a9a322-03a9-4023-8384-2c01b245a4f9.jpg,7.781379827065393e-05,0,0.5
65ab85f9-3022-4741-89a3-937ab19f1d8f.jpg,2.0349632904981263e-05,0,0.5
65aee34b-24d1-4d26-bffc-5f784e709637.jpg,0.03748137131333351,0,0.5
65b4435c-90f7-4b2a-b301-65e7cdef2b0e.jpg,1.6937939335548435e-06,0,0.5
65be6b55-5632-440f-921e-49d8e8b1be36.jpg,0.0002467070589773357,0,0.5
65d0398f-553d-47c4-8be2-ef3070245201.jpg,6.298474909272045e-05,0,0.5
65d23024-a530-43f2-95f7-d3666299e42c.jpg,1.7854472389444709e-06,0,0.5
65dedc8b-7611-4fa8-a44a-aade56ce9891.jpg,4.7799654566915706e-05,0,0.5
65f24c13-6724-4e75-8fa0-c89593b7ac5b.jpg,0.19428586959838867,0,0.5
65f6a01c-12ed-4541-9612-d9a8148df87f.jpg,0.0006569727556779981,0,0.5
65fc2b82-9150-4cc5-98f1-b9c772cb3089.jpg,0.0001290787331527099,0,0.5
660038a5-4428-435d-ac1f-e28cd7e09212.jpg,0.0008617800776846707,0,0.5
661530d8-4b9a-492c-a4a4-5f0919f34459.jpg,1.1237509625061648e-06,0,0.5
661e14f6-fdbb-4d56-8896-e8d26c144916.jpg,0.2786562144756317,0,0.5
6625e8c9-fda6-4d48-83fe-e77d8f27d793.jpg,2.8704242140520364e-05,0,0.5
66302212-4fe0-4f3c-97d6-021c2e0657da.jpg,0.00020073087944183499,0,0.5
6631571d-886e-4af8-b2e8-117a3b139b15.jpg,0.8398925065994263,1,0.5
66339252-59d6-461e-9182-7cd91d9de28e.jpg,3.470318915788084e-05,0,0.5
6633d4db-b06e-40a6-8570-e639257c0864.jpg,1.1477632142486982e-06,0,0.5
6640fc21-8dcf-4ef4-b17e-0f43c365f1c6.jpg,0.025912636891007423,0,0.5
664bc045-52b3-4dd2-b452-aca254ce615c.jpg,0.01650092378258705,0,0.5
6653620b-96fe-48c5-b753-c265ca61b1da.jpg,9.626907558413222e-05,0,0.5
66584a64-4be7-40d4-9cf0-0aa118672046.jpg,0.0005723550566472113,0,0.5
665eb222-552e-4de6-83bd-43b5702aff90.jpg,7.639240351409171e-08,0,0.5
666903dc-08d7-42d2-8640-e064e583c013.jpg,2.388047505519353e-05,0,0.5
666baf22-f54f-4a36-95f5-48a85e2c8634.jpg,4.257416003383696e-05,0,0.5
666c52ad-8d65-467d-8b77-23eeef5e28af.jpg,2.981140596602927e-07,0,0.5
666f4d8c-93c3-49d5-8fb1-feff42b3870f.jpg,5.7613198656270015e-09,0,0.5
6678ed15-d347-4c14-aabc-e2f0fea8bc7d.jpg,0.004320763982832432,0,0.5
667ec4eb-6feb-498f-8163-735768acc34d.jpg,2.3658336401055635e-10,0,0.5
6680dfde-84b4-4c9a-92c0-35dc86d74fa9.jpg,0.10928937047719955,0,0.5
6692910e-a0f0-4715-9c43-3799f4047bd3.jpg,1.933897708639165e-09,0,0.5
66a2cff6-5050-4c45-95dd-57c8d7f0d5e0.jpg,0.26005396246910095,0,0.5
66ac04c5-5ec3-4663-99dd-a0d0e3f0db47.jpg,2.6187749426753726e-06,0,0.5
66b9af1d-13e7-490c-8b16-eec55511757f.jpg,0.00048229083768092096,0,0.5
66c263a8-ee44-449f-b7ed-b4df7c0ad5e5.jpg,6.233339081518352e-05,0,0.5
66c2ea53-2bba-4d2d-be9f-aab79f6b2279.jpg,0.0034131084103137255,0,0.5
66c31e61-dad5-46bb-aca0-a9e721c10c7a.jpg,0.0013166256248950958,0,0.5
66c79d94-894e-49af-aa2a-7ea83a1c9f51.jpg,2.014021811191924e-05,0,0.5
66c9d406-fbf8-4d12-849d-d0f6f63638f5.jpg,5.0140471330450964e-08,0,0.5
66ca675b-eac9-4541-a305-2cd6e16c4164.jpg,0.3781394064426422,0,0.5
66cde95f-2f28-442a-a6f5-10e1640939e0.jpg,3.4933107144752285e-06,0,0.5
66e61a82-a4c2-4ca5-9a78-169dff38b024.jpg,7.680705311940983e-05,0,0.5
66e9ff10-b436-45c9-aa2c-8a150e45e94e.jpg,0.08035095036029816,0,0.5
66ef112b-3f64-4619-b108-dc90a01c8c93.jpg,5.28609671164304e-05,0,0.5
66f99e22-fbc3-4c7c-869f-7641551a8f59.jpg,0.018414342775940895,0,0.5
66fb2c73-de33-4540-a797-3819db002680.jpg,0.019276926293969154,0,0.5
6707a167-e65f-416e-bbd3-3157a910d774.jpg,0.00014379512867890298,0,0.5
670a0f8b-2ea3-4243-8874-e251346b7dd6.jpg,0.0014699117746204138,0,0.5
671a0ed0-d4a1-41a2-b91b-6af05d7df709.jpg,0.0337994359433651,0,0.5
6729dc34-471e-4ead-8877-4125ef9a861e.jpg,1.8846643570213928e-06,0,0.5
672a289b-d260-4b40-ac17-e2b93f7ad0d7.jpg,1.0228674085510647e-07,0,0.5
672c8856-59be-465c-8ee2-d2532c55f44b.jpg,4.870159955316922e-07,0,0.5
672dd441-f959-463b-8e33-10b7aa54ad22.jpg,4.7062741259651375e-07,0,0.5
672f49e1-96b3-4d12-bd74-62df262af974.jpg,7.61529435067132e-08,0,0.5
6740f8f0-7e22-4f4b-b80a-42caebf70b16.jpg,0.1923695206642151,0,0.5
67492995-875e-4735-9ada-af623cbc5ac1.jpg,2.0184795630484587e-06,0,0.5
675610eb-5a19-49fe-b439-c8fee0cefdf0.jpg,2.930609923623706e-07,0,0.5
675aa7c2-34eb-4733-8b26-e3f3663eeb85.jpg,0.10411198437213898,0,0.5
675d209f-197c-4b32-97c8-6792e07a8bf7.jpg,2.7662015327223344e-06,0,0.5
675e73b0-ba9f-4a7c-b23b-0558a5ac44a7.jpg,0.0001593485940247774,0,0.5
676b6906-10b8-4488-8ecf-9f6c2e520657.jpg,1.506814228946496e-08,0,0.5
676e434a-23a5-464e-b194-74aff4d8d588.jpg,0.00016272181528620422,0,0.5
6779ae6e-eda2-4ac2-b688-bbe6324903ca.jpg,0.0018745174165815115,0,0.5
677a7925-bc76-4005-ae8b-a3b324b74067.jpg,8.877877100132991e-09,0,0.5
678058fb-a505-405e-bb9c-396d5186f79e.jpg,0.010289885103702545,0,0.5
678ff62d-9747-4f29-987b-ff4d56f59c60.jpg,0.004591770935803652,0,0.5
6792398e-db7f-45b8-9ec5-2dc97fad612f.jpg,6.044579276931472e-05,0,0.5
6792a70e-854e-45b4-a317-c1eb67207657.jpg,4.8283492759537694e-08,0,0.5
6795e48b-5881-4b89-8a37-1affa7516d20.jpg,0.00011832817835966125,0,0.5
6799e61e-8236-40f4-bf2e-6742fe272597.jpg,3.588204435800435e-06,0,0.5
67a1e175-ba9a-4b19-93cd-ffc4d0f09bee.jpg,8.578687129556783e-07,0,0.5
67aa284d-2024-4fa1-bca7-7afbc192426d.jpg,0.0008261371403932571,0,0.5
67aa4b8d-de7d-42b7-b6c4-7e76fbb279e0.jpg,8.574473054322185e-13,0,0.5
67b33b62-5eab-43f0-9196-a54a3e4bb263.jpg,0.05835398659110069,0,0.5
67bc44fe-5792-4ab2-b7e3-d2976b17e978.jpg,0.0020576114766299725,0,0.5
67c0e64e-0970-4fa5-bfe9-3516c9afd20d.jpg,3.6737239916817543e-09,0,0.5
67c72c24-67ba-4437-98fc-c9d8ebbde16a.jpg,4.400454417918809e-05,0,0.5
67c92d6d-44f9-48d7-ac8f-6f4c0dc6e0fd.jpg,0.27473628520965576,0,0.5
67cf1a7d-0607-407b-b855-041482cf8fcf.jpg,0.00010543690586928278,0,0.5
67d97afd-7eb6-449c-a890-e26e5aeaac73.jpg,0.003943121526390314,0,0.5
67dbea73-ef60-41f2-b0e1-366bdfd118eb.jpg,0.24620576202869415,0,0.5
67dc4073-d596-4866-bbc8-cfbd546bff43.jpg,3.646736246309956e-08,0,0.5
67ddbf0c-5d1d-43f0-9e73-780dbec984c8.jpg,0.027421344071626663,0,0.5
67e3b745-7d22-450c-a48f-856eccc17ce3.jpg,2.2845241254287885e-09,0,0.5
67f206d6-30f4-4a04-9d1c-8c252439494c.jpg,2.8385213681758614e-06,0,0.5
67f80b10-21ee-4950-bed2-9dcc5629a81b.jpg,2.3822509831461502e-07,0,0.5
680ba7dc-8918-4520-b16b-569462bc77bb.jpg,0.00010385856876382604,0,0.5
680bff0f-2db5-4538-9b94-e7b6e896bfeb.jpg,3.0651048632535094e-07,0,0.5
68101518-0551-4ff9-bb49-d1beb889f0bd.jpg,3.7276024045240774e-07,0,0.5
68123701-1106-49af-9e21-80bff13c2d5b.jpg,0.0010374918347224593,0,0.5
681a9da5-d0c4-4813-beab-e623aaac165c.jpg,3.269704862418621e-08,0,0.5
681af38d-323b-4848-8eb3-d2565b751b3f.jpg,0.0002278149186167866,0,0.5
682d7cc0-4600-4f07-b773-504c3b9f8e7c.jpg,5.476331566001136e-08,0,0.5
683014ae-ec47-4d8f-8085-598087efd33c.jpg,2.7893574952031486e-05,0,0.5
6835f1e3-dedc-4d75-b0b9-32305bcc4592.jpg,7.320324220927432e-05,0,0.5
683820d7-8ce0-47d7-bbd3-d1efed67d210.jpg,0.00026063655968755484,0,0.5
683ce8ee-c51b-4ef4-9293-047b33a500e8.jpg,0.00243374053388834,0,0.5
683cff44-7298-4f43-9fca-a8ecccf3028c.jpg,0.11478094756603241,0,0.5
683d2101-5f01-4b2d-95ca-23ee01fdceb5.jpg,6.043199829441903e-10,0,0.5
683dc71f-9a7a-4ff7-ada1-65aeddbabedc.jpg,6.781912816222757e-05,0,0.5
68430640-ca06-46de-bb4f-162fcd498c16.jpg,4.244368938088883e-06,0,0.5
68469f02-beab-4cc3-aeec-3ece0c028638.jpg,0.8042186498641968,1,0.5
684afb03-7957-43c7-8862-9c4af0a88802.jpg,0.00018166356312576681,0,0.5
684e875b-b24b-4616-a3c1-d985e21c1e02.jpg,4.301367880543694e-06,0,0.5
6853543b-30c0-49cb-b2aa-545951f51c8c.jpg,0.0009012999362312257,0,0.5
6859d229-43c3-467e-bf67-efdd3253cce2.jpg,1.2226605576870497e-05,0,0.5
685ad5db-fb02-41b8-bf37-d544f1405eaa.jpg,4.8143028834601864e-05,0,0.5
685d5958-905d-43c2-8c7f-02e5bac03b3a.jpg,0.02351170778274536,0,0.5
685d9558-6877-495b-8a36-44f42e54f15f.jpg,0.01726364530622959,0,0.5
685dd755-4628-4047-b51d-1d66277149d2.jpg,0.005108525976538658,0,0.5
686509bf-0a5a-42ba-bdf3-5ebbe01a5f01.jpg,1.4359930844420887e-07,0,0.5
6870b315-a424-4def-8afa-d473ac8c41f3.jpg,0.6238880157470703,1,0.5
68731697-6be4-4d6a-acfe-7241046d22b5.jpg,0.0010766623308882117,0,0.5
68758802-19ce-44f1-8443-88c114fb39b5.jpg,0.6018234491348267,1,0.5
68799070-995d-4379-8a50-e32b691ec8c7.jpg,0.0016395655693486333,0,0.5
688740e9-b86d-470c-8580-683b037b3563.jpg,0.7389703989028931,1,0.5
689f8ee8-6485-40bf-b27a-cd2e82f47501.jpg,0.005467667244374752,0,0.5
68a0f739-d3f4-47d1-bb4a-9c64f8604923.jpg,6.440080323955044e-05,0,0.5
68aca558-0319-4a74-9848-c640e9505147.jpg,7.548804569523782e-05,0,0.5
68ba8e2a-f19b-4a81-a78c-17e7dea231ea.jpg,1.6349146108041168e-06,0,0.5
68be9572-0489-47f2-b7c7-75b59776a156.jpg,0.017215285450220108,0,0.5
68ceac5a-bdad-400d-856b-5c95d3811d9a.jpg,4.799271664523985e-07,0,0.5
68d1e145-9782-49a3-b08c-32e645840c0e.jpg,3.1843825126998127e-05,0,0.5
68d70d2d-4222-4a4e-ae73-100d76041691.jpg,0.00035579336690716445,0,0.5
68d99661-7a47-43f8-9e6d-a1270d48876c.jpg,3.285408820374869e-05,0,0.5
68dbc159-0703-4d6b-a070-2293d477a310.jpg,0.017352167516946793,0,0.5
68e4a3f2-7e23-429e-a0ca-ba763042335d.jpg,1.0545117135052351e-07,0,0.5
68e4dd3d-89c0-46b9-b660-9c043710039c.jpg,0.28172293305397034,0,0.5
68e7f74b-17ab-48ad-a579-ecf0b9692134.jpg,3.3912040180439362e-06,0,0.5
68f0caee-a89a-4ec4-983b-7d68c1e8291f.jpg,9.975056309485808e-05,0,0.5
68fe1638-7c57-4ff5-8f2a-f27c419a62cd.jpg,0.004491846542805433,0,0.5
6900c506-ab16-4638-a83e-db801f8710cf.jpg,0.10375957936048508,0,0.5
6900efc4-71c4-483a-9768-6b4e93105a03.jpg,1.409285204090338e-07,0,0.5
690608b5-0145-4ee4-9665-bae9e4397314.jpg,1.940575304615333e-12,0,0.5
690ffbff-a64e-41f4-9aac-c27251f47985.jpg,0.0020360483322292566,0,0.5
6917309f-58f6-45bc-a80a-f02e41725b4a.jpg,0.011846204288303852,0,0.5
691e4498-318c-40fd-8fdb-9a0ae2738c86.jpg,0.001717195613309741,0,0.5
6923ad12-9e60-4bf1-8590-49186603bd86.jpg,1.8663116861716844e-05,0,0.5
69353edd-3e5e-4765-920e-c902e7e10010.jpg,0.11473506689071655,0,0.5
6938cd6e-6529-4900-882e-81e011dc4309.jpg,1.3555403711507097e-05,0,0.5
693c4a33-b575-4c7a-a9c4-13aacdd0aab5.jpg,3.357133027748205e-05,0,0.5
695fda75-b542-43d7-93fd-84403821aa82.jpg,0.008046535775065422,0,0.5
6961c113-2b4f-4338-8cd5-a7ea1de56db8.jpg,5.105164382257499e-05,0,0.5
69735724-78bf-483b-8886-bd4996a235a0.jpg,3.7685582356061786e-05,0,0.5
69744097-a984-4b37-b3ff-de572c953164.jpg,1.2035411778299476e-08,0,0.5
697eac36-b596-4759-a73f-158a0f39c41e.jpg,3.425464092288166e-05,0,0.5
69942ff0-f9ee-4549-b4da-865967708686.jpg,8.67142080096528e-05,0,0.5
699e38e9-266b-460f-8bcb-7ac809182bab.jpg,0.0038637123070657253,0,0.5
69a3104f-8722-4707-acdf-6021ff0ad439.jpg,0.001422218861989677,0,0.5
69ab7887-4682-4e7b-8309-76d47fe58648.jpg,1.972801101146615e-06,0,0.5
69af1524-fbc2-4d71-bcd9-9b14892a76fd.jpg,1.7843748310042429e-06,0,0.5
69afe0b7-b118-42df-bd4b-7e8704056c3d.jpg,0.07607977092266083,0,0.5
69b03a82-5aa3-4dc4-8979-06814b3d5af9.jpg,0.0006581859779544175,0,0.5
69b0bf77-5a4c-4061-a377-55f1ae7635af.jpg,0.033625438809394836,0,0.5
69b0ee79-0bf1-4801-baef-4dea6805a4a8.jpg,0.0008758035255596042,0,0.5
69b27e96-3808-46c6-8912-a364e5798c7f.jpg,4.363002459317755e-10,0,0.5
69b4708a-7a47-4f97-bf62-c6b5fe7ace5d.jpg,0.0003600733762141317,0,0.5
69c17cee-7f49-411b-93bf-f3d7b411f786.jpg,4.6076525904936716e-05,0,0.5
69c9f578-9e9e-46ba-8018-35c917fa8c63.jpg,0.10153651982545853,0,0.5
69d3f79a-7924-48f9-83d0-d2a7d625db47.jpg,1.4491001287808558e-08,0,0.5
69d48a3a-e9e4-4cb8-9a66-38924beb2f62.jpg,2.190021177739254e-06,0,0.5
69d6ec44-cc84-4264-94e2-106f935f7aa6.jpg,4.5607221181853674e-06,0,0.5
69d833c6-2f9e-4a1d-95f1-082480640943.jpg,0.2867463529109955,0,0.5
69d9e1d9-986c-4890-81fb-a41d3e5daef6.jpg,0.0013343010796234012,0,0.5
69dc227c-1d46-405a-a706-a9f3ce92d648.jpg,0.007966892793774605,0,0.5
69dd43aa-8131-4fe6-ba49-f7e4f099f291.jpg,2.5982840270444285e-06,0,0.5
69e068aa-2bec-4f57-8317-e45f09af67db.jpg,1.73610862930218e-06,0,0.5
69e20310-dd20-4aa7-a2a0-afefd9948628.jpg,4.909096462668572e-10,0,0.5
69ecd27a-f30d-4ac7-9c25-b97f6f61cf8b.jpg,0.6557285189628601,1,0.5
69ef5670-753a-4524-afde-644349fe0bbf.jpg,0.03237135708332062,0,0.5
69f59ddf-6963-4723-96e1-3895ac544079.jpg,8.573530067224056e-06,0,0.5
69f753c1-7c3b-4170-9ada-d93a860b44d0.jpg,7.364475459326059e-05,0,0.5
6a00f0a8-1803-451c-ac03-8312c114ef07.jpg,0.9693769216537476,1,0.5
6a145537-5f74-4cbc-932b-8b25c83e3f69.jpg,1.4267102166343193e-08,0,0.5
6a1760c5-fee5-4bb7-8096-94149177a5fc.jpg,0.00267971633002162,0,0.5
6a1c9bc3-ed38-4479-accf-85e39ada74a2.jpg,9.777053264770075e-07,0,0.5
6a222984-abc2-44c6-ab52-6cb69b4eea4b.jpg,1.9261980924056843e-05,0,0.5
6a31d3b0-cb50-4068-aeb9-be7562726081.jpg,1.4016892180279683e-07,0,0.5
6a32697f-dfda-4ec4-bf14-dbba32f6f03d.jpg,0.0018067497294396162,0,0.5
6a346f39-0408-4c6d-8a05-7c3f337693c4.jpg,2.131342262146063e-05,0,0.5
6a4548f9-d3be-4681-9476-0288f21a0d08.jpg,2.0545781742598024e-10,0,0.5
6a459f0b-c9f9-485b-ac11-acd5a528402f.jpg,0.00018465986067894846,0,0.5
6a477163-ffd6-4d4f-86b1-379516504049.jpg,8.921954758989159e-06,0,0.5
6a4a57b4-c516-4115-93a3-0c1b907fcbbd.jpg,1.1127145853606635e-06,0,0.5
6a4d110e-1885-42f1-bdab-4cfd130af026.jpg,0.00038154717185534537,0,0.5
6a4f06f7-d321-4492-a6f1-fce05877c0c9.jpg,2.1043333617853932e-05,0,0.5
6a5034f3-682b-47f5-a379-10cb3eabe4ef.jpg,1.9756283275995656e-09,0,0.5
6a513ab8-f29b-455d-87a1-940af765b5e8.jpg,4.258366607245989e-05,0,0.5
6a529d54-c132-414a-8581-8cf7f828b37a.jpg,1.8461015542925452e-06,0,0.5
6a643063-5e52-467a-a92e-6f1e21ae14ef.jpg,6.514602773677325e-06,0,0.5
6a66c6c0-2fc2-4c1e-b061-880065f73895.jpg,5.191496654788352e-08,0,0.5
6a75c1cf-f414-4e6d-b5c5-5e04e2e26c84.jpg,0.0005064990255050361,0,0.5
6a8a9ca7-fd2f-469e-abfe-41c59d0ea51a.jpg,0.0008403066894970834,0,0.5
6a8bcc86-1328-4d7a-92dd-283b20174f46.jpg,0.002115237293764949,0,0.5
6a93f23e-888d-498d-9955-82ec59844a8a.jpg,0.006631028838455677,0,0.5
6a9bf324-6c47-4cee-8d00-ce5557a6b3a2.jpg,0.007779218256473541,0,0.5
6a9c8228-626c-447b-8d31-d976e19c976c.jpg,0.0002095008094329387,0,0.5
6aa90d52-5fa5-44b2-aecb-e187dd707832.jpg,0.0032795784063637257,0,0.5
6aa94140-ea96-4427-ae20-a10225b1af16.jpg,0.010546209290623665,0,0.5
6aab3b33-d706-41b5-b480-16878c90c992.jpg,7.540969090769067e-05,0,0.5
6aac6f3e-fd4c-47d9-bed7-492562d6ff89.jpg,0.24196475744247437,0,0.5
6aaefbba-bcfb-4cea-b69e-f4152185ad9c.jpg,0.006127800326794386,0,0.5
6ad1d350-964a-4188-ba0f-dcb1e7165098.jpg,1.0049329830508213e-06,0,0.5
6ad3ce29-c726-4cb3-ae1b-72c23282e890.jpg,6.233534804778174e-05,0,0.5
6ad65f5a-8b44-43b7-a9e5-9e6428fb4039.jpg,6.162445060908794e-05,0,0.5
6add8a64-9a25-4f3b-9853-aa5e086d2e6b.jpg,3.0802214041614207e-06,0,0.5
6ade27cc-3b71-4148-bfc1-bf83df9befe0.jpg,0.0016041214112192392,0,0.5
6ae76e41-d082-4a06-b75d-e00bceedbd29.jpg,3.7759503856982235e-10,0,0.5
6aeccfab-40ce-4af9-b356-fa125073ccfd.jpg,2.742670801580971e-07,0,0.5
6aee581d-0a4e-4553-936b-e15e2fb90e2b.jpg,2.509604524192355e-09,0,0.5
6b0eb38b-8672-444f-bc2f-5e7895eac17f.jpg,8.234746928792447e-07,0,0.5
6b1235cf-939e-415b-ab11-df2ff79a2896.jpg,3.612912191641726e-10,0,0.5
6b1380be-d261-439f-b4a5-58f01143475e.jpg,2.529431109010716e-10,0,0.5
6b14da97-341c-4a11-98d8-df7ea4b30939.jpg,0.0010136719793081284,0,0.5
6b1bb4ab-d551-449c-85b3-dd0e1c1e3f64.jpg,3.358613184900605e-06,0,0.5
6b2903e3-6870-4ef5-9005-d6a92d7ca345.jpg,0.0020880221854895353,0,0.5
6b29f15c-c117-423a-8126-8b99076fc3ca.jpg,0.08278986066579819,0,0.5
6b2dc43a-9c66-45db-b6dd-71bcf9bf8bba.jpg,0.12348824739456177,0,0.5
6b2fb1e7-661d-4f90-bbba-a78b438f1e01.jpg,0.0010835169814527035,0,0.5
6b33821f-e631-4b80-8a4e-d87707fe7812.jpg,0.014404679648578167,0,0.5
6b375a3d-cbe6-4f77-b536-288196a1c684.jpg,0.5632998943328857,1,0.5
6b3863be-3c02-4ee2-b594-84325f3cb96e.jpg,5.3278989071259275e-05,0,0.5
6b4733e7-2cfe-4daf-920f-d2bdbf1b52ca.jpg,5.626215624943143e-06,0,0.5
6b478994-c704-4a25-a0ba-63df1f90aa76.jpg,3.2473062105964345e-07,0,0.5
6b51f93f-f1c4-4ca9-a5e6-c0cae54bb426.jpg,0.36513516306877136,0,0.5
6b627e26-3d3a-4c69-848a-1d46a83948cd.jpg,6.368210961227305e-06,0,0.5
6b62cce7-342a-4209-a660-eb9836350c43.jpg,0.00018133509729523212,0,0.5
6b664a6e-bbcb-449f-80ea-ec08c82926ee.jpg,2.73547954066089e-07,0,0.5
6b668d77-cb9a-4c92-80cf-b1901b3ba919.jpg,8.176340160481743e-10,0,0.5
6b67ba64-f3b6-42b0-872d-105050bc3d15.jpg,0.0021755581256002188,0,0.5
6b70140d-b372-4826-9e4b-8c1c5d2de3fa.jpg,0.001011847285553813,0,0.5
6b76d6a2-6dc4-48e5-b4ce-7d021d7aac82.jpg,0.01965261436998844,0,0.5
6b7a02dd-67c8-45c7-9b73-50783fbaf8b1.jpg,0.001424709102138877,0,0.5
6b7a6fcb-7382-4c18-b098-62bf0d3580b1.jpg,0.013048880733549595,0,0.5
6b7da833-1839-4240-adfc-98267e0c3043.jpg,9.68955282587558e-05,0,0.5
6b7f70a2-f82e-4dc5-b998-cd25436547b8.jpg,1.7613595559851092e-07,0,0.5
6b801e70-0d7a-4fc8-bdaf-3e2ae3b54c16.jpg,1.8433782997817616e-06,0,0.5
6b937bd0-3db0-4ab0-9944-a2b88515b003.jpg,0.9331614375114441,1,0.5
6b9948a6-51b8-4b64-8161-ff4fde5ca738.jpg,0.00018348604498896748,0,0.5
6b9d0dbb-79da-4711-b6b4-7d64d6b4be22.jpg,0.04015153646469116,0,0.5
6ba25028-144d-453b-87de-fc6f05d6f98f.jpg,1.6222521104225507e-09,0,0.5
6ba31f56-4743-454c-8704-674aa3faac00.jpg,0.15837974846363068,0,0.5
6babd3b8-d3d1-493d-950f-c59e49627bb9.jpg,1.3171201018735701e-08,0,0.5
6bad903a-6da7-4071-96ba-39524b967bde.jpg,6.530599989673647e-07,0,0.5
6bb01fc5-1627-49f2-825f-5f81275806f6.jpg,4.5490567572414875e-05,0,0.5
6bb031e8-b7ec-41d3-9e70-5fe80894f685.jpg,0.08375908434391022,0,0.5
6bb1d8b5-8246-478b-b1c9-878ee07603e0.jpg,0.8091334104537964,1,0.5
6bb417ff-8e5e-4507-87f2-8a8de68869a6.jpg,0.00011520593398017809,0,0.5
6bb71f58-2e8b-4f25-b2b0-4747571ccadc.jpg,0.2197718322277069,0,0.5
6bc3d387-f264-4092-a015-6781aae26b8e.jpg,5.779564889962785e-05,0,0.5
6bdbf61f-c111-4b72-9b57-9901e4b55079.jpg,0.0003713461337611079,0,0.5
6bdc1c6a-3250-40e5-b73e-6baac4eed5bb.jpg,0.009184177964925766,0,0.5
6be526d9-6da1-4958-8a0c-446081b4bba8.jpg,0.003264923579990864,0,0.5
6be96070-405a-4145-9aab-086daf6f8935.jpg,0.0005256388685666025,0,0.5
6bebb203-817c-4bee-ae1a-f0b245a5f591.jpg,0.0005479750107042491,0,0.5
6bee717d-c706-463f-9ba1-fa91d41537fb.jpg,0.15289443731307983,0,0.5
6bfbdfbf-336e-4972-8555-8febe23d2717.jpg,0.022021448239684105,0,0.5
6bfd7537-6bfc-4401-a5a9-cf67e9e77bd6.jpg,0.001807456836104393,0,0.5
6c04c47a-bb6f-4206-bbc2-579154b51934.jpg,0.0015658150659874082,0,0.5
6c0d0c11-fda1-48ee-b473-6fd70ae93292.jpg,0.0004244692390784621,0,0.5
6c146620-dd2e-4057-997e-500aa8e4e12d.jpg,3.1841561849432765e-06,0,0.5
6c247295-98ab-4344-aae0-a92f7df2f9eb.jpg,0.0010925448732450604,0,0.5
6c252981-76ca-473e-959e-6dd586c2b04b.jpg,1.14523341920858e-08,0,0.5
6c2b409e-324c-49ed-a215-8275e8fcdab2.jpg,0.0003027130151167512,0,0.5
6c385531-1227-4e4d-8bc7-9500cbabe23c.jpg,2.6515222089074086e-06,0,0.5
6c438ba2-9c3f-4041-bc41-076bc81ca009.jpg,1.891791725938674e-06,0,0.5
6c49c069-bef4-4ef6-8112-3de2d05c13ff.jpg,1.6242152923950925e-05,0,0.5
6c50b218-c54e-4dd1-98c9-f0cf8157a56b.jpg,8.650376548757777e-05,0,0.5
6c5299c1-ff19-4042-b7d7-4b78bab744a8.jpg,4.3968843783659395e-06,0,0.5
6c5c4561-b0ca-43a3-a57a-9bee83cf9575.jpg,3.2463469412657986e-11,0,0.5
6c5fc958-a1b5-4572-9c7b-600b9d76d5ec.jpg,5.644578777719289e-06,0,0.5
6c683ce1-663e-481c-acec-e8832b6d5595.jpg,1.8806143979328144e-13,0,0.5
6c6d6959-e750-4879-ab20-d457960cfbff.jpg,0.0002725290250964463,0,0.5
6c6f03f7-7ddf-4a90-a147-97e0bc2d75cf.jpg,1.0717431905504782e-05,0,0.5
6c6fd06a-2b56-4bf2-b6ac-a84f7f385d5a.jpg,1.3928304554156057e-07,0,0.5
6c748fc9-36b6-402d-9ffa-e77741f6d0f0.jpg,0.00020897234207950532,0,0.5
6c785b94-ac64-4595-859a-29121d89c417.jpg,3.389587391211535e-06,0,0.5
6c7d92b9-f84f-4df8-a660-da281994bf7d.jpg,0.1949509084224701,0,0.5
6c875542-7bb8-4e66-9d1e-928dd0037664.jpg,0.00015670059656258672,0,0.5
6c906af8-1462-475d-a37e-3f98e9ff608a.jpg,0.0585465244948864,0,0.5
6c958ba8-2223-46a8-bd4e-b741114464fe.jpg,1.2748621713853936e-07,0,0.5
6c9c5919-d8ba-44b3-93e2-9abf068c736e.jpg,7.609065505675972e-05,0,0.5
6c9ea9de-1f2c-4ded-958b-640fba69725f.jpg,2.4042980939498193e-08,0,0.5
6ca21829-6e19-4fd0-bc64-057a93d0982b.jpg,1.6700374771971838e-06,0,0.5
6ca2c4d8-bd52-426c-8e67-414642b0953f.jpg,6.972722076170612e-06,0,0.5
6ca2dd87-4155-4391-83c5-ecc0f093f1ae.jpg,0.0011227186769247055,0,0.5
6ca2fabb-0850-44b1-84b5-6be48c2359f2.jpg,0.9500574469566345,1,0.5
6ca944c3-7556-4c88-8b39-8b6d350488d9.jpg,0.9819252490997314,1,0.5
6cb0a7eb-6d9a-48af-82fe-7006691c1e6d.jpg,0.005137251224368811,0,0.5
6cc862f2-4abc-41ed-813c-b703ad09598e.jpg,1.3809529264108278e-05,0,0.5
6cc9fcb9-ac23-4b73-9daf-d7c658d5125d.jpg,7.63815660320688e-06,0,0.5
6cd0cbdb-7c96-4a82-bf5d-17a945b385de.jpg,0.00018451114010531455,0,0.5
6cd972ae-f1ab-4918-990c-354e876625a0.jpg,3.2996724712575087e-06,0,0.5
6cdcb537-c7c2-4550-b29a-34ae934de621.jpg,1.9975187726117838e-08,0,0.5
6ce19934-855e-47b6-8227-6b5caa1e7fb5.jpg,8.112343685695578e-09,0,0.5
6ce1a571-fa5c-4b33-bd4c-5ffced410b7b.jpg,1.1246821429722331e-07,0,0.5
6ce7adc5-928b-4fc6-a284-69af33e23144.jpg,0.0005512656643986702,0,0.5
6ceddbcc-1437-4080-afec-69b4fea1142d.jpg,5.0339833251200616e-05,0,0.5
6d2005a1-36c7-4971-b7f4-1433ed77d82d.jpg,0.00032925940467976034,0,0.5
6d207c5d-4229-4d15-9eb3-23b7c38621dc.jpg,1.923214995258604e-06,0,0.5
6d23e532-39b9-40d0-b698-9028481694c6.jpg,0.0037498658057302237,0,0.5
6d2de618-4cba-4bf4-b3cf-521bd080b031.jpg,0.8608975410461426,1,0.5
6d402908-8b33-4f1e-a30d-1451e9d40514.jpg,1.6712225260562263e-05,0,0.5
6d452202-24e3-411d-b475-010feee51449.jpg,0.005095392465591431,0,0.5
6d45b197-1150-49a6-b39f-aedca6fb7d0d.jpg,0.015133329667150974,0,0.5
6d4a557e-6553-48aa-92b6-96002be4280f.jpg,0.025865167379379272,0,0.5
6d4aaf2e-ba0e-4ab7-ba4f-463bc34b665a.jpg,0.003707161173224449,0,0.5
6d4e30b1-428f-4c3d-9147-31de1e7a4481.jpg,0.0001600866235094145,0,0.5
6d4f7309-8597-423a-8cef-c94f0757c95d.jpg,0.012760737910866737,0,0.5
6d500890-b6f2-4390-bed4-604c15e98e84.jpg,1.4935839942609164e-07,0,0.5
6d516a29-ca8e-46fc-aa5c-249656422dee.jpg,9.905745628202567e-07,0,0.5
6d53dee8-c038-4eb4-9fae-7d665b42c924.jpg,0.00015000665734987706,0,0.5
6d546577-23d2-47e4-9a7d-25ecb1949f6b.jpg,4.582274826248067e-08,0,0.5
6d557595-6b72-4bd7-b64b-83033056944a.jpg,0.0022631287574768066,0,0.5
6d5686a6-7b27-4d60-85aa-a255b91c1156.jpg,0.11385177075862885,0,0.5
6d5a1d80-93c8-4b6b-a105-f910a5bb29cc.jpg,0.00017913604096975178,0,0.5
6d5c8893-8516-487e-89cd-2fc589c4e31e.jpg,0.005559931509196758,0,0.5
6d60303c-068f-4857-9ff5-0bb4e2971b9c.jpg,0.06021127104759216,0,0.5
6d62a620-278b-4a57-a3ff-2c4218b26988.jpg,2.309370756847784e-07,0,0.5
6d631022-dc0d-4d7f-96f9-dba637ec768a.jpg,0.00019490141130518168,0,0.5
6d652b47-ed9b-42c0-9996-b625dafe0877.jpg,0.0013222300913184881,0,0.5
6d69bc5f-e572-424c-8de9-80038707381e.jpg,0.017695961520075798,0,0.5
6d6ab974-0eff-44fa-964b-ad341c3b27d8.jpg,8.633696779725142e-06,0,0.5
6d6b63e3-b351-491d-8012-bdcfa681bbf6.jpg,6.09450765409747e-08,0,0.5
6d71f02e-b65c-439c-97b1-4024fecd37bd.jpg,0.0009289732552133501,0,0.5
6d79d1e2-307a-4b78-ae8b-e03997cf1977.jpg,6.664105711706725e-08,0,0.5
6d843a5a-37ec-482f-89e0-f4fc28e13bd3.jpg,0.0012954298872500658,0,0.5
6d8c732f-60b1-42ed-9f08-af2f8acb6a5e.jpg,5.319331648934167e-06,0,0.5
6d8decd6-47e9-41b4-b91f-e2412117a387.jpg,8.84090786712477e-06,0,0.5
6d92818c-c0a9-40a6-a44d-b3e5e31319f6.jpg,1.9823800934126723e-10,0,0.5
6d973005-b1d6-4f45-884b-edb2fa1d99c3.jpg,0.001985745970159769,0,0.5
6d9ee9a4-fc2d-49f9-93ce-c57f72c9634a.jpg,5.596130449703196e-06,0,0.5
6da6765a-fbff-4fc7-beea-162aeaf5a98f.jpg,2.3701686586719006e-06,0,0.5
6db349b9-e2f7-4193-a561-4c9332863ab7.jpg,0.12366726249456406,0,0.5
6db3e6f5-0a32-4d9f-a1cf-742f5c8bce95.jpg,0.0006898060673847795,0,0.5
6db6752c-87cc-46e0-84ac-6bda013a86e5.jpg,0.0004624261346179992,0,0.5
6db87148-c591-47e9-94c9-0d180e14424b.jpg,3.431933903730311e-11,0,0.5
6db92200-064b-404d-a555-a47b8351fa42.jpg,0.01824599876999855,0,0.5
6db99fae-2b47-49f7-8a2b-c09ac223fea5.jpg,0.022262156009674072,0,0.5
6dba1fb6-a9ca-4864-b363-1e06337adff9.jpg,8.288975550385658e-06,0,0.5
6dbdf841-27fd-4837-bb1f-5d2a44435f8e.jpg,8.360089123016223e-05,0,0.5
6dc6f5b9-9491-43eb-8f71-ef60480f261d.jpg,1.7791671780287288e-07,0,0.5
6dcde67c-5943-46c8-9efc-57ae1b6b3cc5.jpg,1.505836621618073e-06,0,0.5
6dd328c6-f258-4519-8be7-33b5272edc3b.jpg,1.1819699921034044e-06,0,0.5
6dd3f02e-b0e6-4378-9e6c-a78b2ab46336.jpg,0.6143897175788879,1,0.5
6dd83139-e736-46bf-9cfb-bba3c75b9afe.jpg,0.7937774062156677,1,0.5
6ddc62af-040d-4da0-b636-35f592d67e72.jpg,5.972150773914109e-08,0,0.5
6def3b72-0cec-4fe1-9146-019f07d8db9b.jpg,5.711436187993968e-06,0,0.5
6df364f6-5bdb-4cbd-bc0b-e833643f2e31.jpg,3.494455086183734e-05,0,0.5
6df7a398-be23-4c29-9ff9-b9b90388d477.jpg,0.058645814657211304,0,0.5
6dfbc866-8e56-4f7a-8eb4-d579b5ee0790.jpg,8.142320151449667e-10,0,0.5
6e04415e-7a83-4e3a-bc68-c03375547fbe.jpg,0.0004125136765651405,0,0.5
6e09d8b0-c4a5-4290-90ce-076502b94084.jpg,7.876206655055285e-05,0,0.5
6e1989f0-cecb-4316-890e-604fd1793a2b.jpg,0.09599260240793228,0,0.5
6e24ba5f-697b-441d-b862-77fe32ca5bac.jpg,0.0013286846224218607,0,0.5
6e31dcc7-1e0b-4d7c-8c1d-35e4a37cb4d0.jpg,4.789181912201457e-05,0,0.5
6e3d3254-51bc-412e-93d3-c41e34f12d7c.jpg,7.195729267550632e-05,0,0.5
6e3d9070-8a73-4897-ad1d-e9a26c8c7a21.jpg,5.519163096323609e-06,0,0.5
6e440d1f-c6e5-4cb8-9b11-a90173825ee6.jpg,7.64207413794793e-07,0,0.5
6e530664-ab37-4407-a23d-467c9ae48fe7.jpg,1.4184231531544356e-06,0,0.5
6e558b2f-03e2-4bd8-ab4d-26a5c73ad939.jpg,6.2841610315445e-07,0,0.5
6e5a22b2-ea8c-4eac-a22e-255e0f3db09e.jpg,4.544456544408604e-08,0,0.5
6e5ace0c-d008-4fc9-89ff-81a49276a216.jpg,0.0001384927745675668,0,0.5
6e5b2886-b489-46aa-ab6f-dfd326f26a2d.jpg,0.0036057797260582447,0,0.5
6e61750b-7879-484e-920d-85fdbc8237af.jpg,0.002700029406696558,0,0.5
6e6d6d57-ff25-4f6d-99ea-b8c992b703b9.jpg,0.00010423946514492854,0,0.5
6e7dbf73-18c8-402c-bd09-4b3146b06a28.jpg,1.1141768396782936e-08,0,0.5
6e827bfc-070c-41ed-af24-1f906fc24b29.jpg,0.0009135903092101216,0,0.5
6e8eec02-1495-48b5-ac48-7d97470ca3a7.jpg,2.6313891794416122e-05,0,0.5
6e94491f-96d1-4e1e-8c34-8074b88d9fc5.jpg,0.024974891915917397,0,0.5
6e9e290b-ebb7-4a9a-b012-235545d832af.jpg,9.079522897081915e-06,0,0.5
6ea1c845-5bc0-405f-9a78-2d03a97d65b3.jpg,1.2004884410998784e-05,0,0.5
6ea28b47-4599-4159-8dfe-f5e60e1ab1e1.jpg,1.3150037375453394e-05,0,0.5
6ea599ac-b311-4e7f-aada-5e5f0e06e827.jpg,1.128376197812031e-06,0,0.5
6eb43e21-10e2-4b15-a3ba-acb9c2cb2289.jpg,0.038046713918447495,0,0.5
6eb65fad-8b36-45d6-9be8-e9857b0e0ac2.jpg,0.4502238631248474,0,0.5
6eb96bd8-bcd7-46eb-b0e4-8140cea35d27.jpg,0.6622312068939209,1,0.5
6ebc838d-5e08-44ae-8e0e-746adbf36254.jpg,1.5876117913649068e-06,0,0.5
6ec1a73f-ed1c-46ca-8207-0290513bc692.jpg,6.0242429753998294e-05,0,0.5
6ec5c0f6-0dde-468b-aeff-38115dc21708.jpg,0.7871877551078796,1,0.5
6ec88005-d055-4822-8750-8201f2b4bb1f.jpg,0.001577439485117793,0,0.5
6ecc8f56-6818-4495-b43a-9707c521d9bb.jpg,2.439041418256238e-05,0,0.5
6ecdfca1-29ff-4bd1-9037-10826ecc8aeb.jpg,0.00024494127137586474,0,0.5
6ed0f3b0-3057-42c1-8277-c7db0887fc8b.jpg,0.007027513347566128,0,0.5
6ed3e3cb-79e6-43c4-854b-608bc2b00b1f.jpg,0.0011997935362160206,0,0.5
6ed54bbd-6db6-40f7-aaee-7b7201323634.jpg,0.004993984941393137,0,0.5
6ed8b9e8-d7bf-4646-aabc-0c8676a43660.jpg,2.0706161762973352e-07,0,0.5
6ede034c-3bf5-4f06-8c76-d71640402603.jpg,0.0020707242656499147,0,0.5
6ee2aefa-afac-469a-b1c4-9a3f4da25295.jpg,5.1811017282021865e-11,0,0.5
6ee7c5c5-a195-43fc-94d7-0cdfec836bb0.jpg,1.0114165061025915e-09,0,0.5
6ef3142e-b8bb-4df2-9d83-80f76702c8a2.jpg,3.455128535279073e-05,0,0.5
6ef67857-b1e8-4005-98ac-d045246f37dc.jpg,0.0002963998995255679,0,0.5
6ef86349-a635-4438-8d57-2e01a9b3dc6f.jpg,0.3217233419418335,0,0.5
6efec676-a849-4b46-9745-babf12e0c45c.jpg,2.7295030236018647e-08,0,0.5
6f0592d2-41b1-49dd-935c-b948f5f4cd30.jpg,8.752779103815556e-05,0,0.5
6f07c96e-6810-4a91-ac4c-cba04419b950.jpg,0.0029539596289396286,0,0.5
6f3b8869-c96c-4959-95cf-51d134ce9517.jpg,7.12297207883239e-07,0,0.5
6f55565f-706b-4d9f-b257-7800b647f2e2.jpg,0.00011871584138134494,0,0.5
6f57187c-d7ee-4b8a-af8b-44bddcecbf5b.jpg,0.0024718211498111486,0,0.5
6f792b37-19fb-4846-8724-07ed23849f31.jpg,3.994700819021091e-07,0,0.5
6f7c24e9-d33f-484f-b119-b426fd7b5d6e.jpg,1.0249310662402422e-06,0,0.5
6f7c7508-0f4a-4be7-8558-5a4ee910f877.jpg,1.1206971350929962e-07,0,0.5
6f8e6bbc-975b-43ef-982c-6eb49ada8fae.jpg,5.169225687495782e-07,0,0.5
6f956715-821a-43e5-97a5-f6a0544bbd9d.jpg,2.3840237872718717e-07,0,0.5
6f9cb91a-9c6d-45fd-ae62-b7dca662b627.jpg,0.00010121040395461023,0,0.5
6fa3d4a2-f284-4ec4-86af-dc3ddcd7b2d0.jpg,6.245703843887895e-05,0,0.5
6fb56c98-1c05-4308-bb30-5adcfbd31cf1.jpg,1.4465540765229434e-08,0,0.5
6fb86c75-0dc7-49c6-b24d-01b5d3d6494c.jpg,0.00012362163397483528,0,0.5
6fbc106b-1687-4fb6-8587-9710674329db.jpg,2.5967207761823374e-07,0,0.5
6fbdf9fe-8ce8-46e6-9855-1bf21799742f.jpg,0.0007237517274916172,0,0.5
6fbf8563-4471-4431-ad8d-bcb6715052ba.jpg,1.5956277366058202e-06,0,0.5
6fc3c6a3-d882-4025-b238-9b0871927cd4.jpg,0.9958285689353943,1,0.5
6fcaa7ec-b673-4e7f-b826-dc76de54c162.jpg,0.0006997452001087368,0,0.5
6fd407a6-1e3a-44c0-8082-3742c8024d37.jpg,0.9055120944976807,1,0.5
6fe69975-22ff-4501-a2b7-95bd669be983.jpg,0.00318682799115777,0,0.5
6ff85497-7155-454f-ab7c-c5467708dba1.jpg,0.00223074434325099,0,0.5
6ff8bea6-4d04-4f72-9f66-c5303057cc9b.jpg,3.3077139960369095e-05,0,0.5
6ff9a29a-e5ac-4aaa-99b0-43f3d1ee3989.jpg,0.1201927438378334,0,0.5
7005d122-231a-4080-81b3-50f65843c305.jpg,1.2843583135691006e-05,0,0.5
700c5b81-a346-4f63-a2a0-63eebbb2502b.jpg,3.1822211894905195e-05,0,0.5
7019457f-d583-48f5-84ed-781774d0bc4a.jpg,6.242674821521632e-09,0,0.5
7019ed36-fc00-4b0f-87f4-35605641664a.jpg,3.150472309698671e-07,0,0.5
701c1513-d3dd-4040-8438-a3e0875f60b7.jpg,1.4575431350749568e-06,0,0.5
7024aeb3-5f5c-4514-b24c-ad2bc3ebc0a6.jpg,0.04734383523464203,0,0.5
70266e16-65df-45b3-872b-7cec7600f2d5.jpg,1.2855915088039183e-07,0,0.5
702736c9-ce85-4b83-8b79-c851ae9ce674.jpg,0.9994994401931763,1,0.5
7027b262-3c94-4510-8e1c-bc7471db3f94.jpg,0.012167143635451794,0,0.5
7028d9eb-1c94-4049-b5df-d2fb1808153e.jpg,0.017102206125855446,0,0.5
702fdaea-d161-41fb-844b-cd1a3aeee474.jpg,2.653511728567537e-05,0,0.5
7031dc52-8841-4ee8-b623-ad69847fbf4d.jpg,9.022083395393565e-05,0,0.5
7041134e-3cdc-4a64-8fbc-6e70d256bd84.jpg,0.0001649524929234758,0,0.5
70450696-5c20-4c68-bcdd-116237acc5da.jpg,0.012141437269747257,0,0.5
7059f306-be93-4d6e-9d50-ee2befc16fdf.jpg,5.613885514321737e-05,0,0.5
705adaac-883a-4614-9438-2dd7a6fbca6d.jpg,3.0517189770762343e-06,0,0.5
706a6a99-a6ba-4bd2-abb0-52c9a0ffc3e3.jpg,2.858062543964479e-06,0,0.5
706ad154-cc42-4fae-807a-555e5fac46f4.jpg,3.629898856161162e-05,0,0.5
707fe2cd-139d-4a53-bcb5-4dbf0a3be34c.jpg,0.00017587548063602298,0,0.5
70802c48-4a75-40f1-81e7-62650536fb2a.jpg,0.07840658724308014,0,0.5
7081f709-ade5-43fd-9c40-55b99743a9c0.jpg,5.6496744946343824e-05,0,0.5
70860701-83f0-4513-b5c5-ac3cbadedbaa.jpg,0.003650972153991461,0,0.5
7089714b-72ec-41cd-bbdd-c064e6c01912.jpg,0.0014755354495719075,0,0.5
708cd19f-1597-4644-9b09-dcd36546f1a8.jpg,1.397701936411977e-07,0,0.5
708ddfe3-7792-4850-9e29-105a3459ae18.jpg,0.0002458432281855494,0,0.5
7099132f-70d9-4a26-a399-2f912eb17d9c.jpg,1.2113233083255182e-07,0,0.5
70996ea3-f7e3-4872-a821-894f68d6db8a.jpg,1.83774389483915e-07,0,0.5
709bc739-df52-4c43-88fc-946dd4b2787d.jpg,3.940881754260772e-07,0,0.5
70a263b4-7fe6-4633-97cd-3dba2a8f5ee9.jpg,0.0024431312922388315,0,0.5
70a8a283-f3b8-48b6-b131-2c1e84928d9c.jpg,0.011377912014722824,0,0.5
70b4e1e0-30ae-4711-a0cc-f4c160eac9e5.jpg,6.049604962754529e-06,0,0.5
70b7e4c8-3003-4b1e-986b-707ed4224fbc.jpg,0.0007879703771322966,0,0.5
70be4f5d-31dc-4085-94fb-4dd2b99e179a.jpg,2.6535389441306734e-09,0,0.5
70bfd817-ef15-47a5-b623-852a179c74ff.jpg,0.0004357722064014524,0,0.5
70cdc204-f86e-43d9-887b-a031f5a55b16.jpg,1.156374878519273e-06,0,0.5
70d29300-cfce-4b3b-ae65-def03dd7d43f.jpg,0.006703285034745932,0,0.5
70e1b3ba-7f09-4f2f-a0ee-12c593c73f0d.jpg,0.0010607586009427905,0,0.5
70e78249-2bef-48d6-9fb0-3e5e0cf7a9e1.jpg,7.548440171534221e-12,0,0.5
70f3c2e9-89b1-42ed-8c3c-16c613af255d.jpg,1.3426723626253079e-06,0,0.5
70f4bc09-8f09-427c-b248-a9040071456e.jpg,1.7328765125057544e-06,0,0.5
7101c3c7-a815-4651-8de5-237014a0971c.jpg,1.1619836186582688e-05,0,0.5
710d0537-6ea5-4f13-9f51-df688eb19053.jpg,2.1847572639899226e-09,0,0.5
71136c78-9cb1-417f-81a4-959c150e7ffe.jpg,4.89365411340259e-05,0,0.5
7118e228-1efb-45bf-9ade-f56ea53600ea.jpg,2.713302889659208e-12,0,0.5
71226856-202f-47fc-820b-cc48bf976e62.jpg,6.991215923335403e-05,0,0.5
7124c9f6-0e84-4eab-b11b-a3d95cfb5265.jpg,6.526712503784893e-09,0,0.5
712b9fa1-c0c7-45de-8b09-71e94d98234b.jpg,0.0003208327980246395,0,0.5
713599aa-47ec-4462-9369-e9d87b077aa9.jpg,9.271197995985858e-06,0,0.5
7143a556-343e-4b5e-b214-284d0d6a100b.jpg,1.7352529084746493e-06,0,0.5
7163a0c0-c1f7-4299-a005-cdb309cbd3f5.jpg,0.0029063934925943613,0,0.5
71640931-9493-47e6-bc17-dfe38bc73352.jpg,6.552107301160959e-09,0,0.5
7169afad-168a-4e67-9a97-3695fbf7af73.jpg,2.905956762333517e-06,0,0.5
7170bbc6-584d-4c1c-ba93-cc5aa5f0174d.jpg,9.835859236773103e-05,0,0.5
71776bd7-8f6a-4087-8ebb-9ad8baf4c6e0.jpg,0.003196537494659424,0,0.5
7179777b-e8f7-4140-8e6e-679d22cfa3c8.jpg,3.033041179323348e-11,0,0.5
71802183-d1bc-458c-9810-1cb73d6334fa.jpg,0.006015895865857601,0,0.5
7186692b-9db7-449e-8b48-555cb3212a0b.jpg,5.819428770337254e-05,0,0.5
71876ecf-6de2-470b-868b-9ceba1250c57.jpg,0.00013327848864719272,0,0.5
71907b08-0fe6-497f-976c-eeacabb141e4.jpg,9.641009091865271e-05,0,0.5
7197897d-392c-4623-b4f2-4a389937f0f2.jpg,6.584274387932965e-07,0,0.5
719dd2ee-2d36-4b24-a049-39c5ff2c8744.jpg,0.0010179670061916113,0,0.5
71a86700-d00c-460f-9c25-ef5fc2b347ce.jpg,6.171270342747448e-06,0,0.5
71b63327-bb7e-473f-aa6e-bbd226b87f5a.jpg,0.00018874200759455562,0,0.5
71b9a8d3-af34-419a-84b6-e4cd59d4369f.jpg,3.646882262842155e-08,0,0.5
71bd7dc5-00a7-4916-ac08-086c81acc266.jpg,0.005987017881125212,0,0.5
71c92212-ce3b-4643-908f-d58dd7a3fe5c.jpg,9.96669041342102e-05,0,0.5
71cad115-075e-480a-a02e-e93259009667.jpg,8.638544386485592e-07,0,0.5
71d0a7dd-9073-4e54-932a-2f5900c59208.jpg,1.749583134369459e-06,0,0.5
71d871d4-b157-4f9b-bd31-16e454d1eec2.jpg,0.00011868584260810167,0,0.5
71e32ea6-9762-4077-86e0-ade076d00f6c.jpg,0.0004099581274203956,0,0.5
71e5de50-58bf-4ac5-b63b-9a7974f5230b.jpg,5.412454811448697e-06,0,0.5
71eb5ab0-f04b-42d5-93b6-70a9960dfaa4.jpg,0.051167260855436325,0,0.5
71ed4aea-9357-42d4-a267-3d86cb84b5bb.jpg,1.4687767361465376e-05,0,0.5
71eec2f2-5907-46a6-a1e4-8dc2ae9f16be.jpg,0.0007700261194258928,0,0.5
71ef36b1-6654-408f-91ad-b6f0558571b9.jpg,0.004009752534329891,0,0.5
71f7c55f-0c5c-45df-9ef0-f3fcec509b5a.jpg,1.5302857718779705e-05,0,0.5
71f935b3-169a-4dc1-944b-eb0a7fb9cfaf.jpg,0.00013730618229601532,0,0.5
71fa01ff-2868-4128-95d4-85f64660873e.jpg,0.0012166498927399516,0,0.5
71fb62bd-3f7c-483a-8372-cec061a51e6d.jpg,3.3817025268945144e-06,0,0.5
7201c395-793b-44ed-8bb1-cc503a7e1d61.jpg,0.004115509334951639,0,0.5
72126117-3c8f-4087-8f78-32747c4f1347.jpg,0.010555021464824677,0,0.5
722b7067-6ecd-4dc1-a4ed-1be0d1338b3d.jpg,0.007718855049461126,0,0.5
722cce17-e57f-4764-8352-1a7630deab82.jpg,9.925755875883624e-06,0,0.5
724b2dba-2d5a-4c4a-9c1b-f12324229460.jpg,0.0150959063321352,0,0.5
724c6762-9c8b-4291-982f-24c0549ff5c1.jpg,9.284699444833677e-06,0,0.5
72538458-31ac-4100-8aaa-d96ea67be30c.jpg,0.014803200960159302,0,0.5
7259797d-b76c-4762-8caa-7ef96d2332ce.jpg,2.8736829449371726e-07,0,0.5
725e91cb-1f6f-4edf-b28c-27a9be69baa8.jpg,0.2330864816904068,0,0.5
726a109d-fbed-45e5-bd3c-2cb6c3862b2c.jpg,1.3072441795713985e-08,0,0.5
726ad57f-f918-45bf-a6ae-a53fcd87415c.jpg,0.0012632248690351844,0,0.5
726bcf2a-24d6-4d10-91ec-5d4309f9a1b0.jpg,1.7581220163265243e-05,0,0.5
7286eb24-bc46-4b5e-b0cd-71c3797e3173.jpg,0.9577441215515137,1,0.5
72881661-f7a2-4c03-a88f-91d271a13d43.jpg,1.2213124136906117e-05,0,0.5
7291af26-0e1b-4889-801e-6d1f56dfbcfc.jpg,0.027468599379062653,0,0.5
72949ee7-6fa7-480e-9890-cf4c87cf30e0.jpg,0.17802564799785614,0,0.5
729cfc78-b754-4a08-97ae-73f62451b67c.jpg,0.06231319159269333,0,0.5
729e7da5-5976-4414-bafb-8aaba85946d9.jpg,1.0532147598496522e-06,0,0.5
72a0dd16-bdb1-4bf2-b83e-939d776ca8c8.jpg,1.8334162632527296e-06,0,0.5
72a4efce-435e-451b-b6eb-846db63a8f75.jpg,5.088324428470514e-09,0,0.5
72b4f0e5-8147-4743-a546-8b50973106df.jpg,0.20583948493003845,0,0.5
72c91d77-6991-4fea-8171-0388e704aa13.jpg,0.03969031572341919,0,0.5
72cf0f9f-643c-469d-875e-af233e38a1aa.jpg,7.101601659087464e-05,0,0.5
72d3e967-57e0-42ee-8a77-49de3e301a35.jpg,0.6142570972442627,1,0.5
72e3bd90-4790-4e3d-99c5-5dea438bb785.jpg,5.4776680968871005e-08,0,0.5
72eec8fd-34d9-4ae7-9796-4401164cce09.jpg,1.1447794968921787e-11,0,0.5
72f16698-2baa-4e9f-8a6e-dd43aedf4d30.jpg,0.06449729204177856,0,0.5
72ff3eba-65e4-49a8-99c0-2b541e7c9a74.jpg,0.13370002806186676,0,0.5
7303fe36-e204-4d39-8db3-9c6c26e2de9f.jpg,0.0003102396731264889,0,0.5
7304b7cc-94ed-4950-9976-ec0d16c57ab6.jpg,6.182603829074651e-05,0,0.5
7306a2da-57b6-45ec-b240-38248d3da9b0.jpg,0.0008060813997872174,0,0.5
730b47fd-4d39-4452-a855-0c998fd47f0f.jpg,0.00024299550568684936,0,0.5
730e478f-2868-49ff-8376-75f67b79d32c.jpg,0.014086688868701458,0,0.5
73112c65-2889-42bf-a198-961e0bb28ec6.jpg,0.0007423642091453075,0,0.5
7316a0af-5ad5-4e10-9b3c-4ab4c4ae62c9.jpg,2.909881186496932e-05,0,0.5
73205eff-9a19-4605-9fd0-9fed51ec7192.jpg,1.040837219079549e-06,0,0.5
73242c17-1947-4919-97c3-9933cf38eed5.jpg,2.6355867248639697e-06,0,0.5
7325b1bc-f53c-4b93-b445-75e9e767c802.jpg,5.6689573284529615e-06,0,0.5
73311aab-c41d-43da-b480-05c5aa8ab7e2.jpg,0.00010772445239126682,0,0.5
733bb550-d8cf-4b03-b235-eec732dd7ac8.jpg,1.1091394469531224e-07,0,0.5
733f01fa-3c59-4850-a3eb-15d43c53fad4.jpg,0.09252994507551193,0,0.5
733fce02-0d35-4bd3-b309-48f8413d0ff1.jpg,0.00019711416098289192,0,0.5
734c074b-13e0-4c1c-86fb-2e3f8da3843e.jpg,0.003243163228034973,0,0.5
734cc54f-2545-4872-b8c7-d26184d19720.jpg,3.512062960453477e-07,0,0.5
7350c2da-248d-45cb-abd1-f8412d8c888d.jpg,0.010791019536554813,0,0.5
735120f9-fcc3-48be-a3cb-c27c99eb6936.jpg,3.0649187632292296e-09,0,0.5
7356d5fe-f01a-4f04-97b7-15329d54a7e1.jpg,1.8692933736019768e-05,0,0.5
7357409a-42f7-4fd8-8352-458e4afda708.jpg,7.480256044800626e-06,0,0.5
735cac1d-0f3e-49e2-804f-502f1670ec3b.jpg,0.09070517867803574,0,0.5
7363dd25-54ec-4c1f-b660-7bece53f48da.jpg,4.2597944229783025e-06,0,0.5
736b9232-3561-41a8-b145-23d1defbd99b.jpg,9.445771866012365e-06,0,0.5
7370ca53-05fc-42b2-90a4-2fd1dfaf4dc0.jpg,1.908068556874163e-15,0,0.5
737723f4-2874-4065-a14a-2cf10c8df6af.jpg,0.9665761590003967,1,0.5
737ad6c5-29ac-491b-83c7-a0170c101c4d.jpg,0.11042435467243195,0,0.5
737d8e23-d04d-464c-b2d8-2352acd8958d.jpg,0.0016190421301871538,0,0.5
73849fde-9af7-44ce-89e6-b20c8523e829.jpg,7.017131429165602e-05,0,0.5
73989157-870b-4db8-848c-2d841ab08d2e.jpg,7.582236139569432e-05,0,0.5
73a6df54-35da-4a10-ba4e-6d661727ea08.jpg,0.003991755191236734,0,0.5
73b0b301-a4be-4dab-b4e3-fcdff3ea4418.jpg,0.6129438281059265,1,0.5
73b2f76d-bad5-453a-a449-3ad343ff2943.jpg,0.0018184114014729857,0,0.5
73c5ec12-64d1-4b39-bb1c-f8c84422b9e3.jpg,3.4544788718449126e-07,0,0.5
73cc0924-a00a-478c-a866-4f9f49e510b2.jpg,0.0001598212111275643,0,0.5
73ce6a25-9a93-4781-b24f-27a1adbfd5bb.jpg,1.9573464669520035e-05,0,0.5
73cf27e6-112d-4d43-94eb-59f04885d1d0.jpg,1.7647341366000546e-09,0,0.5
73d12334-b08d-44d0-a2bf-7b54bd3ebfa8.jpg,0.0005235446151345968,0,0.5
73d55535-ae47-4b0a-be7f-6dcefdb51f77.jpg,2.7050542485085316e-05,0,0.5
73d7c214-7553-4873-a988-13d472b4c172.jpg,0.1407301127910614,0,0.5
73f88ba8-bf68-49bf-b755-5895acb8f381.jpg,1.561591716381372e-06,0,0.5
73fc95e8-a578-4bed-8a7c-b8f1a7380dbc.jpg,2.3265090931090526e-05,0,0.5
7405556a-afeb-454d-9f2f-ed3b57c103e2.jpg,0.009326727129518986,0,0.5
740555d1-fa79-410c-b66c-30ee79059815.jpg,0.04401512071490288,0,0.5
74102306-c11a-49dd-b4c6-7adda8aff0e0.jpg,4.437457334915962e-07,0,0.5
74114725-beff-4f27-a3e0-eeac8c196e1a.jpg,4.1037721530301496e-05,0,0.5
74142e76-325f-40a5-bd13-56bc2746b362.jpg,0.015320721082389355,0,0.5
741572cd-b187-4b3c-ad89-197ed22df908.jpg,3.507177098072134e-06,0,0.5
742951d4-0514-4048-ae83-341ebe74612d.jpg,0.004926263354718685,0,0.5
74306a7e-bcd2-4edf-8f55-da14f4c5814c.jpg,0.09524336457252502,0,0.5
743cdea7-8587-4b5e-853f-25fe340a8bba.jpg,1.2971711205178593e-10,0,0.5
744c9c8b-08a1-4b26-bde3-962a437a0e81.jpg,0.0007353833061642945,0,0.5
744fa91a-5c61-4d59-b968-aae9207dc0ff.jpg,4.204023571219295e-05,0,0.5
74520480-d003-4abd-b6c5-0aab26709f9f.jpg,0.10749378055334091,0,0.5
7455ac67-a8ce-4859-959f-baa8fc3e988d.jpg,0.015597925521433353,0,0.5
745acf42-5b40-4ecd-92cd-a0111d916af9.jpg,0.06688513606786728,0,0.5
746877a9-4b1f-4c56-84c5-8dcaa84d7f65.jpg,4.878494564763969e-06,0,0.5
746e4a48-8b33-4402-a1dc-f7aa82f3f131.jpg,4.0154827729566023e-07,0,0.5
746f90cf-ab2d-4621-8496-8cb07086e324.jpg,0.001282400218769908,0,0.5
747a754e-72cc-43c9-b760-4fdb1e04ef76.jpg,9.539731763652526e-06,0,0.5
747ab484-ce6e-47de-8ef9-e3cbde0cf234.jpg,0.015823908150196075,0,0.5
7490a5e3-5e11-4ac5-a8a5-aaa2320b20f7.jpg,0.0007423278293572366,0,0.5
7491854a-25ad-40ba-a4d0-5791e945dd3c.jpg,0.000451609113952145,0,0.5
749c7296-4415-48a8-92cb-6b27edcefdf9.jpg,0.06292270869016647,0,0.5
74b36c21-3f90-443e-837a-ca2eb2ca7759.jpg,2.5690172833492397e-07,0,0.5
74b3fa48-cc94-47a5-a887-48816a87925d.jpg,0.0015826945891603827,0,0.5
74b6f5b8-14a1-4f1f-baf4-06d5de0daf7a.jpg,0.006390691269189119,0,0.5
74b88904-0364-47c7-b1c0-e327fdafbb08.jpg,1.0336071682104375e-05,0,0.5
74bc151f-eb64-4eee-8033-ea3cb858961a.jpg,3.3104559406638145e-05,0,0.5
74c53c5f-27d8-4913-9c69-656b54a80c3d.jpg,0.0004133052716497332,0,0.5
74cb8e7c-a484-4f46-a94d-e995cff8bc93.jpg,0.0005222815671004355,0,0.5
74cb91df-8e24-4bc6-bab2-bff2a938f622.jpg,3.483770782963802e-08,0,0.5
74d71940-f978-4eab-b237-c657cc4f4003.jpg,0.7758761048316956,1,0.5
74e72fdd-bb90-45cf-b56c-563806348f84.jpg,0.03202938288450241,0,0.5
74e8e7e4-4ea6-4b35-84a4-0035fb1cd326.jpg,4.6377532271435484e-05,0,0.5
74eb0987-5400-4a47-8b49-66b9afe7cda0.jpg,4.6574012202427184e-08,0,0.5
74f05baf-9c07-4fb2-9043-6730c2dcc799.jpg,9.371756459586322e-05,0,0.5
74f615ee-0392-4283-8c61-6c00d68039ce.jpg,1.6977505623572142e-08,0,0.5
74fdc284-e1c0-4b69-8b4c-6ee5b71707e4.jpg,4.628783426596783e-05,0,0.5
75030775-5633-4a8f-9426-be631fba3cf3.jpg,5.936690649832599e-05,0,0.5
75145e57-bfdf-43df-a3e1-109602d88805.jpg,0.04860628396272659,0,0.5
75193325-3213-4fab-ba09-25977acc297d.jpg,2.4892531655495986e-05,0,0.5
751975da-76a3-4e04-8ccd-7e20f8cc2754.jpg,8.325140515808016e-05,0,0.5
751a62fc-04a4-441f-a1ea-86d658d5ded1.jpg,0.09517479687929153,0,0.5
751ccc5d-0594-48d3-847b-c8befe0029fc.jpg,3.826940186968386e-08,0,0.5
75250896-e8a7-4338-843f-c5425d970a71.jpg,1.1867885146843449e-12,0,0.5
7525446a-4a05-4b44-a8fe-be681df17e79.jpg,4.79561990118782e-08,0,0.5
7525aa60-0406-401a-85a8-026889f92018.jpg,6.752757144568022e-06,0,0.5
752edf9d-b7dc-4a2e-9b94-639008c76c9e.jpg,1.501183177765597e-08,0,0.5
752fae59-a1e0-4747-80c3-82ee21a33e36.jpg,0.9327680468559265,1,0.5
753c3d20-753e-45c5-8b4e-c06d635ee7ad.jpg,0.041647568345069885,0,0.5
75427827-9293-4817-80f8-5a1a4665420c.jpg,0.12315824627876282,0,0.5
7546d350-8c5f-4e03-9d85-da34982a63be.jpg,0.39758428931236267,0,0.5
75494e75-b61a-41f1-91af-f1c02254ebab.jpg,0.004082488361746073,0,0.5
754af546-78ae-4263-975c-5ec3aa40c932.jpg,6.0003694670740515e-06,0,0.5
7551df8b-2b71-4459-af14-e6a2765a3c9a.jpg,0.01765366457402706,0,0.5
7558b6ac-5a01-4e37-9c3b-2cec7b650ecf.jpg,0.022549698129296303,0,0.5
755971c7-c3fe-4e93-b85f-2f66c68b1d88.jpg,6.178108833410079e-07,0,0.5
7559d19e-2d77-46d8-814f-e1bd5b67a3b3.jpg,3.2000655210140394e-06,0,0.5
755c996b-669a-4611-9f1f-a9bbd7a2ca88.jpg,0.0006884558242745697,0,0.5
756a8252-0007-4a32-92d0-cea31be20d83.jpg,2.6703364710556343e-06,0,0.5
756e6080-2f6b-4910-ba47-20d91d1796a5.jpg,0.010060273110866547,0,0.5
75789967-3fb2-488b-aa2b-0517ab5ac0e9.jpg,3.3263606837863335e-06,0,0.5
7578a3c1-b5ac-4a5e-b75b-eace61ca5031.jpg,0.040129922330379486,0,0.5
758e848f-ab53-4f2d-a7c4-cbc46ee3f717.jpg,7.218216342153028e-05,0,0.5
7592c6ba-1a54-4c8a-b1bb-ea81b6be943a.jpg,1.7657824855632498e-06,0,0.5
759899b7-d35f-4d69-97c0-c9eab829c0cd.jpg,3.5060358527516655e-07,0,0.5
759b4680-c959-4b1a-9e1b-2378da9dfb84.jpg,0.007944061420857906,0,0.5
759db66d-2164-4ba3-be8e-df8067b261a4.jpg,0.0007215005462057889,0,0.5
75ac1b82-fb5c-4003-9f86-a818eea0d8e6.jpg,0.06997961550951004,0,0.5
75b1fe61-160f-4c35-bb1d-7b1dd589a5b1.jpg,0.0029713246040046215,0,0.5
75b303d0-64e3-402c-9b6b-56aebb1fcab6.jpg,0.1434411108493805,0,0.5
75b875a4-8867-4b78-bd86-7288516aa550.jpg,0.0009785434231162071,0,0.5
75c39d3f-81a5-4e94-9cc0-435cfcde27df.jpg,0.008942225947976112,0,0.5
75c3f458-fc28-4eaa-bbee-c54fd53817f6.jpg,0.024401089176535606,0,0.5
75c7ddbd-d43c-4957-8f43-d621dd94d0fb.jpg,2.8323851438472047e-05,0,0.5
75c9bcde-3754-497d-9d57-d45bd8cc5ac7.jpg,2.8257782105356455e-05,0,0.5
75d71915-1dc5-42f2-aa1d-1bd42bda627b.jpg,7.089506652846467e-07,0,0.5
75dab43d-fa19-48b3-94cd-8d2c78c78191.jpg,0.914110541343689,1,0.5
75dc01d8-bbbc-4797-8acd-d6128bf8afc5.jpg,0.03930417075753212,0,0.5
75e1260b-1bc1-4c1d-8f9d-f007a777941a.jpg,4.137362008549417e-09,0,0.5
76004329-7c6e-486b-84b4-5dd1c0e73f05.jpg,4.711319334660402e-09,0,0.5
7606c00b-ffca-40fa-888f-3fa895ffbdfd.jpg,4.498327825785964e-07,0,0.5
760fb7fa-57bf-491c-b6f0-77657ab37640.jpg,2.66544617488762e-07,0,0.5
7617c361-66b0-42aa-b18d-8e87cb996d5a.jpg,0.0001851062261266634,0,0.5
76194f0f-86a1-4e72-9234-69d544820860.jpg,0.0008767712861299515,0,0.5
761d6609-41f9-4cb3-92e8-22fc324f77a1.jpg,0.00037820969009771943,0,0.5
76266b72-26aa-4992-a0a6-511c249be91d.jpg,0.0027107205241918564,0,0.5
762f548b-7809-44ae-99af-dd503e6208f0.jpg,3.704093671785813e-07,0,0.5
763301db-9a4c-46cd-85b1-6a0cc53f2a44.jpg,9.762982422500954e-09,0,0.5
763c1b46-baca-452f-b389-ac8e8e1707ef.jpg,2.760503470256026e-08,0,0.5
764af6b3-374f-4a72-95d7-8eb3cc0a1cb9.jpg,0.0012460681609809399,0,0.5
764b00d6-51f6-4a1c-8ed1-d28a6493f49a.jpg,4.421097099527316e-10,0,0.5
764b21a7-56d3-4f28-916c-e1c1ad2898e4.jpg,1.2240848334954535e-09,0,0.5
764d1a87-6fdc-4a38-a2a0-07a38aae1a6a.jpg,0.5244020819664001,1,0.5
76541b0a-c09a-49fd-832e-01c543fd20d5.jpg,0.01159458514302969,0,0.5
76544185-59bd-4ab1-ba2b-263e592ff6ad.jpg,1.1692422958731186e-05,0,0.5
76589915-e656-4a39-a13d-bd9203f98fcf.jpg,0.005812895484268665,0,0.5
7658a9f8-3d71-4155-912d-91675175855f.jpg,0.008401823230087757,0,0.5
76652a4a-5253-403e-b53b-c754a198508d.jpg,2.7038420739700086e-05,0,0.5
7668d019-0aaa-4973-ba6d-1135307ffdcf.jpg,1.6215746523329244e-09,0,0.5
7669e3e9-f315-412b-97d4-07c9a94bc0bd.jpg,0.1347266584634781,0,0.5
7672ff41-18e9-496b-8f4d-70e88c8ca05e.jpg,0.009265233762562275,0,0.5
767863c2-9128-420e-9daf-15d1fce566b4.jpg,0.01145922765135765,0,0.5
767ceeb6-6dfc-4971-b393-3df60eb6fa57.jpg,2.503343807802594e-07,0,0.5
768919db-e19c-420d-8837-786fd586be0c.jpg,6.881850644901988e-09,0,0.5
769ceb6c-0898-4589-9543-058db0c89fb8.jpg,0.17338348925113678,0,0.5
76a2ef96-68f5-43c8-b768-62a44db44a61.jpg,7.225531106769267e-08,0,0.5
76a3768b-41b0-4efe-bb24-2c76a548beda.jpg,1.6108031575257087e-10,0,0.5
76aae5a1-49e8-4626-bf09-28a0ec1f6256.jpg,0.07598172873258591,0,0.5
76c0a17c-52f9-4efe-8db1-df89328db09e.jpg,0.00012712713214568794,0,0.5
76c8f2b2-a7e2-4a77-bd77-c7d35350887a.jpg,6.130574092821917e-07,0,0.5
76cb86fb-a537-40f3-9e7a-d8fda0924ced.jpg,0.016529293730854988,0,0.5
76cfba08-8456-4bd6-97ee-ccdc7f7cccc7.jpg,0.0035260894801467657,0,0.5
76d33351-4f16-48a1-bfdb-fbcb0fbdb197.jpg,2.1271668870781468e-08,0,0.5
76d6aae1-9bdf-4cc0-81cc-5f4efb526673.jpg,9.213181328959763e-05,0,0.5
76e1eb6d-5194-4284-808d-2e7705f298fe.jpg,0.001279517076909542,0,0.5
76e228ca-fdcc-4921-9f77-150aef2a13e8.jpg,0.004717961885035038,0,0.5
76ec89b3-6fad-454a-8bfb-f4f8b89a13a8.jpg,4.790921082076238e-08,0,0.5
76f1bb28-0fda-4fa3-8149-21e33b301f2d.jpg,8.248253288911656e-05,0,0.5
76f70c32-2ed7-4cbf-8707-57806c1cb0ff.jpg,0.25380587577819824,0,0.5
76f7e7d9-8b21-4fc7-b7c5-66c3616722fd.jpg,3.2876343425414234e-07,0,0.5
76ff38bf-6813-4df4-98fb-128c9ee0ca9e.jpg,3.9739039493724704e-05,0,0.5
7702c5ae-9508-4098-8e75-1fee0bc8de6c.jpg,0.0020904545672237873,0,0.5
771b1070-f8e6-4c7a-a2de-a1733d27768a.jpg,0.0005065531586296856,0,0.5
771e0a02-f9e0-4a1f-9d3b-da0d4a9d01cf.jpg,0.42864614725112915,0,0.5
772555e7-e055-4f7f-9e7d-b2a8399cc536.jpg,6.602796087662455e-11,0,0.5
77258a97-523b-4502-8b1c-66510389cd8c.jpg,8.984311534732115e-06,0,0.5
77283d73-1b46-478c-94c6-d1f63649de69.jpg,0.00017817426123656332,0,0.5
773256ab-e351-431e-9232-f247a95ebbe8.jpg,5.3424042562255636e-05,0,0.5
77371bc7-42b3-476d-baa9-0e3e8b17bc62.jpg,0.002303180517628789,0,0.5
77389eb3-836f-4ddc-86b0-b320aa23d5a5.jpg,0.019122542813420296,0,0.5
774712e0-7b90-473e-9018-7f0776cdd6f1.jpg,3.8659825124173763e-13,0,0.5
774f0b69-ad33-42cd-b876-d53585f2f450.jpg,0.1935320645570755,0,0.5
775c0b85-4b55-4d91-879f-d72873cbb956.jpg,0.412712037563324,0,0.5
775ddc09-1e86-4e44-9963-fdc1593862fd.jpg,6.623347871936858e-06,0,0.5
776738eb-52ff-4a27-9163-5bb0e39ceace.jpg,0.015142550691962242,0,0.5
776e4293-3746-4d23-9132-e6a70487c841.jpg,1.2658017567446223e-06,0,0.5
7770f7be-59b7-44c8-94f5-3bec9b4c4dd3.jpg,0.002202290343120694,0,0.5
777b36cf-f1ef-49a4-a99d-44cdd4354a99.jpg,0.0017869275761768222,0,0.5
777cad72-7595-4fe3-9c5c-31ff7004b5db.jpg,0.0012640981003642082,0,0.5
777ff8b1-0e8a-4372-bf4f-e95a4290895c.jpg,0.02042633853852749,0,0.5
77808fbc-5b95-4317-a60f-323478010d36.jpg,0.00012148662062827498,0,0.5
778774fe-7c29-45bc-a722-979e2c2627d4.jpg,0.02550925873219967,0,0.5
778a16e6-3bec-40e8-8254-0a4888593092.jpg,0.00028197193751111627,0,0.5
778b893f-c4ed-4733-a095-ad4777784b8f.jpg,0.03805937245488167,0,0.5
7796ec0b-1a9d-489a-a364-8c081eeb1fc0.jpg,0.03523162379860878,0,0.5
779f1b7b-937c-4101-a41c-7f99f0d1f389.jpg,0.03152858093380928,0,0.5
77a2e9b9-da0a-4d56-915c-5cf8c675cbe5.jpg,0.011270355433225632,0,0.5
77a678a1-cf72-4610-90ff-7a3cddb22990.jpg,0.0012221727520227432,0,0.5
77ac66ed-a911-4927-b2b9-4ecb936c3e44.jpg,0.009039830416440964,0,0.5
77b5ddf2-8348-4671-b609-033edabbafd6.jpg,0.0032878327183425426,0,0.5
77bb1447-2fda-46e8-bd38-e3918b0dc312.jpg,0.00042935661622323096,0,0.5
77bf67b0-b160-483f-8915-495ea226073d.jpg,1.1243362678214908e-05,0,0.5
77d77a2d-eb51-429c-9e18-4fbd74acee8a.jpg,0.12296082079410553,0,0.5
77f39c76-0e13-43f0-bd60-1663262799e9.jpg,1.9979261196567677e-06,0,0.5
77f40786-2f91-4b15-be15-bdc7beaf4706.jpg,6.829432095400989e-05,0,0.5
77f55eb6-482f-4001-b169-19ff429a9a22.jpg,7.985540287336335e-05,0,0.5
77fde6df-541c-4a12-afdc-dc42c36be84a.jpg,1.672006692388095e-05,0,0.5
77fdff1e-390b-4033-a686-17c76eb586b0.jpg,3.3174784534045765e-12,0,0.5
77ff73a5-348e-4cf8-8d92-d0ff33df011e.jpg,0.003336250549182296,0,0.5
78007f40-b072-4a37-ac8f-79db48545fe1.jpg,9.744342222006708e-09,0,0.5
78039a7d-d562-44e5-a9f5-efe9afeca55b.jpg,3.5530217701307265e-06,0,0.5
7805d0f3-f23d-4b66-ae24-f1dd697a5062.jpg,2.0277175494243238e-08,0,0.5
78082a0a-4e28-4a63-9c24-eda9f0cc954b.jpg,3.4608274024350294e-09,0,0.5
7810ac13-cfdf-4ba4-8026-9bdc5459c890.jpg,0.004099828656762838,0,0.5
7817b8ae-c0be-4e60-8cb7-cec572f8ddf2.jpg,1.7345813830615953e-05,0,0.5
78222584-fb8a-4ee5-a51a-31af2d41b9ed.jpg,0.0005269934190437198,0,0.5
7832ad73-b83a-42e9-9929-8d32ca1bd366.jpg,0.000645304739009589,0,0.5
783a52e1-c39a-4d99-ba8d-274ce6ecafe1.jpg,0.25066664814949036,0,0.5
78460f09-ee11-44ff-aed4-147f2021b2fe.jpg,3.308218583697453e-05,0,0.5
784bc537-2f0f-4ba6-9779-ebbffaef92b3.jpg,0.0002280352491652593,0,0.5
78512e28-5327-4c04-94b2-e1a24298bfc2.jpg,0.0016061249189078808,0,0.5
7858b301-3c7a-434a-a6e3-52f538528e4b.jpg,1.0814720674545697e-08,0,0.5
78618b91-eaa3-471a-87bd-63e8d188ddd5.jpg,0.00022643458214588463,0,0.5
787cf4e1-10c0-4ca1-89cd-cac8d3b601ef.jpg,1.2101842230549664e-06,0,0.5
7885a3c7-a9fb-4a73-ae30-134966db21ca.jpg,9.545829016133212e-06,0,0.5
788fe777-371c-4d5b-b642-aebe6ea43cbd.jpg,1.1771197932830546e-05,0,0.5
789fd5c1-63bc-4aad-9a9a-52f892bc42b5.jpg,1.6431319238563447e-07,0,0.5
78a5be14-48d3-4abf-9738-82a2aa530498.jpg,0.07505375891923904,0,0.5
78ac5264-3b15-447b-8d5a-b4dc12a02bdc.jpg,0.001829354790970683,0,0.5
78bd7f81-f858-4c30-9785-36a36f210788.jpg,0.002705971710383892,0,0.5
78c3001a-9b10-4a2a-be74-9bd9e46da4c9.jpg,0.0012827458558604121,0,0.5
78c89f5e-2ace-402b-bf0f-a10ea6a39cee.jpg,0.0028026218060404062,0,0.5
78ce2ee1-faec-4a2c-aea3-64c0337b14fb.jpg,9.2036140131313e-07,0,0.5
78d699d6-fd3e-415f-ac77-61e71dee49c0.jpg,0.00011367534170858562,0,0.5
78def025-2652-43a1-be25-aac3061d9ac9.jpg,0.009908921085298061,0,0.5
78ea8064-f07d-4a03-8d22-8d6c75ead54d.jpg,1.1739938372556935e-06,0,0.5
78ec4952-8f68-42a3-a3a0-2f2b0d94bba1.jpg,0.030084513127803802,0,0.5
78ef71d0-4671-4f07-8541-36eec0b89a03.jpg,0.4016774892807007,0,0.5
78f9ca73-c4c8-493e-9eb0-6439e0584e5f.jpg,0.0001068014680640772,0,0.5
79078537-7b8b-47a7-b50c-e61875fe9e2d.jpg,0.001926712691783905,0,0.5
790ae5a7-1f92-448b-bb32-dd3e1786f769.jpg,0.07382792234420776,0,0.5
790ce14a-fbb1-43f6-a462-858eddbb2743.jpg,8.20753065511326e-09,0,0.5
790d44af-818b-4c11-97a2-093c6333d7fa.jpg,8.62407705426449e-06,0,0.5
7916929b-a0c5-48bd-8003-c29c8a703b71.jpg,0.005046144127845764,0,0.5
792311ba-6941-41eb-979f-61742d6f2195.jpg,0.7750153541564941,1,0.5
792706b5-90d9-4683-8178-ead6973e24fd.jpg,3.447367998887785e-05,0,0.5
79285930-73db-45b6-97f8-e8da514d5510.jpg,2.3895321987765783e-07,0,0.5
792ae359-2752-4502-b495-32e4a2b1fd76.jpg,0.260658323764801,0,0.5
7930998e-a0d2-4bb4-9d3f-162a0d42dac5.jpg,6.127093499230796e-09,0,0.5
793212ea-2f67-4c1c-8c87-d37d5f08822e.jpg,1.9542427253327332e-05,0,0.5
7934373e-1ccc-4119-bf73-c8469bb0fb79.jpg,0.00048688409151509404,0,0.5
793456b9-5757-4655-9028-e509b8de81bb.jpg,0.0006383491563610733,0,0.5
7940fe52-de88-418d-aac9-5cfaf23ed2b4.jpg,7.54244774725521e-06,0,0.5
7942dd2a-4c93-4d91-92a6-bc894439345d.jpg,0.004138244315981865,0,0.5
7945a063-512b-4305-9123-820ed3b9b5c7.jpg,2.3655613290429756e-07,0,0.5
79499c52-69bc-454c-b9f3-339e5b70cb56.jpg,1.2741606042254716e-05,0,0.5
794c3a89-ad62-469c-b88a-0678185072c2.jpg,0.05687766149640083,0,0.5
7956904b-e93b-4f10-a8cd-c82031c2a0da.jpg,0.06573673337697983,0,0.5
7958df79-819f-42f5-887a-32340845591d.jpg,0.0620255246758461,0,0.5
7960aba8-2daa-48aa-be71-aa46c58c71bb.jpg,5.335193236533087e-06,0,0.5
7965a6f4-66e4-45a7-aaae-88f0543a0ab2.jpg,0.01308386866003275,0,0.5
796da122-44ad-4054-9f16-dd900cde1d79.jpg,0.0008845666889101267,0,0.5
7973e97b-cc83-4ef0-9e3b-f0c5b9a98302.jpg,6.498640914287535e-08,0,0.5
79817887-da91-4de1-98aa-1dc391ed9b04.jpg,0.0036808482836931944,0,0.5
7987c8fa-4a70-40ea-9091-8db10c9ef71f.jpg,2.893738759723874e-08,0,0.5
799244ac-93ca-445e-ac3b-c9d8bd8ebd85.jpg,0.0034394096583127975,0,0.5
7994f58c-8144-4e27-a05c-e4309cd5e4fb.jpg,8.674777927808464e-05,0,0.5
799e0a96-7975-477e-b894-df5d3253c731.jpg,0.008253020234405994,0,0.5
79a2549b-d6ef-48b4-9c65-1fdc2a80afea.jpg,7.323842874029651e-05,0,0.5
79a3e836-c346-4f12-84bf-7ebf353b06c9.jpg,0.0008722590864636004,0,0.5
79a78a6e-4bc2-473f-a2f4-fb852253556c.jpg,2.0082283058719952e-10,0,0.5
79b1e7dc-47ef-4779-8ae4-5f2c759654d4.jpg,1.2767030765914456e-09,0,0.5
79b90eea-d459-44a1-9047-9a51da61b31e.jpg,2.0640422008000314e-05,0,0.5
79c4ce33-70c0-4134-b21b-48e362f933d1.jpg,0.0031014580745249987,0,0.5
79c6bf39-3f4d-48f6-bd60-3db3500e6137.jpg,0.06373783946037292,0,0.5
79cb8414-3743-4d2d-9a28-216c7b4a4988.jpg,0.00022281771816778928,0,0.5
79cc610a-b4b6-4d3a-86bd-8383341a65ca.jpg,0.00037832363159395754,0,0.5
79d2d7df-8d1b-4fdf-9087-58cd8a3d3ab2.jpg,1.273456518902094e-06,0,0.5
79d7be59-fd68-4558-add8-b3d5c499214b.jpg,0.055169478058815,0,0.5
79d82368-c75e-454c-b9be-cd19cc96d831.jpg,0.0009011737420223653,0,0.5
79dadd2e-3d16-4d12-af74-089b9f421b8f.jpg,0.004321609158068895,0,0.5
79e52b9c-a088-4c9c-82cf-6a95c989334b.jpg,2.0240821640982176e-07,0,0.5
79eb9835-ef7a-4f58-85da-094816d29fee.jpg,6.4515988038027494e-12,0,0.5
79eda189-69b0-4a0a-b7aa-ec347bf8e97c.jpg,8.532916399417445e-05,0,0.5
79fd5102-8d51-42ba-b471-005f6578ad90.jpg,0.00041813048301264644,0,0.5
7a01d3dc-e7de-4507-9d97-0fdb72a83cd3.jpg,2.622430656629149e-05,0,0.5
7a06969a-ba0f-4dcd-a62d-e0171e677cf4.jpg,2.691267297905142e-07,0,0.5
7a099583-3119-4aa2-89af-5d24b64da20f.jpg,2.569713797129225e-05,0,0.5
7a127931-90b3-4e5c-97f7-8365fb972b2e.jpg,2.61173397575476e-07,0,0.5
7a131ceb-5d26-4cc9-a336-171d36234cd7.jpg,0.14294104278087616,0,0.5
7a26fea8-20ee-4cd4-859a-e84d1c4797aa.jpg,0.1669321358203888,0,0.5
7a28f65c-5eb6-4502-9f22-82ef816a061c.jpg,0.00013407655933406204,0,0.5
7a2a7d60-4a8d-4517-9f15-93abe137cf28.jpg,2.613204060253338e-06,0,0.5
7a368c02-97b8-4646-9001-5b85ad4af8a2.jpg,7.41585097330244e-07,0,0.5
7a43927b-5a73-46d0-842c-6ad77048bcb5.jpg,0.101410411298275,0,0.5
7a469c1e-f07c-4951-80c5-8f0005ab89c5.jpg,0.001062902039848268,0,0.5
7a4acdd5-c183-4e38-9b14-8ab611d1fe57.jpg,0.0005703129572793841,0,0.5
7a4e360d-bedf-4221-80d1-10254b030bcb.jpg,2.879691237467341e-05,0,0.5
7a4fd19b-f65d-412c-a1cc-8980ed7a8595.jpg,0.8798629641532898,1,0.5
7a52b112-0c79-4dcb-8b7e-7b988c7387e0.jpg,1.1371866293075072e-07,0,0.5
7a5df1d1-3832-495a-8fa7-8278a23b20ac.jpg,0.000359344354365021,0,0.5
7a65b7b8-342b-4d73-b639-37d1a8ffe297.jpg,1.0839030295528573e-07,0,0.5
7a6b3a68-04a6-4514-ab22-f102179bdf4d.jpg,0.10491873323917389,0,0.5
7a74a33e-a6cd-41a6-a8bb-b79a6fcd33ec.jpg,0.13978150486946106,0,0.5
7a77c745-50ce-42c4-9a6f-5001c30bb4ac.jpg,0.12254121899604797,0,0.5
7a83ea31-622a-4972-a66c-385b2e3ab742.jpg,0.0004603861889336258,0,0.5
7a8ba181-72a5-4c58-82ae-31f2dd50855c.jpg,3.1269011824264226e-09,0,0.5
7a9ae100-2ba7-419d-9dc0-385124383028.jpg,0.007019648794084787,0,0.5
7aaab618-627c-4b64-a131-fcbe9aa63891.jpg,0.011377306655049324,0,0.5
7aad31ca-99ca-4f91-bcb8-0b0903707377.jpg,1.2562229130708147e-05,0,0.5
7ab10d4c-bba3-41db-b7f5-11f0f664c1ae.jpg,0.16226668655872345,0,0.5
7ab1dd44-303e-48ac-b6d1-dd1d9a63154a.jpg,6.966385990381241e-05,0,0.5
7ab489b0-f4d3-402e-b305-f0a85b4596f2.jpg,0.06361419707536697,0,0.5
7ab870ec-c107-4732-a24c-46a78d01f999.jpg,4.118288359222788e-07,0,0.5
7ac6a377-e3ab-4220-9e0e-3760bb2ee690.jpg,5.131238316191666e-12,0,0.5
7ad2c2bf-e636-4004-a8d1-520be09b5760.jpg,7.025963144613456e-10,0,0.5
7ae1d8b5-fcb3-4b69-9acc-229bf17f11e1.jpg,0.010925330221652985,0,0.5
7ae25ca9-8c86-42fc-9d9d-8669c6d8dbe6.jpg,1.0183148333453573e-05,0,0.5
7aebb30f-1b5f-402e-9284-8c214aac12ba.jpg,3.67119147581807e-11,0,0.5
7af49e28-039d-408d-b301-e897b8e241bf.jpg,1.226789549946261e-06,0,0.5
7af8ef29-e8fe-4182-a9ea-6b97803449a1.jpg,2.6352111603955564e-08,0,0.5
7aff1ed4-d506-41d5-81c6-92004bc3ee24.jpg,2.0737952581839636e-06,0,0.5
7b00c526-e7a2-4661-aed9-cca73c7f38b4.jpg,7.996377604513327e-08,0,0.5
7b06f22c-dcae-4f8b-80fd-55f24a455181.jpg,0.009480222128331661,0,0.5
7b0d0471-d96f-4641-be52-cf25919f77c7.jpg,0.00038604665314778686,0,0.5
7b0e0eed-b009-483f-a8cc-5f51d8d0aa91.jpg,0.39149361848831177,0,0.5
7b1422e0-127c-4a3e-aaf7-a10b62370659.jpg,0.005552496761083603,0,0.5
7b18c53b-c9de-4602-9a8b-beaed6ac6a52.jpg,0.4185198247432709,0,0.5
7b1ae790-cd9b-44d2-9b71-db8846f0d562.jpg,2.111510002578143e-05,0,0.5
7b1c589f-569d-4563-9eb6-dbe023eca4f4.jpg,1.5618985571563826e-07,0,0.5
7b26f876-b142-49da-8b8b-b2600b486258.jpg,0.00027587893418967724,0,0.5
7b2b5dfc-8a58-461a-a320-d088ebf5bbbc.jpg,0.0005900880205444992,0,0.5
7b32b385-514e-4aaa-a20f-3b27a67b4a83.jpg,4.6849920181557536e-05,0,0.5
7b3339cd-b407-4cc5-b8ea-938f4c5b1c46.jpg,1.5578119700876414e-06,0,0.5
7b4f892e-c156-4a3d-a20a-90e313039f29.jpg,0.00013617027434520423,0,0.5
7b5bcf97-9383-445f-ab94-db4f6053a377.jpg,5.945385623817856e-07,0,0.5
7b652cde-062a-4405-bb97-b1903ce88a0b.jpg,0.00037190059083513916,0,0.5
7b66422c-8683-441c-9351-1b3b159fc9d2.jpg,1.555847802592325e-06,0,0.5
7b6803e6-644e-4048-90c1-d6fcc8aaf06f.jpg,3.930851562472526e-06,0,0.5
7b692380-9737-4558-9caa-7d76c7606d14.jpg,1.448818309768285e-08,0,0.5
7b69fbf7-945d-4b72-8a94-ab9d97ee1c49.jpg,0.0002100891142617911,0,0.5
7b7408ae-a2c1-4eb6-8ad6-30f175024f85.jpg,4.180751147941919e-06,0,0.5
7b7a0b63-206b-40ed-95df-c5860aca040f.jpg,0.06396198272705078,0,0.5
7b7c0666-e2c8-4c0d-9387-8eac0861a02a.jpg,0.2109403759241104,0,0.5
7b868500-77fe-468a-8158-197ba714cb30.jpg,0.0005494158831425011,0,0.5
7b8e4f72-d1d8-4aa1-a450-c2a2b2d0ded3.jpg,0.006809839978814125,0,0.5
7b93ebc7-defd-424c-a4c7-b30f9736f67a.jpg,1.6079169427030138e-06,0,0.5
7b9505d7-3423-4d76-89c5-0e573166d598.jpg,0.12503081560134888,0,0.5
7b971cca-72f9-4cf2-b1c8-b23243d59e3a.jpg,0.000821636407636106,0,0.5
7b9930ad-bae4-47dd-bf00-34a15bb8ae09.jpg,0.0005021820543333888,0,0.5
7b9a2ac8-ef99-4001-8ef5-82564abd2bac.jpg,0.09649007767438889,0,0.5
7ba271fa-3e42-4d16-ba75-94c2907ec1c7.jpg,3.070101956836879e-05,0,0.5
7bac7e30-f993-45cd-bb41-6b0eaf533d21.jpg,2.0141879275570318e-08,0,0.5
7bb2ec27-7572-47ff-8e36-58fa2e592d8a.jpg,2.5303056645498145e-06,0,0.5
7bb31b8d-a431-4733-9e45-4e2c5018141b.jpg,0.003401194466277957,0,0.5
7bb8870f-13dd-49b4-810e-18c570db3133.jpg,5.392823823058279e-06,0,0.5
7bbb43b0-3af7-4cc7-a01f-849a7db4ab89.jpg,2.890157156798523e-05,0,0.5
7bc0cc79-a201-4c59-a933-b21598b2c6df.jpg,2.9702373467443977e-06,0,0.5
7bc3328b-22cd-43a6-aad6-37380578f260.jpg,1.7303436834481545e-05,0,0.5
7be9503b-7e03-45da-994d-14d598d34d8a.jpg,7.847202709854173e-07,0,0.5
7be99bbb-ba11-4613-9ed4-945941bad361.jpg,1.1196689797543513e-08,0,0.5
7bef70b3-2171-4e7b-a23c-9cbe725c018c.jpg,0.4496714472770691,0,0.5
7bf4ef3f-e25e-4145-9686-c7a3c12e25e2.jpg,2.2401936803362332e-05,0,0.5
7bf5cad3-7813-4249-886b-1ba2d8b2a8fd.jpg,2.2553408030034916e-07,0,0.5
7c02336f-c088-4065-893f-4d4ec690b6f3.jpg,0.001097107888199389,0,0.5
7c082e67-14c0-4dbc-b448-cab683eb190c.jpg,1.6653897546348162e-05,0,0.5
7c0ee138-e7c2-42ab-9b9f-5fcddd750397.jpg,0.005347040947526693,0,0.5
7c1de489-616a-4287-88b7-3f2bc64e8245.jpg,0.18529380857944489,0,0.5
7c206471-2325-4306-b502-e0a481e36f39.jpg,3.5610145943110183e-09,0,0.5
7c2567d7-bcf6-46b3-aa12-1b28ca41bd20.jpg,1.6234487702604383e-05,0,0.5
7c2d428f-3290-4033-8f80-db37af422dd8.jpg,0.006988964043557644,0,0.5
7c300521-29c1-43a1-baaf-58ca86e72adf.jpg,0.038551025092601776,0,0.5
7c329b02-c186-4b89-b2f7-a08479ed0827.jpg,0.00010610480239847675,0,0.5
7c3c5c72-24ca-4a54-a239-f91f8fb7ab04.jpg,0.0016651864862069488,0,0.5
7c3f8087-d78a-46e1-8d11-0c41144df62c.jpg,0.00010517332702875137,0,0.5
7c406c68-2c68-426f-bdf8-718e42c1ebc3.jpg,0.003342300420626998,0,0.5
7c5e3bda-1fbf-4834-81e0-bb4e1d7c3279.jpg,1.9375888393735607e-10,0,0.5
7c5f7575-7dff-47c6-b638-b4ff623e91e4.jpg,6.032775672792923e-06,0,0.5
7c6312e1-057b-4f9d-85fd-535de29540c0.jpg,5.353332653612597e-06,0,0.5
7c638d73-21dd-4e4b-8278-56968a82ccb4.jpg,1.5768600860610604e-05,0,0.5
7c69ebd9-8c07-4ef0-85d0-f7c7d0073093.jpg,0.0011965790763497353,0,0.5
7c729ae9-e58f-4a95-b6f6-140797f5d069.jpg,5.708390744985081e-05,0,0.5
7c752e01-0f3f-4179-a40a-144e2c580bf8.jpg,1.5910477486613672e-06,0,0.5
7c770369-df1c-4b24-a70a-2668acf1aa41.jpg,1.4713692486623131e-09,0,0.5
7c7c88aa-1e8c-4382-8232-f3713ea58223.jpg,6.712774052175519e-07,0,0.5
7c7dcdca-c942-4e64-8d4b-862b650ca7de.jpg,0.00974587444216013,0,0.5
7c7f2ffc-bcc6-4817-9748-89deb3922791.jpg,1.9618805424670427e-07,0,0.5
7c961c09-72d5-43c6-b263-f4c851213c12.jpg,0.00016708826296962798,0,0.5
7c966781-73b1-42ac-8013-3b5db4d66da6.jpg,5.4384297982323915e-05,0,0.5
7c982f7c-59d8-474b-9869-76a8ab83840c.jpg,0.006704844068735838,0,0.5
7c996b10-8b46-4b94-bfbe-645bf77eedfd.jpg,3.7625708104727096e-10,0,0.5
7c9b6643-63ea-450f-bb95-8b4f8d213b59.jpg,8.323061047121882e-05,0,0.5
7c9e73ca-5906-4746-a96a-aff6556deb36.jpg,2.4614083216079052e-08,0,0.5
7c9f7086-7ae3-4c7e-aa54-c6cc775959a9.jpg,0.002818050794303417,0,0.5
7ca08186-5073-4c9f-a3fb-fccad7a67f6e.jpg,3.956627914192268e-09,0,0.5
7ca88be0-3769-4ee4-a414-038a95f9c1dc.jpg,0.0005300566554069519,0,0.5
7cb869e9-d363-4f7a-b82b-a082a25d0a70.jpg,9.180217261928192e-07,0,0.5
7cb9c3f9-6122-4e91-bc8a-bd77cba03dba.jpg,1.0060117574539618e-06,0,0.5
7cba62c9-e6b5-438a-bf3c-1b222daacca9.jpg,2.415601727534522e-07,0,0.5
7ccf761e-aa6a-49f5-8b38-0dac97d48ba5.jpg,2.2214215277926996e-05,0,0.5
7cd4876c-112c-45c5-a722-78c4259d085c.jpg,0.0003680885420180857,0,0.5
7cd5825a-af18-407e-b26a-c7df8097b900.jpg,0.0004612287157215178,0,0.5
7cd913eb-fa76-4faf-8a92-146da3a9b957.jpg,0.024563215672969818,0,0.5
7cdf8285-80e6-4e64-b351-a60dacc04190.jpg,0.00010021248453995213,0,0.5
7ceab10d-580a-43dc-9810-94a64b37664a.jpg,0.0002537203545216471,0,0.5
7cf22545-9687-488e-a020-4e1e79d69645.jpg,0.00353214330971241,0,0.5
7cf31d0d-c019-4976-bfde-fec1fc7b6299.jpg,0.006920211017131805,0,0.5
7cf3f728-7283-4bbd-860a-bec1b8ff4809.jpg,0.13496576249599457,0,0.5
7cfa0df9-fdd7-4d88-a947-46f8f77afc13.jpg,0.000339198624715209,0,0.5
7cff00fb-1f94-4b50-ac29-53a7c6e40600.jpg,0.0008630072697997093,0,0.5
7d08c71e-db68-4a7f-84a0-c1490c6bbf63.jpg,0.0010190460598096251,0,0.5
7d2992a1-1f58-4773-83b7-79ebf0327466.jpg,0.0009667179547250271,0,0.5
7d30ddaa-dfcc-45f1-8681-5f183d71d6e9.jpg,0.00023540141410194337,0,0.5
7d3e526f-9691-4d66-b439-023097cf68e0.jpg,4.72828651254531e-06,0,0.5
7d4fce68-9f66-4787-b8d9-3bd1249d76e3.jpg,0.4680640697479248,0,0.5
7d555eb0-58a9-4859-b931-b7756d1da6eb.jpg,0.00040073064155876637,0,0.5
7d5837da-645f-4c1d-b1d2-07912d189893.jpg,5.476384831126779e-05,0,0.5
7d63d9a8-2405-41af-aff4-9c98e9281e44.jpg,1.8353901731771316e-09,0,0.5
7d648eb6-aef8-4483-9cb3-2de512b974e4.jpg,3.1286352168535814e-05,0,0.5
7d6b4e26-d0d5-426e-b218-e578844a3cf4.jpg,0.16237547993659973,0,0.5
7d6b69d6-09ee-4007-afdb-937b9646daa1.jpg,3.067123543587513e-05,0,0.5
7d6cf8e9-e4a0-430d-9998-ec5553179db2.jpg,4.546096533886157e-06,0,0.5
7d6d3b4e-7476-45d2-88b5-85efc4287f15.jpg,2.46918631319204e-07,0,0.5
7d73fce3-6199-4544-9688-c840fb99addc.jpg,3.577269671950489e-05,0,0.5
7d7a329d-b067-467a-90ad-e4ebacd3907a.jpg,0.001108081778511405,0,0.5
7d816829-fe15-497a-9892-4f16b73b850e.jpg,9.091046422327054e-07,0,0.5
7d86f536-9df8-485f-bd6e-576df123e010.jpg,5.579977369052358e-05,0,0.5
7d86fac1-d60e-4d57-9891-a7d31ae61c70.jpg,6.360663246596232e-05,0,0.5
7d8991f2-6785-4e12-b843-8d22cccc7e91.jpg,0.011426621116697788,0,0.5
7d92b222-155d-4406-9675-62a1a36c6e37.jpg,0.04239410534501076,0,0.5
7d9324c6-75b2-4bea-b8ac-5d5a5fbf633e.jpg,3.9844136878741665e-09,0,0.5
7d9a235f-e2a0-49c7-81b2-75d75827007e.jpg,6.813369964220328e-06,0,0.5
7d9ffc66-f8db-4769-95d2-3738febfb296.jpg,0.5717859864234924,1,0.5
7dd43880-435a-4c53-8b2b-207965d5c032.jpg,0.0009437927510589361,0,0.5
7dd6ef95-50fe-493f-a410-836b6613ef6b.jpg,2.990001632952044e-07,0,0.5
7dd737bf-2a02-4218-a004-090ec87bdf06.jpg,0.0002332330186618492,0,0.5
7dd7afdd-1c40-478f-811f-ed053bac4744.jpg,4.229256875265541e-11,0,0.5
7de0ee2d-eb03-4c48-a100-7942d027b5c6.jpg,1.0902861946604503e-09,0,0.5
7de2510a-a400-408d-923e-b243ddac9768.jpg,0.22061662375926971,0,0.5
7de84a85-c2e9-40d6-b285-6a81a06d5227.jpg,0.0008863827679306269,0,0.5
7dee6d84-8407-47c4-8145-2fa1cd5b8c9b.jpg,0.0051717679016292095,0,0.5
7defe6be-a83a-4ae2-8114-9c703d5c944d.jpg,0.001322415191680193,0,0.5
7df6b958-d094-4491-9914-f418dbf3f4ad.jpg,1.062470255419612e-05,0,0.5
7dfa24ef-183c-4de1-92a9-f70f1486159f.jpg,0.00035506009589880705,0,0.5
7e019efd-7632-4935-bef8-ae31e8d7fddc.jpg,0.11785289645195007,0,0.5
7e04174a-8f2a-47e5-82a1-3822f854bcb4.jpg,0.2893475294113159,0,0.5
7e06811a-5453-470d-915c-bac59ecf0c00.jpg,0.0005492930649779737,0,0.5
7e0850ef-e64f-4463-9456-99c2adc8bdf7.jpg,0.00016723043518140912,0,0.5
7e08ff7b-ac70-48c5-9405-ca3c42fd4916.jpg,8.084541150310542e-06,0,0.5
7e0eaef5-c987-41c5-b27d-c6b25f78c673.jpg,0.2159874141216278,0,0.5
7e0f38a0-42ca-43cf-bc91-bd6ae2e923a7.jpg,0.00013598446093965322,0,0.5
7e0f56d3-edc3-4d06-a9ed-5a018188fa5f.jpg,1.1447829820099287e-05,0,0.5
7e110a4c-b3f0-49cb-8a4e-0157c2ff26f6.jpg,3.9452068449463695e-05,0,0.5
7e128e1d-47c5-4d8a-8b3f-cb6f57edc4f5.jpg,0.0001767212088452652,0,0.5
7e15f0c9-3db6-4103-b814-4fe1831c1e2e.jpg,9.233973105438054e-05,0,0.5
7e1b8979-6e0b-4350-a998-a4c3c2ef5ba4.jpg,4.475743480725214e-06,0,0.5
7e2554f2-1108-42b3-83f0-c6ddcba35027.jpg,0.014269749633967876,0,0.5
7e2b373b-da37-4cf3-a39d-6cd899910735.jpg,0.43813520669937134,0,0.5
7e3939e6-bf50-4ed5-abf3-2787744beef7.jpg,0.07870421558618546,0,0.5
7e4083c0-4d84-4378-b92c-2bc74766f30c.jpg,0.0006790301995351911,0,0.5
7e4da9cf-42e6-4749-be6d-72bb915679ee.jpg,0.01317788939923048,0,0.5
7e5509bf-5e1c-4a5f-a468-f23a1e18de11.jpg,0.04831118509173393,0,0.5
7e5877db-092a-4d20-8ebf-50e66204dd45.jpg,0.00106747355312109,0,0.5
7e5b2f61-3751-4af4-87ae-905368193673.jpg,0.0015872212825343013,0,0.5
7e666649-965d-4908-b458-b445ab7f9b23.jpg,0.0007836078875698149,0,0.5
7e667022-a146-4b22-ae55-1b8186a0d39c.jpg,0.0003124221693724394,0,0.5
7e7299b0-e112-474e-b174-f8a654951d00.jpg,6.432346708606929e-05,0,0.5
7e7f7f7f-5b19-422c-905f-715608f2aec0.jpg,4.831550086237257e-06,0,0.5
7e89df44-3ff1-4986-bd43-ca70221ece1d.jpg,0.005541373509913683,0,0.5
7e92c845-42f0-42f2-ae50-04b1bc16222d.jpg,0.009010273031890392,0,0.5
7ea0d51c-de17-4451-9ae8-ef1a0a8cddd5.jpg,0.004687158856540918,0,0.5
7eb7f508-fcc2-4a76-95ba-07a9792ee7d7.jpg,9.354665053251665e-06,0,0.5
7ecc9292-a34f-4215-a2ea-77388035c338.jpg,0.0004963774117641151,0,0.5
7ecf2e17-63f9-46f7-9cd7-57c650b88b5f.jpg,3.3710273328324547e-07,0,0.5
7ed25387-41f7-41fb-ae93-0cf63815e1cd.jpg,0.002275533974170685,0,0.5
7ed64d12-96b2-4ed1-8151-c7b5979cc4d8.jpg,0.07681036740541458,0,0.5
7ed6c656-9185-42ac-9049-e2aed81660be.jpg,0.00507223978638649,0,0.5
7ed8ef65-4c13-4e8b-8b43-b904cc6991e0.jpg,0.0001748881913954392,0,0.5
7edf4ec9-a8c5-4ff1-8cd5-4c39cc8ab24f.jpg,5.177848379389616e-06,0,0.5
7edfe72f-79b0-40a9-9bfb-1581b7d22210.jpg,0.1847883015871048,0,0.5
7ee2b437-c299-4958-9554-fe06b6ad19b2.jpg,5.837047501699999e-05,0,0.5
7ee6ec05-6f9e-4617-9361-829475cb7100.jpg,3.800903868977912e-05,0,0.5
7ee82c34-36bd-45fa-a2ff-46760f71d2e3.jpg,0.0011896663345396519,0,0.5
7ef623d1-d1e1-4a5f-8773-7e1a7e8f2d70.jpg,0.0005931216292083263,0,0.5
7ef786f2-731f-4075-8adf-38dcdf184b35.jpg,2.6968139081873232e-06,0,0.5
7efb2c7b-a7e8-4b72-8f14-b3d3f0116bf7.jpg,7.504247332690284e-05,0,0.5
7efdd61b-1beb-4854-97d7-3dbe4c4e4fff.jpg,1.9805368456360384e-09,0,0.5
7f0aa914-cf70-41c6-b069-4b3ef22f5f19.jpg,3.364234544278588e-07,0,0.5
7f132fc1-9699-4d70-ad7e-bb724a014664.jpg,4.750658627017401e-05,0,0.5
7f1583b7-d417-4a55-8de7-df9845c1364f.jpg,0.030621221289038658,0,0.5
7f1a5a3e-23dc-4954-86c8-c71fe14af0b8.jpg,1.4131131138128694e-05,0,0.5
7f1c86bb-b058-4f5f-949b-e1fdeb3d59b5.jpg,0.012043130584061146,0,0.5
7f1f0d99-87ad-4439-9f2f-54321b7dd2ef.jpg,9.096804205910303e-06,0,0.5
7f1f2c56-95cd-40cc-8fb4-559598d13a53.jpg,0.0016729047056287527,0,0.5
7f24a154-31f2-402a-9e34-4b9430c5f0d3.jpg,2.026641413976904e-05,0,0.5
7f274ecd-c68b-4357-bce6-630aa5867bc3.jpg,0.012373524717986584,0,0.5
7f395729-51c6-486b-8cd5-a742c4bae70d.jpg,1.3426977307773313e-09,0,0.5
7f397c12-9d9d-4546-99de-1711785dd87f.jpg,0.009977963753044605,0,0.5
7f3ca926-426f-49d3-8be8-334c9d28e293.jpg,0.0011799520580098033,0,0.5
7f455c30-5b30-44f7-807f-07275b7d81a9.jpg,0.00017266947543248534,0,0.5
7f4718d7-24ec-40a8-81e4-600262693e73.jpg,0.0026931327302008867,0,0.5
7f5acd6a-be73-47c1-bfb2-ebf8aa60e25d.jpg,2.0862829330781096e-07,0,0.5
7f5ccf6b-13e6-4852-bb0f-f2069168b558.jpg,5.677981418372724e-10,0,0.5
7f5fe396-04b4-40fa-b63f-9e5e5434c183.jpg,0.005655862390995026,0,0.5
7f6d18dc-5dd3-4c99-b6b1-a3999718e690.jpg,2.1386450943516877e-10,0,0.5
7f6decfe-1091-4b31-be67-399115426bb7.jpg,0.05905473604798317,0,0.5
7f758ebe-8f94-4761-9446-2a207c3771db.jpg,0.025386102497577667,0,0.5
7f82871c-c9b6-4ed3-a317-1ef136ca66e7.jpg,0.00011688645463436842,0,0.5
7f84b221-a260-4af7-b257-f0ecf30083af.jpg,2.0893132557375793e-07,0,0.5
7f850b27-5d08-45ac-807c-a0597d106f09.jpg,0.00016475898155476898,0,0.5
7f862c71-f34e-451d-860f-7a774c64cf95.jpg,0.014479493722319603,0,0.5
7f89207a-a7ef-4c1f-9478-4ace38e73084.jpg,0.011095859110355377,0,0.5
7f9f292b-5a24-468c-8431-d1cf689fa7b6.jpg,2.5950597773771733e-05,0,0.5
7fa36053-3a85-49b2-bddb-40ffb70a2e8c.jpg,0.0010412376141175628,0,0.5
7fa505c0-8afa-4938-8050-1bb2a76f9644.jpg,1.466384856030345e-05,0,0.5
7fb6e043-8c5b-4c76-b959-8f078df092d5.jpg,0.24947337806224823,0,0.5
7fb9d04e-6087-4400-a782-6c7b59adc047.jpg,2.388766517924523e-07,0,0.5
7fc77774-6496-4090-a19a-0e18cd818544.jpg,7.954228931339458e-05,0,0.5
7fe852b1-b8bc-464e-98ed-6da03a1e31f5.jpg,0.007037585601210594,0,0.5
7fe9eeea-3a0a-4d90-b61d-1430c8a4d294.jpg,4.242758677719394e-06,0,0.5
7ff1a39e-3fb2-410f-91d1-b84498edac64.jpg,1.4327744111142238e-06,0,0.5
7ff3dbcf-dcee-4d76-9261-8ff123d187fb.jpg,5.371987936086953e-05,0,0.5
7ff7112c-6495-4718-a66c-b32bfef10037.jpg,0.05252784490585327,0,0.5
7ff7c156-751f-48e1-a7c7-72ec77e62876.jpg,1.478518606745638e-05,0,0.5
80166bb8-c920-46fb-8203-bdf44b187f02.jpg,0.008266912773251534,0,0.5
8019141c-920e-46d3-9961-d5e5d04640fb.jpg,0.23221193253993988,0,0.5
80196f57-f296-44fa-810a-6665fc3524a8.jpg,2.6279134544893168e-05,0,0.5
801de722-2dbb-472e-83dd-afa9422cd245.jpg,0.004372715018689632,0,0.5
8031245d-2e37-4a05-9bb9-0f6eae7dcd59.jpg,0.0010698415571823716,0,0.5
80336fb9-5454-4ee2-84f5-729b0fb56a3d.jpg,6.5045096562244e-05,0,0.5
80384d35-5608-45fe-8f3f-b8a9016b7800.jpg,0.004658845718950033,0,0.5
803af858-f8f9-409f-b45a-68f53125225e.jpg,7.357365120697068e-06,0,0.5
80459a4c-89ed-49e0-8db6-924ccfb0dc09.jpg,0.0002293957950314507,0,0.5
8047819f-9775-44b5-8de2-4e05bb9cf26a.jpg,5.793559521016789e-10,0,0.5
804d55aa-8aef-4827-ba88-2cd4f5595a8a.jpg,0.0017806767718866467,0,0.5
804e5261-7c39-49a8-8f31-7ffb6ded1e56.jpg,0.2914828658103943,0,0.5
804e662c-8213-4748-a345-369a044511d0.jpg,0.0326639860868454,0,0.5
805eaa35-ed4a-482c-b341-fc738a3aab9d.jpg,1.7208556357672933e-08,0,0.5
80640d76-e555-45f1-a968-0466130a061a.jpg,0.01795460283756256,0,0.5
8067c25d-4044-4eff-bc48-a01e02843664.jpg,0.8121418952941895,1,0.5
80770ac5-1dc5-4c80-a100-01ccd9f812d1.jpg,0.000942377548199147,0,0.5
807daf10-5a0e-435e-8ac5-c087f21f0a73.jpg,0.17917197942733765,0,0.5
808b1f38-f1d0-4e1f-8536-a6917a337004.jpg,0.12535086274147034,0,0.5
809f10cb-c0c0-4b10-8c0d-03e5b1747db3.jpg,0.0011263132328167558,0,0.5
809f3cd4-c1d8-4b32-8228-9246fca84f93.jpg,4.6475693125103135e-06,0,0.5
80a1e4c3-83f7-4908-9e03-e7a44e9ab75a.jpg,2.5903747882694006e-05,0,0.5
80b5cb0a-1978-4364-835b-dc31a5afa1ca.jpg,7.382054172921926e-05,0,0.5
80bfe672-75da-4bbc-9f8f-06d678adbff1.jpg,1.879557385109365e-05,0,0.5
80bfe828-f215-4eca-ad1d-28b138cb4d49.jpg,4.417213403939968e-06,0,0.5
80c25103-b045-44a0-90ec-9883ee468f1a.jpg,1.8548242053384456e-08,0,0.5
80c521da-33b8-4712-8e4c-760d877f6634.jpg,1.4921197362127714e-05,0,0.5
80ca8b99-b400-44f4-afaf-943b6dff2d26.jpg,0.0296182744204998,0,0.5
80ccba6e-cb12-4cf3-ad12-4a218a150254.jpg,5.572920599661302e-06,0,0.5
80cdb52f-5271-4da1-9603-3fc5905dede3.jpg,0.07793999463319778,0,0.5
80d18126-ba75-4a6c-bc03-a2da8a3a93ef.jpg,2.2682086637360044e-05,0,0.5
80d818ab-9490-47fc-bb94-ce41337c2667.jpg,1.1010199159500189e-05,0,0.5
80e47369-5678-4ef1-96c1-333429da771f.jpg,0.08819840848445892,0,0.5
80e5741f-4f1e-4dcb-9146-3821721efd59.jpg,0.0013027783716097474,0,0.5
81034d20-7721-4a96-a8d2-b2afb70e3ba6.jpg,1.550346695466942e-07,0,0.5
810b5b99-e820-4f0b-a30b-7336d21a15a6.jpg,0.039603132754564285,0,0.5
810ccb26-d298-4e69-844d-9135da4f9f73.jpg,0.000361862126737833,0,0.5
81172055-25a1-4650-bfce-a4c23f020e57.jpg,9.4461182015948e-05,0,0.5
8117b55e-dab1-4760-bf11-6163992aef0d.jpg,0.0037904384080320597,0,0.5
811b4ac0-8f9b-496f-8802-a532d0ef8476.jpg,2.0663388568209484e-05,0,0.5
811d8f72-89d0-4784-9ffb-17f3feeebef3.jpg,0.12357039749622345,0,0.5
811f5039-8c8a-4735-8276-2bff1cbb4b1e.jpg,7.606177678098902e-05,0,0.5
8133d9ca-1955-49c6-b47d-72af235500a7.jpg,0.002825027098879218,0,0.5
8134695a-b0e1-433c-aa20-d1bc1e41a69e.jpg,8.207047130781575e-07,0,0.5
81402c5d-e4fc-44c1-8705-120a9a6f0efd.jpg,4.685885869548656e-05,0,0.5
81442e26-04ba-4da9-9780-fb8902f8d7ca.jpg,1.6699530078767566e-06,0,0.5
814513be-bc0a-41da-811c-877115f3dfda.jpg,0.0004838806635234505,0,0.5
814b4d37-409e-44a6-93dc-0864a22105bb.jpg,1.1479535714897793e-05,0,0.5
814d57d3-f0e1-48aa-9393-83fd15a37241.jpg,1.3227801787252247e-07,0,0.5
8151a6e8-65b8-4324-9c78-56b3949e2d8c.jpg,6.450626983678376e-07,0,0.5
815a927a-83d1-4422-9b56-c4ab64eca909.jpg,1.1477044203900277e-08,0,0.5
815c5a98-7233-48b6-98d6-c6c48e1b36c6.jpg,0.0019721975550055504,0,0.5
815ee537-e45b-4c78-94da-4312eb27a4f0.jpg,0.000184512187843211,0,0.5
815f88b4-42de-472a-af88-476a3c50ae46.jpg,6.00922294324846e-06,0,0.5
81673405-8939-4250-8b94-b4e9fb8eae54.jpg,1.0347642955821357e-06,0,0.5
81732c22-8b75-4802-bc37-5050c6d16a8f.jpg,0.00954858772456646,0,0.5
817ef31b-0b0d-4631-8165-2c7f263cec99.jpg,0.15961627662181854,0,0.5
81811f99-3fcf-455d-a9cb-b2c986c32500.jpg,7.3008764047699515e-06,0,0.5
81879d75-296a-43f9-91b9-d2ba3f95f8ad.jpg,0.006104530766606331,0,0.5
818c67a8-d23b-4f33-bdd8-becbe8c54166.jpg,0.0008200059528462589,0,0.5
818fe383-b723-484f-b94c-4babb5de41ee.jpg,9.270180271414574e-06,0,0.5
819e53de-0cdd-412a-86ba-b96a05e00c10.jpg,0.04537659510970116,0,0.5
81a24464-43ec-412b-bd53-019685a79217.jpg,0.0003039538860321045,0,0.5
81a26e11-6f5d-4ddb-b822-3ea357259ea4.jpg,4.822642949875444e-06,0,0.5
81a466f4-d3ca-4660-a1c7-b8181940363e.jpg,1.1689368761835794e-07,0,0.5
81aea79c-2583-4d2c-9796-be6a9b3b4d04.jpg,0.0038606745656579733,0,0.5
81aed40d-1501-4653-a445-5dce68109037.jpg,7.163735517679015e-06,0,0.5
81b5d837-01bc-4e24-bd04-733d4cbc8ab7.jpg,6.230828830666724e-08,0,0.5
81b7c2b7-152a-4e5f-8b85-5f14af8fb02d.jpg,0.00012020042049698532,0,0.5
81b996db-4ffb-4b2b-b2c2-6cd646372d38.jpg,1.037043375617941e-06,0,0.5
81bb6980-e1b6-49b6-a097-e33b2a92c1b5.jpg,0.1804676651954651,0,0.5
81bfc619-f055-4738-ae38-0374b6f3d271.jpg,0.4426944851875305,0,0.5
81c5e7c5-be2e-4690-abf4-5fafefb4ce9a.jpg,0.012078431434929371,0,0.5
81cca8f4-2cba-4238-9ff3-e6dff79dc938.jpg,0.00015873288793954998,0,0.5
81d214a9-cc2c-4609-8569-8d04c9d1b0b2.jpg,1.1944136701913521e-07,0,0.5
81db539a-d8cf-44cb-880a-7b64c85d3864.jpg,0.00022309068299364299,0,0.5
81dbfd86-9f46-48fd-8914-c59104a1b34d.jpg,5.245713907697791e-08,0,0.5
81def4a7-7eac-4949-bc3b-76c86dba7d11.jpg,0.00028373696841299534,0,0.5
81e569b9-630a-48f1-91da-1fa69534cadd.jpg,0.00010749029752332717,0,0.5
81f45392-b545-416b-a2ce-7b78ca217c44.jpg,4.5591996240545996e-06,0,0.5
81f69ebd-88b5-4d3e-a62f-613955b54cf4.jpg,0.0015703674871474504,0,0.5
820639bc-9904-40a2-b52c-2f5ac55c90da.jpg,1.647803401283454e-05,0,0.5
82072a7b-8be5-45cf-83c8-df0f2593497c.jpg,5.729103213525377e-05,0,0.5
820eb86b-b570-40a6-96a2-2b819cf16e7a.jpg,0.01936209946870804,0,0.5
8213e0cd-09eb-482c-ba76-aed3ba0d4df8.jpg,0.0003463958855718374,0,0.5
82158509-cee4-44e7-a6a3-b70b89f0c453.jpg,0.0015174817526713014,0,0.5
8215d0b3-d8c9-4c65-852f-6ccc9912d55c.jpg,0.03260652348399162,0,0.5
8219c597-4064-4b75-b9ea-1c02a49a35bf.jpg,0.0003338416572660208,0,0.5
82264ba3-2437-44d8-8718-18ae4e20a38c.jpg,1.918463832240036e-09,0,0.5
822705b2-e8fb-4bcf-afc1-31e611a21046.jpg,4.2743227822938934e-05,0,0.5
82422c71-765f-424d-8e80-f726054b78ef.jpg,3.5005399467991083e-07,0,0.5
8242611b-83cd-4ec0-a7e7-67c303fc24e6.jpg,0.0011437088251113892,0,0.5
824beb20-cb72-4ca4-939a-acd533ceaf46.jpg,4.1737357605597936e-06,0,0.5
824caf8d-fca0-4ee1-8e47-c997c57df0bb.jpg,4.684310717095741e-10,0,0.5
8252c100-cc96-44c4-b83c-2021decb068b.jpg,0.00015330110909417272,0,0.5
825598af-73b5-413a-894b-30bb2f131227.jpg,2.3412254449795e-05,0,0.5
826145f4-bbd2-4c88-8bcd-2b558276a828.jpg,0.0009826715104281902,0,0.5
826e9ea3-bfa3-403f-aaea-a1a4fa90db68.jpg,0.00017068113083951175,0,0.5
827618af-e974-46d1-a8f2-995a0aeaee57.jpg,0.0035690010990947485,0,0.5
827957c7-dfb6-46ba-ae26-09f3f0dfc34f.jpg,0.1751340925693512,0,0.5
82903bd7-92ff-4b0c-aba2-046cee540066.jpg,0.0009729948360472918,0,0.5
82914fb0-c447-4b32-9b83-96df3b4cd3fa.jpg,1.361401928079431e-06,0,0.5
829cb746-c4e3-4529-abf9-c55d16e02171.jpg,4.377546247269493e-06,0,0.5
829d06e3-fd6c-4c2e-b5eb-93fea6b683aa.jpg,0.00022554145834874362,0,0.5
829f98ae-f83a-4b1c-8cf1-432610b565f5.jpg,6.213161668711109e-06,0,0.5
82a25eea-01dd-4981-9f58-59af13dc0c7b.jpg,0.0023837913759052753,0,0.5
82a51347-f793-41a8-9d7e-a689115d53cc.jpg,0.00031812238739803433,0,0.5
82aa851c-e767-42bf-97b0-86f91c3132eb.jpg,7.801537867635489e-05,0,0.5
82b3b07d-af05-45b5-a17f-c588bd375423.jpg,3.0983817396190716e-06,0,0.5
82b553df-7b4c-4f5a-be81-f6ed492fe80f.jpg,3.757136073545553e-05,0,0.5
82b5632f-90b2-422b-97f4-1f17077627c8.jpg,0.7321068644523621,1,0.5
82b7a2a2-a550-4357-8291-97ddaeedc7e6.jpg,5.82966604270041e-05,0,0.5
82b937dc-231c-4278-8c09-498e9e74f121.jpg,0.4172602593898773,0,0.5
82bfacee-30dc-4ebe-a731-b3deee0da605.jpg,1.1436568456701934e-05,0,0.5
82c22315-a17a-4a94-acfa-2a56e97441bf.jpg,0.33150506019592285,0,0.5
82c2d4ec-0671-4172-90f4-3120c7c62e44.jpg,2.0142665313471753e-10,0,0.5
82c313d3-514a-432c-8022-4a493cb9a2b9.jpg,0.0005361703224480152,0,0.5
82c65481-4d18-4ae8-bd4a-551992e3a4a8.jpg,4.104302604446275e-07,0,0.5
82c7d7f2-ee4a-4e0a-99c4-924cd24173a1.jpg,0.08827976137399673,0,0.5
82d43d5f-ddde-4a13-83a8-e7253fe4e5bf.jpg,1.4507544619846158e-05,0,0.5
82d5ae5f-e608-4380-9a18-2f890e6294d0.jpg,0.0004903023364022374,0,0.5
82ef3776-7b25-472d-9603-e86db5d90e13.jpg,0.171537384390831,0,0.5
82f1d9dd-f966-49d0-9f4e-e17ef9031b70.jpg,2.5813137654040474e-06,0,0.5
82f35d33-7c4e-436b-a08d-4591705ba79b.jpg,0.00017017248319461942,0,0.5
82f3f673-567e-419d-999b-519e9dd99a1b.jpg,7.11982750090101e-07,0,0.5
82fb8c0b-fc78-4b4f-b153-e4e757a495fc.jpg,7.5630246954006e-08,0,0.5
82fba7c9-fc46-4040-bcd8-d867c17dbc7e.jpg,0.009882879443466663,0,0.5
82ff5631-f3e2-4a60-860b-461320c6f848.jpg,2.723832608353405e-07,0,0.5
83063d4f-27e2-4a9f-ae1d-8e7270777cfb.jpg,0.3963877260684967,0,0.5
830b419c-c4cc-49fa-b6cd-2e5b2f6ac2ac.jpg,0.12510980665683746,0,0.5
830d2292-7f48-4450-a91b-4526c65798a0.jpg,2.2575868285912293e-08,0,0.5
8310e562-601a-4667-8c66-1a16adf25e8c.jpg,4.579555752570741e-05,0,0.5
83167f58-f38e-4cdd-a8ba-d3a290674279.jpg,2.1256475974951172e-06,0,0.5
831ed1c1-c727-49bc-a4ca-a50e377375d7.jpg,1.2830430478061317e-06,0,0.5
8333b343-25f0-44e7-9370-dc3165a99bd3.jpg,2.295827243870008e-06,0,0.5
83412c41-4374-44e1-97e8-067c3f5eb60a.jpg,2.799515341767034e-10,0,0.5
8345e767-dbb0-4062-9a4a-75fb10ae47ab.jpg,2.0548837631473305e-10,0,0.5
834b8b40-401b-40f9-bfc6-3ec27482360c.jpg,0.0035217059776186943,0,0.5
8353f777-1336-4d73-b27a-0b546dfa5f7f.jpg,0.018689967691898346,0,0.5
8355fd08-aa6c-4670-b750-85df4a791391.jpg,7.036978786345571e-06,0,0.5
835ad3bd-49aa-4cd5-b7b5-03c7a3a3ec84.jpg,0.6910206079483032,1,0.5
835ee6ed-05a6-49eb-b444-fe22e7835e06.jpg,0.00011705164797604084,0,0.5
8362086f-485f-496e-b60a-521c98ce8c49.jpg,0.0001362180628348142,0,0.5
837ff7e9-d2ad-4d3f-b2c4-3994b381085d.jpg,4.0090949369187e-06,0,0.5
83828d2a-4512-44e4-9880-f20732689a80.jpg,3.415143510210328e-05,0,0.5
83898846-f0ef-4feb-b8f6-4a6d5ec140be.jpg,0.0005253244307823479,0,0.5
839165a8-fb44-4f06-9c4d-ca8ddec1d21a.jpg,0.0005321435746736825,0,0.5
83948605-4012-4710-ade0-0679b7a2c0e6.jpg,1.8784230633173138e-05,0,0.5
83acee38-4d90-4fd5-968f-614afb3f5bd0.jpg,6.152626883704215e-05,0,0.5
83b4eb31-24da-494d-95bc-ee0654445b20.jpg,5.3724583892744704e-08,0,0.5
83b9c652-4508-4ad9-b95b-af0cb7e9ef07.jpg,5.562025762628764e-05,0,0.5
83bb8a35-9a6e-4f10-b917-9bab4233591f.jpg,0.010176783427596092,0,0.5
83c3b655-35bf-4932-80bf-b6f652e1792b.jpg,0.0007048356928862631,0,0.5
83c7b7a4-29f1-459a-b900-6c5d06ce3f6a.jpg,1.2480186342145316e-06,0,0.5
83c7f720-e286-48e7-b970-c16ee355262b.jpg,0.0004307381168473512,0,0.5
83c9ef01-86e6-4b41-af07-ba1bcbdbe20b.jpg,1.1060725455536158e-06,0,0.5
83d17962-b6c3-4a8a-81ab-0f51d6bd42dc.jpg,0.0018865965539589524,0,0.5
83e10f36-cdf0-4093-8d07-34cab4bdaaae.jpg,0.8068804144859314,1,0.5
83e2722b-341d-4672-88b8-08bdb4793396.jpg,0.0016486728563904762,0,0.5
83e36ea3-d738-4e4b-b7a0-1ceab0f3a1b4.jpg,0.012410536408424377,0,0.5
83e7680d-7641-49c4-b181-9ae59bd2b344.jpg,1.0658477123115517e-07,0,0.5
83ebe51f-7405-4c86-98cb-53b9ecca5188.jpg,6.9878124122624286e-06,0,0.5
83f434bb-6e1b-43a6-b1e0-6ce506731712.jpg,6.724345524844466e-08,0,0.5
840c843d-03b0-45ca-bea3-84d56ff600cc.jpg,0.06502867490053177,0,0.5
8411c3d2-aac3-40f6-af43-4671a84dfef3.jpg,6.117664452176541e-05,0,0.5
8417fd80-ad6e-4968-a283-a3bf86d5d483.jpg,3.2518428838557156e-08,0,0.5
841e1191-4c1b-4c97-8452-63a971ccd84b.jpg,0.0003137241001240909,0,0.5
841f3f2d-d056-4a01-b41e-7bbdb1fefcad.jpg,0.0028533509466797113,0,0.5
842a29e0-493c-4d83-854b-a78f73ceb068.jpg,1.0963110844489088e-12,0,0.5
843512aa-7d68-4b8b-a10a-8d5704b5be65.jpg,1.2544335277198115e-06,0,0.5
843a47f9-832a-46c1-9219-f5f7b0ea7412.jpg,4.701554701114219e-07,0,0.5
8443545c-8c1c-468e-aae7-cd048361cec6.jpg,0.4946708381175995,0,0.5
844b9922-30ec-4f11-846e-a340f379eae5.jpg,0.0011399578070268035,0,0.5
844d0633-b18c-4b85-beb4-d751b7017486.jpg,1.5304594853660092e-05,0,0.5
8456ea5f-6bf3-412e-88f9-909a4bdf980e.jpg,0.0008597177220508456,0,0.5
846420fd-4401-4504-9ec9-419ffd2d5951.jpg,0.7245720028877258,1,0.5
847bfa95-19ee-4d1a-b69d-88dd474ae630.jpg,5.9453856948721295e-08,0,0.5
8481e590-c3db-4575-8cb4-1020cae1515e.jpg,5.913283751546317e-10,0,0.5
8490bec1-c4b3-4da9-b2e1-d6b60a546ccc.jpg,0.008762054145336151,0,0.5
8497755d-f323-4af1-b49e-718c643ebf0e.jpg,5.635999968944816e-06,0,0.5
84a0bc68-1e6f-4dbc-af63-a8aa9527b848.jpg,2.4888591724447906e-05,0,0.5
84b26a92-1291-406a-9e26-31ef020bd78f.jpg,6.81882374919951e-06,0,0.5
84ba2138-6c81-4fb4-88d2-c63cbef06cce.jpg,8.449403310351045e-08,0,0.5
84c0f9d7-162d-4d13-a26c-7848ee387dd1.jpg,0.03197470307350159,0,0.5
84d678e5-4615-48ba-a0d7-d454d8bdc239.jpg,0.017611565068364143,0,0.5
84dc356f-6c3a-4c48-9c94-4361e4028236.jpg,2.1026410195190692e-06,0,0.5
84ddc6db-ef8e-4e32-ab6a-840ee97b8e7a.jpg,1.3136383358869352e-07,0,0.5
84f7fa8a-cf09-4d3e-91c7-55e0714d05d6.jpg,0.00029254218679852784,0,0.5
8502e983-2a00-4b76-a72d-50ac48db6525.jpg,0.026143934577703476,0,0.5
850698b6-67a2-4b54-9cb6-01b63f61c1ab.jpg,0.02424037456512451,0,0.5
850772fe-948e-482a-88d2-273ad6dbde3a.jpg,0.01891649141907692,0,0.5
850d768c-3fc7-477e-a8be-b78bb9df2fc9.jpg,0.0002802264934871346,0,0.5
8513e070-28c0-4b46-9a28-f6a1753f7951.jpg,0.03028504177927971,0,0.5
8529af0f-1b06-456f-8ad7-208b2c78186a.jpg,3.1520341963187093e-06,0,0.5
85335712-1372-4f5a-bf7f-eb1d24e11a5a.jpg,2.1855270460946485e-05,0,0.5
85341846-dc54-4b8b-bd63-9461fc5a41b3.jpg,0.047800734639167786,0,0.5
8536e176-7262-4b9a-9fe9-c7ca2abb4de8.jpg,0.00017264463531319052,0,0.5
853b9be3-e620-4734-806a-3a64a4b19795.jpg,2.555615807864342e-08,0,0.5
853f7ba7-52f4-4a64-b2cd-a7abc7534dbf.jpg,5.7079536652793195e-09,0,0.5
85423ed9-1247-4508-9529-57c8c1e732db.jpg,5.020161552238278e-05,0,0.5
85460c59-abc4-449b-92a7-c37a65ead0c7.jpg,2.451322416163748e-06,0,0.5
854cf2ba-97b2-4629-96e6-8373f4eb6cdf.jpg,9.232746378984302e-06,0,0.5
855d8940-221e-4042-8dcc-020b73311af3.jpg,0.003776222700253129,0,0.5
85600dad-e068-4d35-9a97-2ab56d805864.jpg,3.6305934258962225e-07,0,0.5
85637c4d-6529-4a9c-a2aa-ff626e27f7a7.jpg,0.10786071419715881,0,0.5
856e58f4-dc2c-4446-943f-6c154b0e2e18.jpg,0.02308872528374195,0,0.5
858023c0-a6d6-4eef-b7fb-adac7db5e25e.jpg,2.787745927435026e-07,0,0.5
85887e68-3d3c-4476-8f10-8d9fa571a344.jpg,0.0028343512676656246,0,0.5
858da094-ae4d-43d2-a6d4-5944ad818005.jpg,6.591283454326913e-05,0,0.5
859bdeda-ab6a-409f-9f44-55b5f71cce17.jpg,6.22300149188959e-07,0,0.5
85a3b13d-b4af-4a69-ab41-2d5413d9ac60.jpg,0.00010192109039053321,0,0.5
85b40218-f381-4eb1-96f8-cd4a1596478c.jpg,0.9932019114494324,1,0.5
85b8be9f-950b-4de3-8198-ec1c7e253cc8.jpg,0.0005659291055053473,0,0.5
85b9559b-729d-4984-9cbf-f17c4403003c.jpg,0.024821799248456955,0,0.5
85b96298-ce1a-42ed-8428-f047f36a132c.jpg,1.4922990843047046e-08,0,0.5
85bc8f6f-126b-4626-a817-83519bcdb312.jpg,0.03384322300553322,0,0.5
85bfab4a-1e6c-4e78-8129-6fa7afe4cd69.jpg,0.02369316667318344,0,0.5
85c11d1f-abf9-4aa8-ab91-872b511a3abe.jpg,0.0008181857992894948,0,0.5
85c37bbe-7935-473a-9cf5-f1af35f0e996.jpg,2.0852614397881553e-05,0,0.5
85c48548-a6b3-4848-b279-8466196db736.jpg,0.059399597346782684,0,0.5
85ccf5c7-71ab-4399-b450-9f7ce60f4851.jpg,0.004427445121109486,0,0.5
85d46c98-95fa-43ff-973f-d4d98c2dbc90.jpg,0.0022761598229408264,0,0.5
85dc4e4d-b5e0-4293-9346-da2c8f7a4cf4.jpg,0.006282934918999672,0,0.5
85e53778-3fb8-48bd-8d84-01adc28785b6.jpg,6.99214375288193e-09,0,0.5
85e7384b-d426-46b9-9e7e-8b75d58efa6d.jpg,1.8315624402021058e-05,0,0.5
85ed719c-a67c-4614-be43-350360d18855.jpg,0.004493786487728357,0,0.5
85ef741c-bee1-40d4-a25d-46977ea3c987.jpg,1.3038898032391444e-05,0,0.5
85f9b227-a482-405d-bf84-81670e432ba9.jpg,0.042293623089790344,0,0.5
8603beab-ada9-402a-aad6-2fe0a5071d4e.jpg,0.8082664012908936,1,0.5
8606f38c-7cdb-4f39-a1de-227ba835ba71.jpg,0.040431857109069824,0,0.5
86135339-7809-48e1-a520-a617bf74200c.jpg,1.3980080439068843e-05,0,0.5
86175120-d405-4ae1-a802-54d92e8e8a2d.jpg,6.962428642509622e-07,0,0.5
862234c6-1d4d-4954-b27b-e92ad822b0f2.jpg,0.04206341877579689,0,0.5
8626e7ee-c81c-466f-8e9e-49dc97695fa2.jpg,1.045321596393478e-06,0,0.5
8628dc8a-dc21-4dd0-9d74-457260f23114.jpg,0.0034253690391778946,0,0.5
862d8dd5-2141-4332-a98b-8728a4c2dc0f.jpg,0.0001692052319413051,0,0.5
863aa9b7-4f57-4a58-9882-9f76ce33e847.jpg,1.5271693243334994e-08,0,0.5
8646699e-332a-4e5f-b2c1-566f8e53cbd5.jpg,0.000833328755106777,0,0.5
864dc6e9-a794-4935-bee5-7f992a0e9dca.jpg,0.009449911303818226,0,0.5
86500842-0cd1-436b-8033-e82c1a081bea.jpg,9.051562415152148e-07,0,0.5
8655f710-b072-4a7c-9a86-6478b726b188.jpg,0.006947403308004141,0,0.5
866b5c61-38fa-4f14-8ff0-615a2886455b.jpg,8.662205073051155e-05,0,0.5
867cf4f5-8477-452b-8ce8-35cfbc974d5c.jpg,5.291941462814975e-08,0,0.5
86860056-5595-49f3-bee5-4c84de3e31d4.jpg,0.10288950055837631,0,0.5
86983496-f723-4786-a55f-50f24cfb375d.jpg,5.011121473330604e-08,0,0.5
869b4b7f-29db-4308-a61b-f7e39a4925d0.jpg,0.006617912091314793,0,0.5
86ad9280-149c-4446-8d34-43dc22afeb18.jpg,0.001342802424915135,0,0.5
86aea611-b997-4f8e-9cc2-3dd3bed4b194.jpg,8.508465725753922e-06,0,0.5
86b3b8e3-2793-43b6-b9ef-10cb8fa956c1.jpg,4.965456355421338e-06,0,0.5
86b990fb-e204-444b-8bc4-32f02f7a80a5.jpg,1.477423393225763e-05,0,0.5
86ba06f5-414d-452d-903b-f98ef85af1c3.jpg,3.692517935860451e-08,0,0.5
86bbd96a-0b99-49d2-8f7e-04943df14045.jpg,0.0011276120785623789,0,0.5
86c38b2c-c6bf-4252-9f18-e247a1e665d8.jpg,0.0024331272579729557,0,0.5
86c46539-191c-4d77-83bd-4bcbf0219b78.jpg,1.6499971025041305e-06,0,0.5
86cdd271-d290-4661-89c6-c70c1137302e.jpg,2.8018147697761453e-12,0,0.5
86daa984-7fe9-4db1-8edd-9407e1b36cb3.jpg,2.8844729058619123e-06,0,0.5
86dc69c5-23bf-449f-9925-ea888fd0649a.jpg,0.007096690125763416,0,0.5
86e04bae-4019-4ce5-829f-b99683c5fe34.jpg,7.430456250290263e-10,0,0.5
86e157f9-9e80-4134-b779-98bab82d1463.jpg,0.0664801225066185,0,0.5
86e6f04c-9ecd-4b5d-be32-5014d1602b98.jpg,0.014300715178251266,0,0.5
86f32756-385b-4045-aaca-31a8fcb9422b.jpg,0.0002849808079190552,0,0.5
86fd3aab-d878-494c-8c6a-efd707a92864.jpg,5.158303224561678e-07,0,0.5
87005f22-0a5e-4c61-bd2f-d85e87346cc7.jpg,4.545992396742804e-06,0,0.5
8706bdd9-aa35-494e-a5c1-3f905e97e7b2.jpg,0.0009311519097536802,0,0.5
870abe8b-4afa-42c4-8989-6390278ab660.jpg,0.0006169219268485904,0,0.5
870ace50-a6a8-40a1-9584-4df3b32b7df5.jpg,2.3080947357811965e-06,0,0.5
870b4780-ee19-47e9-9beb-ae592f2ca83a.jpg,2.257610049127834e-06,0,0.5
870c6b78-e2c8-4921-9359-6b849272170a.jpg,0.0032940800301730633,0,0.5
8712ab07-3e0c-4a38-a870-9c9a663a5ad8.jpg,0.020323535427451134,0,0.5
87219360-7366-470d-b8b1-2f3d2f620e27.jpg,2.0721519831568003e-05,0,0.5
87318f1f-8653-4d66-972b-37845ca779ef.jpg,0.003588407300412655,0,0.5
8731b0da-3a61-4725-ba95-2eeef4384ccb.jpg,4.387300577946007e-06,0,0.5
87361667-e1c8-4d30-b8f7-886a1efeaf15.jpg,0.012481862679123878,0,0.5
8737991c-2edc-4320-ae74-364a9d95dd30.jpg,2.797105658203236e-08,0,0.5
8739dee7-029e-4c77-ad53-42f96f064297.jpg,0.21908804774284363,0,0.5
873bb625-7c21-41d8-8d71-037528298411.jpg,2.201727511419449e-06,0,0.5
8743b803-fc6d-4d46-bffe-cd8c7c3b20c3.jpg,0.002316063502803445,0,0.5
874eceec-5157-4fc6-8f3c-1e6c73b3844b.jpg,0.0004537645436357707,0,0.5
87671325-501c-4d16-abc3-603c5caca748.jpg,0.8611207604408264,1,0.5
87705eeb-f8d2-4f7f-82f4-fe8a62718ce6.jpg,4.976468972017756e-06,0,0.5
8784ac4a-a95f-4cfe-9b44-9191c15cbc29.jpg,3.624565215432085e-05,0,0.5
878d5c35-375c-46eb-95ec-aaeee71b4889.jpg,8.054484368358317e-08,0,0.5
8791c874-730c-4abc-ab2e-4404862e0752.jpg,0.054775040596723557,0,0.5
87981347-bcba-46c9-a7ac-1e050ea0a5d8.jpg,0.0004658290126826614,0,0.5
879d79a1-511c-4c13-9537-f6d317969b4c.jpg,0.008129275403916836,0,0.5
87ab3f67-5f79-446b-accc-caa563257494.jpg,3.1961565127858194e-07,0,0.5
87d1e257-fbd2-4795-848e-2ac6cd41c12d.jpg,3.970494799432345e-05,0,0.5
87d6cd36-7dfd-4532-a858-a1692eae368f.jpg,7.1515582931169774e-06,0,0.5
87d731b4-d0e4-46f2-9ba1-c2ccd2b3be61.jpg,0.23738743364810944,0,0.5
87d8bbc7-9f97-4e2f-abcb-e107749d5689.jpg,0.0003498370642773807,0,0.5
87db5488-c288-4123-a5ef-c7460b8db50c.jpg,1.0606620890030172e-05,0,0.5
87dc97e7-18b7-4626-b643-0c3c5ef0872b.jpg,1.67649247373447e-07,0,0.5
87e745f5-5ca6-4760-aed8-3f26abc7e010.jpg,0.03993334621191025,0,0.5
87e8e675-98d3-450f-b8bf-8d47857de4e5.jpg,0.4680315852165222,0,0.5
87f1e359-2388-4893-8982-3b51a9e2d553.jpg,0.0004616747028194368,0,0.5
87f355c5-fb14-477d-9e67-1226fd46cca6.jpg,3.326201976960874e-06,0,0.5
87f4c6d6-93c3-4c14-b70f-393ac83857d5.jpg,0.2698584496974945,0,0.5
87fee9aa-d9d1-43f7-ab8f-e763f5472e47.jpg,3.5900068695582377e-08,0,0.5
88029b64-1187-4c4c-8f5d-4daf14006309.jpg,2.0820296242618497e-07,0,0.5
88063c59-b548-40c2-8116-fe3e5ab485dc.jpg,1.2779802993634348e-08,0,0.5
8813284f-3877-4560-8900-22fb23d079e9.jpg,1.3997576431279413e-09,0,0.5
8814bbfb-4eb9-4e7d-a984-0028edc9e569.jpg,4.780761173606152e-06,0,0.5
881869f6-309b-405f-aa85-b38ae79436e1.jpg,0.0008399824146181345,0,0.5
881c86ce-a58f-4b39-9620-526edb7a3ebb.jpg,0.9302278757095337,1,0.5
88286ab3-142c-41dd-ad18-df969f5544fd.jpg,0.0021442139986902475,0,0.5
882e0e26-2338-4903-aedb-b3c7572b8d5a.jpg,3.372512946953066e-05,0,0.5
88310590-7adf-4041-8576-7264603bbe4d.jpg,0.0013692118227481842,0,0.5
88316fbb-6c02-4f7c-bb64-d4fa0a42a3d3.jpg,0.5693939924240112,1,0.5
883405ab-cd76-4f35-b6a8-d17db8b1cfa4.jpg,1.2537932889244985e-05,0,0.5
8837ca43-75a3-4998-9fb1-fb21af4d2c8b.jpg,4.4983107727603056e-07,0,0.5
883bb90f-7ab2-472f-8e7d-f0da3d507051.jpg,8.789958094723715e-09,0,0.5
8841a439-fbe0-4be2-a674-e0b13ab2b227.jpg,0.7363600730895996,1,0.5
88434131-f53f-4bd7-9892-c6e7815c5a01.jpg,7.10522385816148e-07,0,0.5
8852627d-5ce0-4477-8832-46e25b544d38.jpg,4.049246626891545e-07,0,0.5
88537168-5757-4430-ada7-94430ecafe95.jpg,1.1711613623344164e-10,0,0.5
88638b9f-bd61-490b-8e87-566627ccb5ef.jpg,1.5628923222266167e-07,0,0.5
8867412c-b4f3-4bfd-b0ee-fbc6fc316eeb.jpg,0.00010355200356571004,0,0.5
8868e8c8-e944-4b1c-9be0-867c7123a77f.jpg,0.002543912036344409,0,0.5
886d4d4d-0005-4d41-9d72-5352d2d3f607.jpg,2.392288034336332e-10,0,0.5
88702610-4e25-47d0-bd05-1e6fc5a9a271.jpg,0.00043280181125737727,0,0.5
88746802-531e-413f-9090-22080c2a9992.jpg,5.3089053835719824e-05,0,0.5
8874c348-b166-496a-a92d-afa2c8215d1f.jpg,0.0022092617582529783,0,0.5
88797197-3ebf-45d5-b324-cb250dca801e.jpg,0.001985114300623536,0,0.5
887cfeb4-0a4e-4173-85dd-64b8825ffb37.jpg,0.0002469054306857288,0,0.5
88888dfb-2a71-4819-b690-53c81a235b93.jpg,0.7917830348014832,1,0.5
88894db2-b98f-4882-acde-f3d4f08eaf50.jpg,0.21199731528759003,0,0.5
888b04fb-4d79-4d36-a2de-cef277824a70.jpg,0.0018184937071055174,0,0.5
8896f7c9-e7bc-4397-8f8f-c36037edd430.jpg,0.019162947311997414,0,0.5
8898d8d8-9d21-4ddc-9438-a42449fde7b4.jpg,0.15195949375629425,0,0.5
88a2152f-a77c-4878-a675-5bcd6723278b.jpg,1.796605531012574e-08,0,0.5
88a4165e-015f-4fe0-95fc-825b859fa162.jpg,5.271928671390924e-07,0,0.5
88a5feb5-d263-4ab2-9bd6-a41df01a1b5d.jpg,0.0004870720731560141,0,0.5
88a6a417-73a9-4128-987c-497ecf326383.jpg,9.096943358599674e-06,0,0.5
88aea6cc-b0fd-4ae7-8b77-8fd28808acb5.jpg,0.004262047819793224,0,0.5
88b74567-4946-47f6-8df0-42b3a2d5f27b.jpg,0.000661760161165148,0,0.5
88bacb7e-71dc-4b13-a4a9-c2178f99f7dc.jpg,9.999268080207457e-10,0,0.5
88c3d3c6-e829-427c-bb59-23aa97073972.jpg,1.3878156096325256e-05,0,0.5
88d88a87-d794-4621-9a32-c65c07caa45b.jpg,0.22495009005069733,0,0.5
88db4b51-110c-4014-b48e-d171af29aa53.jpg,6.674687469399032e-09,0,0.5
88de6032-144a-4fe6-b8e1-e78ceb306f3f.jpg,1.7952700659407128e-07,0,0.5
88e00909-0f23-4ebb-9f08-00f44d6445d8.jpg,0.003474781522527337,0,0.5
88eba9e3-7f2f-46a6-b504-d4f6cfeb9733.jpg,0.9928642511367798,1,0.5
88f7eef6-9165-4154-b90f-3fb57d78f99b.jpg,5.9960675571346655e-05,0,0.5
88f96dab-091a-44c0-a6ee-f2ba80c7ae3a.jpg,4.5991487240826245e-06,0,0.5
88fd15a4-9908-4371-89a1-ff4de0dcd393.jpg,3.463117934643378e-07,0,0.5
88fd79bb-5118-48fa-a30e-8505c46f08ae.jpg,0.0004424158250913024,0,0.5
89038517-940d-44cf-9856-8e7ddbb1ddf5.jpg,2.9112856282154098e-05,0,0.5
890e8210-d363-44c0-8d3d-179bbfa4b9c3.jpg,0.0001330248051090166,0,0.5
891782ea-c32f-42b5-b9b1-f7871d8a35b3.jpg,4.203157821791592e-09,0,0.5
8924806c-2ead-4ee7-accb-ba17528f1e2a.jpg,0.0006750993197783828,0,0.5
89257c79-ca80-4085-9c2a-7c6bdcc336ac.jpg,0.007169255521148443,0,0.5
89260042-4a38-4ce7-a6ee-3f7dcfa10372.jpg,0.0002896337828133255,0,0.5
892ed24b-be7d-40ff-8acc-a7440d8761a2.jpg,5.514502632308904e-09,0,0.5
892f73d5-1627-4be7-8b33-19cbdf576c0f.jpg,4.592932256741733e-08,0,0.5
89321e81-802f-440a-8438-dbb7c1b2e952.jpg,0.000836334889754653,0,0.5
893f798a-b5fb-4249-b6a3-2528cd616ce8.jpg,0.00028958547045476735,0,0.5
894b14a8-ff32-4c2d-b133-418393561677.jpg,0.007407689932733774,0,0.5
894bebd5-1fab-438e-a2c1-cadfde961574.jpg,0.005356953479349613,0,0.5
894d7d39-808f-40d3-91e2-77be11386948.jpg,7.512826414313167e-05,0,0.5
89500ef4-96da-4758-a015-7799758fee2a.jpg,1.4896854736434761e-05,0,0.5
8952b6a9-0a6b-4a21-aee0-c5b924824a1a.jpg,4.1329246869281633e-07,0,0.5
89548eec-e090-42c0-9f94-638a7ab5f2d1.jpg,4.311092652642401e-06,0,0.5
895a4ae3-6eae-45ea-bdb4-ebb9558756c4.jpg,0.0005722216446883976,0,0.5
896a88a1-d3ff-4f76-9808-8b5a6b9aa687.jpg,1.0523958593466887e-07,0,0.5
896c393c-953a-4d46-a980-11824746843f.jpg,0.9159187078475952,1,0.5
89767e5f-d5af-4c14-b830-52240c3a7e26.jpg,0.00047093667672015727,0,0.5
8976864d-e96c-4831-8331-7fe5a33b8a87.jpg,2.888275209278479e-11,0,0.5
897cf9b4-b144-40ed-bbac-d4d060779e0b.jpg,0.0006045128684490919,0,0.5
897f101e-9458-4642-bf77-0235f1dc903a.jpg,0.0010594881605356932,0,0.5
8986aeba-b56f-469f-9347-6fb31a276f76.jpg,6.048256864232826e-07,0,0.5
899276e8-107b-4fd8-b328-b4061ee4cc34.jpg,2.0558351820909593e-07,0,0.5
89a51fd2-f4b8-4f85-b1fe-6abb74cccd95.jpg,1.090145633497741e-05,0,0.5
89aa6d23-1478-4437-964a-9a9255018115.jpg,1.5513075268813736e-08,0,0.5
89b5d76a-fb3d-4eab-ae89-d24fb378e3bc.jpg,0.0004702639707829803,0,0.5
89b8384c-5eae-4ac5-b88d-e91aecf00577.jpg,0.0012392051285132766,0,0.5
89bf34c5-0df6-4934-ba94-bc8f03bc520e.jpg,0.024749446660280228,0,0.5
89c81a4e-5982-4976-b98c-fe22c29879c2.jpg,1.1287806955806445e-05,0,0.5
89e5ab46-e054-479b-bddd-86e87eae72c8.jpg,4.51839774484597e-08,0,0.5
89f9a417-8be0-4f9a-a156-7af76e4f4bda.jpg,0.0005147237679921091,0,0.5
8a02c212-9507-45e1-8298-d2971831427f.jpg,0.01946251466870308,0,0.5
8a12808f-8ad1-4e50-b722-9d4a2920d901.jpg,6.719631101548273e-11,0,0.5
8a138372-38f1-4e4a-8fa2-4976955aaf7f.jpg,0.018907392397522926,0,0.5
8a165d4c-67fb-4e7f-8f9a-182d426df027.jpg,0.14427870512008667,0,0.5
8a1a11db-b508-4875-ae5b-3a4efc1dd2bd.jpg,0.057135209441185,0,0.5
8a1d7e0a-02de-4cfd-8533-d4d361ee145e.jpg,0.0002912633935920894,0,0.5
8a2d82f8-c203-432b-b7d8-60b5c00c368e.jpg,6.1715661558992e-07,0,0.5
8a43a079-8841-474d-9b42-7053f22fd5b8.jpg,1.917764393510879e-06,0,0.5
8a709b27-eeb4-4919-a231-e73b909e9f5e.jpg,9.84156766498101e-12,0,0.5
8a8c8e00-df87-4570-be32-98297d6b13ce.jpg,0.0006899057189002633,0,0.5
8a915482-c0b9-4c5f-ac8a-c73af17e4380.jpg,4.312054898036877e-06,0,0.5
8a960e34-284b-4988-a829-89b35116f620.jpg,0.006594805978238583,0,0.5
8a987e9e-61f7-4d3e-8097-5e98ea2a83d7.jpg,1.1876899463914015e-08,0,0.5
8a9a6588-5a13-44e3-b321-76bcf7db327f.jpg,0.14999660849571228,0,0.5
8a9d83c7-25b7-4e87-b77c-4ff648da0057.jpg,0.41840171813964844,0,0.5
8a9d9af0-e475-4f82-b16d-30b4d3225d1f.jpg,8.424840780207887e-05,0,0.5
8aac7ce0-3f6c-41e5-8c39-c3dde76d0886.jpg,1.4456637472903822e-05,0,0.5
8aafb0d6-4991-4557-8172-693addd2ccb2.jpg,1.1570782589842565e-05,0,0.5
8ab56627-1d30-479d-8422-c656ee6c6317.jpg,8.872412763594184e-06,0,0.5
8ab87195-fde6-4499-bdde-740a59b0574a.jpg,0.0001653335348237306,0,0.5
8abbe077-f33d-4353-82e6-4a489e92ec6f.jpg,0.05153271183371544,0,0.5
8abc8e12-57fc-40b1-bb05-a3d755032a76.jpg,0.00013167520228307694,0,0.5
8ad2ffaf-6c07-4b64-9d49-b282223cb74f.jpg,1.4364932212629355e-06,0,0.5
8ad96dd7-8d77-4ab4-9358-201af4b41ea3.jpg,7.012377789550328e-09,0,0.5
8ae90c58-a9e0-458a-b24e-b5bf4dd1a64b.jpg,2.8675151497736806e-07,0,0.5
8af9ccd1-6a7c-4afd-925e-2627e793278b.jpg,9.504229865342495e-07,0,0.5
8affe82d-da8f-4469-8865-35b2e1edc21a.jpg,3.5856817703461275e-05,0,0.5
8b029f38-7e5f-498b-b6c5-f6c69ce47279.jpg,0.007204645778983831,0,0.5
8b1d6a41-c0b6-4011-860f-4165a228d4aa.jpg,3.2267573715216713e-06,0,0.5
8b2574e1-dea4-4d22-87e9-3d3d8007422b.jpg,2.1845309674972668e-05,0,0.5
8b272418-a5f4-42d8-8554-8bb31fb7ea8c.jpg,7.166689641735502e-08,0,0.5
8b3361a9-e218-4204-9b3c-9117ca01d345.jpg,0.01836262457072735,0,0.5
8b38e9c8-0643-4984-b7fc-33e0a8901c3d.jpg,3.031559359101266e-08,0,0.5
8b3e9cf5-786e-49af-a05b-17c46939e25a.jpg,0.029759474098682404,0,0.5
8b3f23a9-80d7-4429-94ff-71ab67f36017.jpg,1.9969281765952474e-06,0,0.5
8b4472ae-acf9-4224-8a2b-fba43e9fa829.jpg,3.3522323974466417e-06,0,0.5
8b480558-6f05-45d1-942c-6cd1a6d3f584.jpg,0.00011411651212256402,0,0.5
8b52de10-ceb0-4f65-a543-7789307471b3.jpg,4.2563775082271604e-07,0,0.5
8b594f9c-6c4b-4493-b18b-6146822b14a1.jpg,4.575638286041794e-06,0,0.5
8b5d9e42-48b8-4a25-bf89-7b811f33c429.jpg,1.8961724551624926e-11,0,0.5
8b76cf33-93a5-43cb-afb2-4f3ead4193a0.jpg,1.5184027368775332e-09,0,0.5
8b788fda-cc38-41f3-8994-be2fab08507e.jpg,0.019482573494315147,0,0.5
8b88e5f4-0173-4fd8-b008-bae5df534a80.jpg,2.9505890779546462e-05,0,0.5
8b8a81e3-15e8-45a4-a7a9-a766d6d00cf7.jpg,0.0001541066012578085,0,0.5
8b8caa03-135d-4775-8178-349995b39a6d.jpg,0.00041535552009008825,0,0.5
8b91ee9b-3e31-4582-9c66-23408ba6e560.jpg,2.339568027309724e-06,0,0.5
8ba3be4e-837c-4ea1-a605-f560e715411f.jpg,0.011375858448445797,0,0.5
8bb46783-e2b3-4e30-9c12-40e5c114dc92.jpg,6.276910880842479e-06,0,0.5
8bb572b2-6c55-4aee-9139-49bae73cdf4b.jpg,1.0669014045561198e-05,0,0.5
8bc9f136-0741-43af-b6f1-b508af0bbb50.jpg,2.2804235868534306e-06,0,0.5
8bcebff0-ea46-4408-abb8-9fcd8d25bbc7.jpg,0.02933807298541069,0,0.5
8bdb64fa-8d06-44ec-9306-090ffc03d65e.jpg,0.00012992251140531152,0,0.5
8be965ba-eeb8-4c72-98ae-81c0e509d116.jpg,3.90575805795379e-05,0,0.5
8beb9d6c-8657-4b47-8215-9fb9e10dfcf4.jpg,1.5916679529937028e-08,0,0.5
8befe398-b834-425f-a5a7-2d71b0de455c.jpg,4.5462942921403737e-07,0,0.5
8bf031b7-ccde-4c89-a9a1-f1f96a8c6131.jpg,0.029421880841255188,0,0.5
8bf58c0e-f7cf-423b-a8c3-1cd2972de15a.jpg,2.4457315817016934e-07,0,0.5
8c03a573-9936-4083-bb89-cdc1e7b4e207.jpg,0.32704639434814453,0,0.5
8c09db4e-8709-48a8-b754-cab7c30891a2.jpg,0.0001999959204113111,0,0.5
8c145ffa-b4d1-4145-9a9e-e9f463d701e9.jpg,0.0010698201367631555,0,0.5
8c15e806-d26a-4dfc-85e3-530fbbdd4d2e.jpg,0.00368086202070117,0,0.5
8c1913f8-6cf3-4dc9-aaaa-55e88a6f796c.jpg,2.7456728002306363e-09,0,0.5
8c1ce344-35d8-4735-ac44-d99019a192e6.jpg,4.380175155915822e-08,0,0.5
8c1d170c-2ff9-4d55-9eac-5247a23b55a4.jpg,0.013125562109053135,0,0.5
8c1eb657-40af-477e-9a96-8d56acf481e2.jpg,0.08400921523571014,0,0.5
8c24de65-612b-474f-bcec-b53298161443.jpg,3.957698595513648e-07,0,0.5
8c2d0a67-e73b-43e4-a35d-ce35e6c633a6.jpg,0.0007550889276899397,0,0.5
8c35ee73-f1f2-47d0-b344-df659b63c619.jpg,0.00031041985494084656,0,0.5
8c43d989-be48-4d50-81e7-c32203a8a556.jpg,2.036850492004305e-05,0,0.5
8c44ad14-3ebc-4f45-bde2-63e1ab290d70.jpg,6.3495931499346625e-06,0,0.5
8c497777-67a5-465d-848e-fe2e2b86b097.jpg,0.00024848320754244924,0,0.5
8c497a80-d1a2-49bd-94ff-8846f04cb308.jpg,0.013410118408501148,0,0.5
8c4aa5dc-60e7-406c-89d2-c7adff71086c.jpg,0.0007510200375691056,0,0.5
8c548ef3-ff43-46fc-822f-2a444d41a8e0.jpg,0.0013179717352613807,0,0.5
8c56e7b0-d31a-41ed-bad3-1d335f718c4c.jpg,0.6691898107528687,1,0.5
8c58ec65-76cb-4157-95e8-5c06bded93c6.jpg,0.0004691348294727504,0,0.5
8c5e66d6-8d9c-4729-9da8-3a8cca4d6a2e.jpg,0.003103413851931691,0,0.5
8c66c69a-8381-40b2-9be0-a456777d35b3.jpg,0.7477783560752869,1,0.5
8c6b0eac-15ff-444a-a967-2f5b9cc791c7.jpg,5.461685077534639e-07,0,0.5
8c71c287-5148-45cc-92e3-09bc8162c8b6.jpg,6.612083325308049e-06,0,0.5
8c7324e3-8e14-47ca-a05f-10fa9bd47b31.jpg,3.4605485144112436e-10,0,0.5
8c8083a2-4f85-4ace-ae8e-f9a71624bdc6.jpg,0.003945177886635065,0,0.5
8c80d730-c99d-4cd0-a9b0-c4f3a1df4bef.jpg,0.05570491403341293,0,0.5
8c87f99e-cdeb-4aab-bc70-f3ed7d8ee1d9.jpg,2.228819539595861e-06,0,0.5
8c8bfc9a-7c0c-4386-8f6d-1c346b9664ba.jpg,0.4920658469200134,0,0.5
8c8c3eb1-0169-4b7c-83ff-59e73a44d03f.jpg,0.16696415841579437,0,0.5
8c8da5f8-f1c7-490b-893b-621e6cc26b7a.jpg,0.0019213504856452346,0,0.5
8c8dc6af-d749-4319-a637-0dbc783a42c7.jpg,4.060277933604084e-05,0,0.5
8c9002a7-de0f-4a75-8c31-aed3e704e928.jpg,1.9540562223863134e-10,0,0.5
8c97a393-4cfd-4fef-82f1-fb82c18653bd.jpg,0.006488780025392771,0,0.5
8c9a8775-631a-4b27-8f6a-2a04b005e75d.jpg,5.4193311370909214e-05,0,0.5
8c9ae0fe-e819-42d9-9272-71a394edb8b5.jpg,1.9949923171225237e-06,0,0.5
8c9f168d-ebe4-42d1-ad4e-70025bdac35f.jpg,0.5665011405944824,1,0.5
8ca13dea-4e8b-4ae1-82ec-01900b45b951.jpg,3.0435173812293215e-06,0,0.5
8caee22b-9ac3-4c7e-b9a2-c5b59b69112c.jpg,2.5799971581363934e-07,0,0.5
8cb8dea3-b901-4cdb-9baa-b9a9f528b8c4.jpg,0.8356562852859497,1,0.5
8cbb06ae-2239-4ef2-b505-6d7163739612.jpg,1.2323102538402964e-08,0,0.5
8cbb9437-c39d-420e-936b-693d3520333c.jpg,1.1782768893908724e-07,0,0.5
8cbf54a0-bdb9-46e2-823e-a10db3be9ba2.jpg,2.5988888124883758e-11,0,0.5
8cc1ed05-5c8b-46f1-a114-0a9739bde8b3.jpg,0.1445167362689972,0,0.5
8cd58cd1-65dc-42c3-8eeb-9af401760adf.jpg,2.4187147573684342e-06,0,0.5
8cdba336-5a0e-4599-98d2-4dc4bd426f05.jpg,2.36867545027053e-05,0,0.5
8ceb0faa-232e-41f0-bb0d-20f72168d664.jpg,0.006510024890303612,0,0.5
8cecf9a9-c510-4c81-a0e8-829b5c79b50d.jpg,0.03180090710520744,0,0.5
8cf26732-84df-465f-bfe5-f853c85b7ede.jpg,7.277850818354636e-05,0,0.5
8d0b173f-df9a-49c1-a17f-9ec9b82d8529.jpg,1.6590431073382206e-07,0,0.5
8d0bb56d-ff6b-4d44-b2ae-a8c7a3b9ca23.jpg,0.00031469017267227173,0,0.5
8d0e4c13-3261-4de3-a0c8-8d80ac895d13.jpg,0.00023681693710386753,0,0.5
8d1a8aea-acb4-4419-8fc1-329241cdf13f.jpg,4.8824883691622745e-08,0,0.5
8d1a95bc-1ae6-44fa-b92c-f864440bc891.jpg,0.020926525816321373,0,0.5
8d2988b6-ee45-472b-b5ae-664ce2400509.jpg,0.0010283122537657619,0,0.5
8d2a4e3b-c49c-4f76-946e-1acc8719c7e2.jpg,0.0052011627703905106,0,0.5
8d36a982-89c6-4818-b357-abbce4330753.jpg,4.4814402144766063e-07,0,0.5
8d36bb98-100d-46b4-a2dd-697c7479f9cb.jpg,2.2518515834235586e-06,0,0.5
8d3e4fc7-fc1e-4eb7-acea-1de0cc5bbd1c.jpg,0.000110411383502651,0,0.5
8d49acb5-44f5-4721-96ab-5137544eacc0.jpg,1.1945211326747085e-06,0,0.5
8d51e549-3cbc-477c-936d-c8e6dac1207e.jpg,0.0003452140372246504,0,0.5
8d546051-e4e1-4fdb-80dc-7d24f1a69a51.jpg,0.0030491810757666826,0,0.5
8d588bb3-d160-4f47-9e90-d30d301cf7a0.jpg,0.2091083824634552,0,0.5
8d60d8df-027a-45f2-9801-5eeecf2bca50.jpg,5.228562827142014e-08,0,0.5
8d64c800-8d17-4e76-bce2-7d7c8649fc4e.jpg,0.03420214727520943,0,0.5
8d685e23-910d-4fe0-b176-e4845c814552.jpg,1.675895511255021e-08,0,0.5
8d73eea3-0b73-4149-8691-297a9395da64.jpg,1.055183744824717e-07,0,0.5
8d7e5785-1276-4122-ac5a-2fc1fe57cc97.jpg,2.3346969101112336e-05,0,0.5
8d821885-f8df-439e-84e0-e8e09cbacfea.jpg,0.02508162520825863,0,0.5
8d84db89-7bc7-4d2c-bdb5-88f6b87ca30b.jpg,5.393551987253886e-07,0,0.5
8d8bc13d-9755-48bc-bf0e-dc59181dc089.jpg,6.20425585906581e-11,0,0.5
8d943f05-bae4-46b8-a091-06dad18b8e82.jpg,1.922665433085058e-05,0,0.5
8da1191b-979f-4bc9-9b34-e09f2df510b9.jpg,1.5683540368627291e-06,0,0.5
8dbb6bd8-6e73-40fb-ad19-e589da95bc35.jpg,1.1028452718164772e-05,0,0.5
8dbbbbf5-7f62-4273-9ad5-aa852f820bee.jpg,4.051467476529069e-05,0,0.5
8dbe89b0-529f-43b6-841c-64dd507a088c.jpg,0.013411727733910084,0,0.5
8dcfe9bd-ec0f-44d7-acde-95510e724207.jpg,1.870381538537913e-07,0,0.5
8dd5d8c8-1c06-45b2-bf19-06ae93c02727.jpg,6.884557024022797e-06,0,0.5
8dd94e39-9bf3-47a9-a51a-59762ec96caa.jpg,3.5540216603013874e-11,0,0.5
8ddab35c-7028-4130-a138-da46126e304e.jpg,5.727991592152648e-08,0,0.5
8dde48b3-677c-402a-bfa4-444d683356c7.jpg,1.2815685401790233e-08,0,0.5
8de203be-9db3-438a-bf6a-1e576bf17d9e.jpg,0.0012072243262082338,0,0.5
8df19b67-59e2-455b-bb55-dc672f31118e.jpg,5.60984990443103e-05,0,0.5
8df97a61-ed27-40c5-8d2b-cabfd5dfe115.jpg,6.9354115112219e-05,0,0.5
8e03b829-4a50-4123-9aef-41a214b998ac.jpg,2.3122249331208877e-05,0,0.5
8e077f53-a9ce-4256-8132-fa5ffd11b7a4.jpg,0.006712460424751043,0,0.5
8e09eaa5-e49a-46e6-bb42-43704fec6993.jpg,0.001959003508090973,0,0.5
8e196901-9b15-41df-8d7d-dc390e0ee8bb.jpg,0.00015440417337231338,0,0.5
8e1bcc51-170b-4a33-be5f-812a1a49ad3c.jpg,4.7460563257217814e-11,0,0.5
8e1d2fc5-8ede-4776-9b73-0262ec13f1d4.jpg,4.614375086475775e-07,0,0.5
8e2f8dc9-3dc3-4b9d-b2aa-7130c144fce7.jpg,2.2217096557142213e-05,0,0.5
8e39da2a-a719-4cf1-8a81-40656908cb76.jpg,0.003391420701518655,0,0.5
8e3e348d-68c6-496d-a448-db9d34c848ce.jpg,6.472106906585395e-05,0,0.5
8e5b5536-14f6-4848-ae63-43ff827f0dff.jpg,0.00013630811008624732,0,0.5
8e5f4660-b1d9-489c-984a-effc970c7ba9.jpg,1.6279210512948339e-06,0,0.5
8e617881-43db-4eca-8e97-a4bf43aa74fa.jpg,0.02553734928369522,0,0.5
8e654a9c-27ab-4520-865d-cb8563be46f4.jpg,1.3014721844228916e-05,0,0.5
8e6772e1-2cab-470f-96f9-ab4b8494cb01.jpg,3.7783968309668126e-06,0,0.5
8e6b7871-a230-4aa2-95c7-c2dc7e7b1f80.jpg,0.00024397634842898697,0,0.5
8e71a041-1ead-4c3a-992d-f3d95ffa0f1d.jpg,0.004565747454762459,0,0.5
8e7455f7-5da6-4b0c-a721-323650d21630.jpg,1.8130605212718365e-06,0,0.5
8e7c3926-9b7a-4ee3-87db-eefbc37a1a69.jpg,0.2633172869682312,0,0.5
8e802ea3-3fec-4c86-a7bc-c84ce9614e95.jpg,0.09577775001525879,0,0.5
8e803735-66b2-4bc3-97b6-c5ac8272fe88.jpg,0.0016260149423033,0,0.5
8e808e26-555f-4f88-aff1-c567b2fb8555.jpg,0.09199904650449753,0,0.5
8e8330ff-d462-4240-a135-30d9a9702cf2.jpg,4.664913433316542e-08,0,0.5
8e89d817-9b0a-4b52-a9a5-c9d48917a73c.jpg,2.3055532437865622e-05,0,0.5
8e996ac3-0940-4b69-86e1-8d32e710840e.jpg,0.0002237557346234098,0,0.5
8e9a2c5e-2cd5-427a-a67f-c15dc5940e4f.jpg,2.7226533916291373e-07,0,0.5
8ea459bb-0e96-4e9a-9f5d-7d003c946939.jpg,7.584239028801676e-06,0,0.5
8ea587be-a0c5-4a49-91a3-68086a1da946.jpg,2.4189261239371262e-05,0,0.5
8eac5c3f-c097-4312-b13f-b268db43e552.jpg,2.8220828451885893e-12,0,0.5
8eb3f2ff-6c72-4b7e-89c4-06ef3af20696.jpg,0.005733385682106018,0,0.5
8eb9b7d9-64fa-423c-96cf-d0e8e72145e2.jpg,0.0004977917997166514,0,0.5
8ec3c7e3-cf37-41c3-8d20-d2ee5ccaf889.jpg,0.00011931710469070822,0,0.5
8ece830d-0964-4138-9e5b-9940d1fd2556.jpg,1.456938662158791e-06,0,0.5
8ed3505a-fa11-48e0-81bb-10c0fc90e304.jpg,0.36316701769828796,0,0.5
8ed97d08-51a4-40cf-a797-f84b4d8d9028.jpg,0.0007976480992510915,0,0.5
8ee07345-f8f3-4ea7-bb74-a5f6b946f005.jpg,0.46176108717918396,0,0.5
8ee28bef-e928-4701-8a60-63701b44c91f.jpg,3.527028624716877e-08,0,0.5
8ee71a48-edbb-40f4-aafa-bb4ad5aec24d.jpg,0.0008598532876931131,0,0.5
8eefdd01-a5f8-4a14-b909-ff762db965c8.jpg,0.0003243653627578169,0,0.5
8effb99a-31e7-4575-8f4f-0bd37d4a788e.jpg,3.209228452760726e-05,0,0.5
8f1c1959-2b72-4a49-a36f-3e986aee9667.jpg,1.0209158062934875e-05,0,0.5
8f1f03e8-2a8e-4d67-944f-0e5d1b7e0524.jpg,9.006763113106331e-10,0,0.5
8f1f5290-e0fc-45b7-a8ba-c65a361cc34f.jpg,2.2517328002180648e-09,0,0.5
8f2f063c-22b2-4f7d-9bea-565a190f256f.jpg,3.905467383447103e-05,0,0.5
8f3c23f7-3f0c-4e3b-8007-0b60100b6f62.jpg,1.3107841141390963e-06,0,0.5
8f3fa934-eed5-4ab1-98b9-aae28fa4e0f6.jpg,1.2885807336715516e-06,0,0.5
8f554b55-e45d-4d03-ae46-734a88445811.jpg,0.1169382631778717,0,0.5
8f575e8d-dc20-4aa2-b40b-e322ca20e22f.jpg,1.9011984875305643e-08,0,0.5
8f5b0f2e-a821-49dc-8217-1e0b0a5b5837.jpg,3.917594249003287e-09,0,0.5
8f5f4633-191e-4ff6-bf9d-1b0c933b4420.jpg,0.001239798846654594,0,0.5
8f617ef4-7a49-4722-8565-7c009d2a5f3f.jpg,0.006734193302690983,0,0.5
8f6ed3b6-98a0-4051-b8a6-b264e7d29f03.jpg,2.913675301030594e-09,0,0.5
8f798da6-d86b-4cfb-995a-de611374fddf.jpg,0.0002856851206161082,0,0.5
8f84a379-6ea9-4d16-abd0-f0ccf00bee71.jpg,4.0839779103407636e-05,0,0.5
8f8b0d8f-91da-434f-8de8-69e01b973ea4.jpg,0.09494125097990036,0,0.5
8f8b7f6a-1403-4459-bec5-9cab793dbd14.jpg,0.7980036735534668,1,0.5
8f8e63c3-b5ae-4e05-af5c-f795c03015ae.jpg,1.1797251543710363e-11,0,0.5
8f912dfa-f43a-442c-9f45-3403d8709bd5.jpg,3.3201115002157167e-05,0,0.5
8f95c876-07c3-4ded-9267-1d5da8d04961.jpg,9.99576659523882e-05,0,0.5
8fa80dba-dd70-479f-b6e2-a9d9a345759e.jpg,2.577946725068614e-05,0,0.5
8facaaec-720d-48b1-ae5e-092f08420e06.jpg,8.464459142487613e-07,0,0.5
8fb42c45-d1e2-4359-b821-dfa732b457da.jpg,1.0881191883527208e-05,0,0.5
8fd67fee-7208-47e7-95c0-12bc8aedd490.jpg,0.0002620256273075938,0,0.5
8fdbb412-1be5-4a9d-8bd5-ba3df40ff465.jpg,0.002840435830876231,0,0.5
8fe13366-6847-40c7-b7f7-11a3e6d69457.jpg,6.468861101893708e-05,0,0.5
8ff1da12-b82c-4f45-bcf6-9deab4fe2c0b.jpg,2.2391566290025366e-06,0,0.5
9009d4dc-f320-4bd6-9432-53820db8d8c1.jpg,9.95268601400312e-06,0,0.5
900e8adb-fab8-4b5d-adb5-9c665a4ab836.jpg,8.224647274346353e-08,0,0.5
900fcb2a-dfd1-47cc-a7c9-eb9783c29617.jpg,0.00034619797952473164,0,0.5
9012033c-e199-45e2-bb16-90ebe35c2a78.jpg,0.0034119857009500265,0,0.5
9029b902-0b76-475e-a957-6b957215720b.jpg,0.00015918139251880348,0,0.5
902b2ad7-e643-430d-b6fc-15aaad951c50.jpg,0.3386818468570709,0,0.5
902b4820-5671-417e-8f46-d7da822be931.jpg,2.2504587832372636e-05,0,0.5
90485700-08a1-4321-9e34-098eaa0457d5.jpg,0.2542688846588135,0,0.5
90598e0d-bfe4-4df9-bacd-842f727870f4.jpg,3.6687967508441943e-07,0,0.5
9067d050-7645-4c34-834d-a390c81194d3.jpg,0.0039046599995344877,0,0.5
906f021d-6a9c-4f0a-9e43-3f828f69ac5a.jpg,6.699730147374794e-05,0,0.5
906fd157-754a-40b6-9168-156278430bee.jpg,0.008377584628760815,0,0.5
90739bff-d808-421b-8328-9fb529e69e48.jpg,1.4454724350798642e-06,0,0.5
9078e5fc-8a8c-4a08-9a61-bbb9843bf89b.jpg,0.00025803668540902436,0,0.5
907d0a4f-16d3-4490-ab7b-dc4b60725ff1.jpg,8.809901373751927e-06,0,0.5
907f5395-08b0-4f8e-90f4-4fa1e8f328dc.jpg,5.452846174591741e-09,0,0.5
908bcb9d-9a75-45b1-921e-e042cc696a6b.jpg,0.022887876257300377,0,0.5
90937e00-e2ad-45bf-97ac-d7479055c610.jpg,0.00021370592003222555,0,0.5
909713a9-1c90-4a2a-abc1-51189dd9d434.jpg,1.416144762220184e-12,0,0.5
9099167c-a47c-443a-a827-0da3b9e59839.jpg,5.361424086913757e-07,0,0.5
909cdab2-1db8-4026-87e5-4fdf0c9c6ece.jpg,0.08256366848945618,0,0.5
909df322-f902-453b-8be2-865a3d28c97c.jpg,0.00036872440250590444,0,0.5
909fa9d3-0c3b-4173-949e-08969218656c.jpg,1.7770364138414152e-05,0,0.5
90a0ddb8-8ff3-4835-a29b-f7426320a814.jpg,5.3905155255051795e-06,0,0.5
90a1c44d-b05d-4d34-b232-343b47fbcfad.jpg,0.0005280203768052161,0,0.5
90a2ff8e-b7fd-48e7-9c9c-9abe02225a8d.jpg,0.0643303245306015,0,0.5
90a62ee8-5cc8-4a0f-a097-5314195739cd.jpg,0.8403885364532471,1,0.5
90ae656d-9502-4f3f-a753-34708c8d4656.jpg,0.006268740631639957,0,0.5
90b67db9-b3ce-4e5d-a011-f75676373c6d.jpg,2.3630052510270616e-06,0,0.5
90bb5862-9e07-430d-82bf-81ed54997990.jpg,0.0016459531616419554,0,0.5
90c49e71-d4fa-4d1e-859a-f88bfaa215e9.jpg,7.194174941105302e-06,0,0.5
90c9aade-2cac-4cda-882e-494fc1248ac7.jpg,5.0838725655921735e-06,0,0.5
90cfd342-e0db-498d-b3d5-bfeef18797e1.jpg,0.03004186786711216,0,0.5
90d000cf-5e2c-4a7c-ad6a-ef29b640bc50.jpg,0.002073126146569848,0,0.5
90ea2e2c-9d8a-402f-a3dd-a320e1a5ac5e.jpg,0.00154702493455261,0,0.5
90f34e00-c8a9-444b-9df3-39e5df1a5b9a.jpg,7.325623300857842e-05,0,0.5
90f49439-a317-4831-b28f-be1006cfa07a.jpg,2.2990694417690527e-11,0,0.5
90fa9a6e-700e-4e04-a1c6-531305b35ab4.jpg,1.3125983855388768e-08,0,0.5
91039325-283e-434b-8e8c-d65d650e7954.jpg,0.00044753379188477993,0,0.5
9111c5c9-953a-4faf-99a4-4b1bb84c99b2.jpg,0.02170945703983307,0,0.5
9115dcd5-88fb-49d5-80b1-e85f21b266b9.jpg,1.7204771438628086e-06,0,0.5
9118d2a2-1249-4777-a4c3-0be9ec82a6ad.jpg,1.1835766599688213e-05,0,0.5
911d41ff-86ef-4073-a438-a09d1705a30a.jpg,8.217869435611647e-06,0,0.5
911ff2a9-bdcd-4088-b8a6-7c7501218ccf.jpg,1.2679835492690472e-07,0,0.5
91207cdc-eeee-4bfe-a3d7-f8ab24aa3596.jpg,3.2040668884292245e-05,0,0.5
912af08c-7cd5-406b-88b4-8ed6612c3fd8.jpg,0.00018445590103510767,0,0.5
913af03e-e7e6-40e9-8a17-3d93a2f75413.jpg,0.005765961948782206,0,0.5
913bc1be-a0da-4566-9b37-b315da1c3654.jpg,2.2698375232721446e-06,0,0.5
914846a2-a97f-4adf-9039-f39a70e6c2a1.jpg,0.0001123875699704513,0,0.5
914b2307-40ba-483a-aabf-8996ac9bb8d6.jpg,0.000344294763635844,0,0.5
914c629a-219a-49c0-b662-e2699a555a28.jpg,5.155538929102477e-08,0,0.5
91584d8e-baec-420e-b6aa-1193636df3cb.jpg,2.3052955100411054e-07,0,0.5
915ea2dc-0bcd-4fdb-af9b-dba3f6539795.jpg,0.0006282197427935898,0,0.5
91644ef4-019d-4c13-b907-56d84f489be6.jpg,1.4492903801510693e-06,0,0.5
9171e055-8068-469e-b84e-054b423f31b2.jpg,1.094618892238941e-05,0,0.5
91757443-184e-4545-9aa6-3dd5244c3d78.jpg,0.0014472315087914467,0,0.5
917e5299-f7bd-4fd0-8cb9-a87da667c581.jpg,0.0004662979335989803,0,0.5
91800580-9d19-491b-aa21-1d24bcb24544.jpg,0.00010596952051855624,0,0.5
918bf6fc-90c3-4320-a05f-5ff2b3bfcde4.jpg,9.403288814269217e-09,0,0.5
918de5a0-aa9a-4960-8fa2-2351183cc543.jpg,0.008240696042776108,0,0.5
91960dff-ade1-430c-91c3-dd3d6c638b8a.jpg,0.002584911184385419,0,0.5
9196d264-aadf-40d0-9e18-9da33bf94667.jpg,1.0715469215938356e-05,0,0.5
91a6f81b-2493-473b-a43b-e61e4ee66c45.jpg,4.198476011296748e-10,0,0.5
91a92f3c-f3dd-4f83-9a5a-752a43582b8a.jpg,0.00018598194583319128,0,0.5
91b11315-f87a-4d8f-8cbf-f893fda04e15.jpg,9.77185209194431e-07,0,0.5
91b82d2d-58dc-41b7-baf7-7ac910c20c56.jpg,2.2631351384916343e-05,0,0.5
91b832ec-6c2d-4ab5-aec6-b6213fd572ac.jpg,0.04433027654886246,0,0.5
91c3b897-9340-44ce-9afb-f457915594ed.jpg,0.37432023882865906,0,0.5
91d88743-55a5-40d5-80f4-46ca088ed100.jpg,8.817690968498937e-07,0,0.5
91df0a27-caa7-4c9a-8806-430d30b9e803.jpg,0.1380895972251892,0,0.5
91e2941c-aa78-4490-ae47-81a8bdb59453.jpg,0.00011445477866800502,0,0.5
91e59aed-0b73-44b4-8ac7-291b09abc7ad.jpg,6.888114148750901e-05,0,0.5
91e7289d-3ebe-4b75-ab00-dc5ec0b9f91d.jpg,2.652679177117534e-05,0,0.5
91ec297f-e991-4666-9bde-dae50df46e2e.jpg,2.0679046031091275e-07,0,0.5
91f14bbb-b50f-4e34-857c-7131a55a7a2a.jpg,0.0004672537324950099,0,0.5
91f56652-41e3-41dc-8f0e-5d080d5016a8.jpg,7.676599800277017e-09,0,0.5
91fb25b4-8cfd-42d4-88fd-8fc930ba4117.jpg,1.0967934940708801e-05,0,0.5
9208f0b3-244b-41d9-8936-a78f4c783655.jpg,0.06773485243320465,0,0.5
920c30fb-391a-4418-88ac-183b82d93a48.jpg,2.5766038902474975e-07,0,0.5
920e80f3-9d42-4ee3-ba10-9fcc8bcd7899.jpg,0.008615173399448395,0,0.5
921db832-5402-4e15-b977-f0b566b9c0ac.jpg,1.6786434571258724e-05,0,0.5
9220a86f-8642-41c9-b04d-fe49ec3dc7e8.jpg,1.1504196208989015e-06,0,0.5
9220f0fa-45d3-44fe-90f2-b2e4488052c2.jpg,1.4263900084188208e-05,0,0.5
9221804a-769b-4ef3-b038-3c73148188fd.jpg,0.013850734569132328,0,0.5
9222b44b-b5ef-4845-a24d-1deadbfdc948.jpg,0.0002670972316991538,0,0.5
92250d6c-323e-448a-9fa8-8260d88070db.jpg,0.015398033894598484,0,0.5
9225f1a9-c6db-40af-968b-485304a0bf0a.jpg,0.0013201022520661354,0,0.5
92264ad3-5ff3-4cff-a552-73766f927a09.jpg,1.8898064126915415e-06,0,0.5
922e9a35-67ba-40cf-b1a0-84a73dd074c1.jpg,0.21182605624198914,0,0.5
9230e8e4-42e0-42bb-8fef-aee82c478bfd.jpg,4.783880740433233e-07,0,0.5
9232bb24-00ab-4b09-98b6-6b289b752c26.jpg,0.002061269013211131,0,0.5
92372e24-b07d-4813-93f1-34213e00b819.jpg,1.9114926885777095e-07,0,0.5
923ad6b8-da82-4534-90bb-83efcb5f4a55.jpg,0.04975182190537453,0,0.5
924856d8-2598-4102-bc04-dd5085cad82e.jpg,4.800022725248709e-05,0,0.5
924c24f8-5b93-428f-bc5e-fdcf96d9dcee.jpg,3.1757575925439596e-05,0,0.5
9252313f-4daf-4c35-bcae-e894ff5637d0.jpg,1.6041403796407394e-05,0,0.5
9257839b-6b9b-4a3f-afe3-8dfec0d081e9.jpg,0.0018288393039256334,0,0.5
92580b32-c06f-4121-bca2-d88a6b69e9a9.jpg,0.058359336107969284,0,0.5
925bde2c-23f8-40e2-b0d4-127362f08903.jpg,9.36560973059386e-05,0,0.5
925d77ff-bf06-438d-973e-ad80d36d2700.jpg,0.0011104794684797525,0,0.5
925e053a-279b-4004-9ca9-fc824ba0b2ae.jpg,1.3323375605903132e-13,0,0.5
9278e623-a8cc-4e13-b3d2-0fcdd3b22c15.jpg,0.00010514684981899336,0,0.5
927d6721-1906-4f30-82a7-30c4626e6c57.jpg,0.0027169601526111364,0,0.5
927f9abd-16f6-445c-8b92-7e45ecea0d6d.jpg,0.0014679764863103628,0,0.5
92838cfa-62a2-402f-97f4-0cfd239ff327.jpg,5.07535005453974e-05,0,0.5
92a1cf08-8b8a-4176-9505-880aabe4d381.jpg,0.003889321116730571,0,0.5
92a47f15-23ee-490f-838c-af69bbdaed87.jpg,8.102876147830784e-10,0,0.5
92a6eccf-4a04-47fe-82df-1cf7d8704b5b.jpg,0.09258192777633667,0,0.5
92aa3617-50d5-4e42-8afd-6f3e906ff975.jpg,0.003674247767776251,0,0.5
92ac7da3-8966-4e04-ba82-96b3996315cd.jpg,7.055539299472002e-06,0,0.5
92b06d5c-7841-49b7-97ff-79afac616b37.jpg,0.002935593482106924,0,0.5
92b6358f-39d0-4f69-8f72-68119448cbdb.jpg,1.1305719738174957e-07,0,0.5
92ba436f-495f-4bd6-bdd2-91796507ea11.jpg,0.0005070907645858824,0,0.5
92bba97a-c470-4e07-af3b-e08e664f2742.jpg,0.0005608150386251509,0,0.5
92c8d100-7063-42e4-af89-f7411aa8592d.jpg,0.40109652280807495,0,0.5
92cd386a-30c3-4ed1-8c54-fc09e6b423aa.jpg,3.089961069235869e-07,0,0.5
92d1de7d-61fd-4810-95f5-10323c06ae2c.jpg,5.668399580827099e-07,0,0.5
92d47607-5498-4c47-a01b-4b90d9c57526.jpg,0.0005358083290047944,0,0.5
92d6a73b-5a45-4904-b1b0-ee471f2e7293.jpg,6.205120007507503e-05,0,0.5
92d818b7-ad96-4a71-8e44-dba6fd0e4d26.jpg,0.0656801164150238,0,0.5
92d82956-1d29-4201-b88c-69771a85546a.jpg,0.00010806923819473013,0,0.5
92da9f07-1d96-4406-bce9-80d110372cb4.jpg,3.064492193516344e-05,0,0.5
92e374e7-091b-45fc-91f2-653511b8d446.jpg,3.980409019277431e-06,0,0.5
92e85dc4-1516-4e5c-b502-05b4cb2e9469.jpg,0.01820162683725357,0,0.5
92f71b02-1296-4d23-b26a-96a9affb241d.jpg,1.429372105121729e-06,0,0.5
9310ec79-1fbc-431f-a6ca-92c8abc567b7.jpg,2.679313547560014e-05,0,0.5
93112f08-f774-4d18-85ce-05abff5a96fe.jpg,0.005077357869595289,0,0.5
9319fb76-5c2f-4cf7-a79a-3ea7c2e9fea0.jpg,1.3249659787106793e-05,0,0.5
931c641d-5623-4b15-a40c-0b88877b55d4.jpg,8.733307481634256e-07,0,0.5
9324c191-2ad4-4b65-84bb-5c8bbfa9e5ea.jpg,3.849447427484165e-10,0,0.5
9333d64a-d21a-412f-9d5b-ecd278158cef.jpg,9.189586126012728e-05,0,0.5
933569c7-d567-4623-9f12-28dad8cfdd46.jpg,4.731133230961859e-06,0,0.5
933606c1-2b2f-4b47-8224-36b56a892e17.jpg,0.0009199731284752488,0,0.5
93395353-9c1a-43c3-bb0a-af5ac4201750.jpg,3.248401299060788e-06,0,0.5
933e6787-65aa-41cd-aab3-2c7eb500720b.jpg,0.029891518875956535,0,0.5
93433dc2-882c-413e-b413-bf8a8573bc2f.jpg,0.0264376662671566,0,0.5
935a75ff-58b8-4999-8e18-144f1fc354a2.jpg,2.213056359323673e-05,0,0.5
935ffd49-61f1-49f8-81d5-04ddf1a4d0ab.jpg,0.000485781958559528,0,0.5
936c8090-5bd5-4a70-91f6-a908896b5d9a.jpg,2.2281492420006543e-05,0,0.5
93731409-ca04-491e-be33-16b819d4568f.jpg,0.00017814707825891674,0,0.5
9377470e-2183-4401-b96f-bc2dabff7b89.jpg,0.0005344561650417745,0,0.5
937880c3-e43f-470f-ab65-174ddac3fae7.jpg,0.03408750891685486,0,0.5
937ac254-2e95-41e2-9529-1d8fa11b9204.jpg,0.0019315648823976517,0,0.5
937c64bd-aa61-4600-ac60-4bbfb7ddefc8.jpg,0.19306862354278564,0,0.5
93867741-37d7-4f7d-b239-af9f794a8116.jpg,3.8709430327799055e-08,0,0.5
938bd625-0f20-4abf-8978-fbe264e402b8.jpg,0.36954811215400696,0,0.5
93967c1a-435f-4129-beca-e071fad9404a.jpg,4.083783278474584e-05,0,0.5
939f0508-80dd-48fb-89b4-fb8f59f22421.jpg,8.863930700542255e-10,0,0.5
93b4aafe-5292-487a-bd8d-66369f67078f.jpg,0.006138956639915705,0,0.5
93bf5aeb-d53d-4371-a421-eafd8dafb401.jpg,0.00019357644487172365,0,0.5
93c6c481-4707-4723-b666-3ce73f1fbb05.jpg,3.874392717762021e-08,0,0.5
93cdc34b-0e9e-418a-993a-f9356a1f39ad.jpg,4.126706976137484e-09,0,0.5
93d78be5-3601-4c3c-8f6d-905a392f016c.jpg,0.0001152224067482166,0,0.5
93dd9818-3ec5-4512-ac5a-64d15a0aa25a.jpg,0.00612154183909297,0,0.5
93de63e8-36d3-4fd1-9c98-41c67a297a5d.jpg,0.008685716427862644,0,0.5
93e264f0-4e50-46f8-8a07-ab2d5ef33339.jpg,0.0061291540041565895,0,0.5
93e4cccd-d110-4ba7-8bb3-0b379208c620.jpg,0.0026116252411156893,0,0.5
93e5e6db-0d9b-4a75-bc88-7356e2f2803f.jpg,0.003336165100336075,0,0.5
93e6a8ab-febe-4b87-94af-6d6d82f93883.jpg,0.16856585443019867,0,0.5
93f4bd18-abdd-486c-8103-27098a4d2a18.jpg,3.5535119735641274e-08,0,0.5
93f50eed-886c-412d-81cd-42ff8acb3f0c.jpg,1.773794451764843e-06,0,0.5
93f60f59-d69e-4df7-b9ae-2310bc46e9c3.jpg,2.027124082815135e-06,0,0.5
93f885bd-476c-4c00-b282-93d950dde770.jpg,0.20739863812923431,0,0.5
93ffe7e2-c6ae-4da7-89c8-57fa57d359e7.jpg,1.0547772433255886e-07,0,0.5
940446b8-0daa-43db-85f1-bcecb608f3a8.jpg,0.02147708088159561,0,0.5
94049923-6c78-4e1c-8507-2e6cf05ff09e.jpg,9.197761414725392e-07,0,0.5
9407769b-cef5-42bc-b56b-9678fbdbf20f.jpg,2.82486744254129e-05,0,0.5
94129b4c-1271-4413-baa9-68e3b0e321bd.jpg,0.0001438959443476051,0,0.5
941d40f8-6df2-4bae-a7a9-ff07caac6803.jpg,0.2859134376049042,0,0.5
941e38b8-a739-40bd-8faf-7d92594946bf.jpg,1.8304917830391787e-06,0,0.5
941e4a33-e0b1-4e4d-b559-202b9e92df75.jpg,3.8510123090418347e-07,0,0.5
941fbd73-dd80-467b-bfd7-e3799cd26959.jpg,3.436175120441476e-06,0,0.5
9422c252-7f6d-4090-9892-abdc3cf64a5e.jpg,8.767624848360356e-08,0,0.5
9427f6b3-9755-4b2f-b0d9-9568a4594ef2.jpg,0.001188601483590901,0,0.5
943035e0-6ea3-4e0a-8bfe-0ffb4eab4e5c.jpg,8.520796654920559e-07,0,0.5
9430b97d-32ab-410c-aaf3-697ce4e8f524.jpg,0.5679196119308472,1,0.5
943776a7-8c93-4083-bc91-afa11fe26a56.jpg,1.3298916883286438e-06,0,0.5
943a615b-0599-43d8-821c-e18b0a724183.jpg,7.33909189420956e-07,0,0.5
9444afb8-261a-4adb-9448-b65cc0702b00.jpg,2.822664194393476e-12,0,0.5
944c7de7-278d-4027-9040-7338109fa81d.jpg,5.8363239077152684e-05,0,0.5
9455ba68-016d-4775-acc2-90ef22e5ab35.jpg,0.005731870885938406,0,0.5
945cf7ef-56cb-4b12-80e4-db2496e9bf09.jpg,0.0002489048056304455,0,0.5
94603d48-468c-490b-8db9-19aeb9531aeb.jpg,1.2127883337598178e-06,0,0.5
94650db4-1148-46f3-808d-a76482e66330.jpg,1.1392984333724598e-06,0,0.5
946cb5c5-b058-4130-bd93-c72f2b0f775e.jpg,5.253661947790533e-05,0,0.5
94857bea-5e13-49ff-a538-eb0b833c2749.jpg,0.004332595970481634,0,0.5
948eaf72-4e08-48bb-b7de-91db9fdc1a8e.jpg,0.003938475623726845,0,0.5
949040e3-089c-4fb3-b36e-9f8f75ea09f3.jpg,0.012718642130494118,0,0.5
9494e8f1-4c45-4178-845d-c3137d078272.jpg,0.16416460275650024,0,0.5
949b4e9e-6250-4aca-88f2-08374a544994.jpg,3.9307692532020155e-06,0,0.5
94a889bd-719e-4e56-bc1d-391acd2b0c26.jpg,1.292534932417766e-07,0,0.5
94a92de8-0765-4319-9b16-ef56b02cdaa8.jpg,0.006660524755716324,0,0.5
94ad398a-bb4f-420d-a657-791bc29f0b6d.jpg,0.0023908084258437157,0,0.5
94b0795e-503d-4cf7-87fe-9d12fbd4a488.jpg,0.0008289890247397125,0,0.5
94b6716a-1d94-4df5-9b2a-28d7e103cb69.jpg,0.2136518657207489,0,0.5
94c93bf6-5bf2-4466-823c-dfbcf5bc37fd.jpg,0.00020107738964725286,0,0.5
94d19988-e479-4aaa-9cb0-8e9edc2e02e4.jpg,0.00029064592672511935,0,0.5
94d88373-d304-4564-9339-b5208764d1a4.jpg,1.0543708839350074e-07,0,0.5
94e50e88-fd37-46b3-9108-db717dc0f286.jpg,1.2144210116693532e-11,0,0.5
94ea154b-919b-4000-8694-50b9b6b336a4.jpg,0.0007746469345875084,0,0.5
94f2af1d-a100-482a-9c28-31417aa304b4.jpg,2.4322916942765005e-05,0,0.5
94f88815-eddd-417a-8132-c17f38524b2f.jpg,4.160812750342302e-05,0,0.5
94fc7d50-4d5a-4a98-8e0c-56b75a4d6331.jpg,4.074482603755314e-06,0,0.5
94fdca11-1897-4ace-8591-6bcb1ee06173.jpg,0.5013613700866699,1,0.5
950460a1-e647-4204-bb79-276eda01c639.jpg,0.03993671014904976,0,0.5
9508a32e-5d87-4050-b4be-ccd20cc9b83b.jpg,3.749647476070095e-06,0,0.5
950b619d-41a1-43e3-918e-9e582014cd43.jpg,0.0018343997653573751,0,0.5
950e293f-af37-428c-930c-fe375275d5a3.jpg,0.007078348193317652,0,0.5
950f4a53-56c8-4199-869b-60e088416bf1.jpg,1.0902659823841532e-06,0,0.5
95126f53-48ef-4d83-b344-8e861ad43eac.jpg,0.0008072736673057079,0,0.5
95170dff-ed3a-49d4-a298-2c565788fba4.jpg,0.0005317425238899887,0,0.5
952eb6a0-b632-449a-9f5f-c7d9b1e7726f.jpg,2.5964607175410492e-06,0,0.5
9532849f-5da7-47b0-9cb3-430b594e4d80.jpg,0.0008299220353364944,0,0.5
9537514f-6165-4746-bd6e-c2f03e7aaca8.jpg,3.0971713727012684e-07,0,0.5
953e3c1d-1e0d-4b71-9f55-2255a75b377f.jpg,0.9157413840293884,1,0.5
95415b16-60b1-4e09-a330-c063d418acf7.jpg,3.520077370922081e-06,0,0.5
954acc4d-1602-4452-b0df-a60c434424ec.jpg,1.73237276612781e-05,0,0.5
9551aefb-1599-4f61-a94b-aa7ba8990007.jpg,5.101745500724064e-06,0,0.5
95525758-f496-4d94-b50e-c6f9d516fd06.jpg,0.0010333473328500986,0,0.5
9553132f-c496-435c-ac70-2792eb5fa474.jpg,2.833045584793581e-07,0,0.5
9565d14a-3117-4754-b4b8-84a5fb2c7038.jpg,4.858251486439258e-06,0,0.5
956617e3-2b42-4456-aa32-fbfde0e222a9.jpg,3.131289361135714e-08,0,0.5
956af902-e957-4ae9-93ff-02bd69bc29dd.jpg,0.4704122245311737,0,0.5
956c5d67-c1f0-43cc-88c3-b332d910fef0.jpg,1.341576444247039e-05,0,0.5
956d3b0e-833d-458e-a26d-5a957cf0a3d6.jpg,0.0009897778509184718,0,0.5
956e16d8-449d-458d-971f-01f19614bfb8.jpg,5.4905973229324445e-05,0,0.5
95739c61-6be7-49de-9977-5a5c3aceb55f.jpg,0.0019729251507669687,0,0.5
95799b72-19c8-4dfd-82d9-25ad9260c26d.jpg,2.0847901396336965e-05,0,0.5
957c4fea-70e2-44d2-ac20-d08142763aa6.jpg,7.774412438266154e-07,0,0.5
9588810e-c129-4bf6-aae9-e0a75c2da8df.jpg,0.0006957242731004953,0,0.5
9589291b-3e0b-4671-b866-dae5fd67e9fc.jpg,0.00022086122771725059,0,0.5
958d6adc-5c84-48b6-b46c-dc765d39fecb.jpg,0.0007781623862683773,0,0.5
9593230e-2129-4bdf-a5ce-7367f722bd4b.jpg,0.00023969852190930396,0,0.5
9595a890-41f1-4cb7-a562-ce0fdb315765.jpg,0.002174963941797614,0,0.5
9598377f-c7d3-4de1-a972-cb68f5da61d9.jpg,6.438808375364147e-10,0,0.5
95a33553-076b-48b6-b1fd-a2439d3aa2d3.jpg,2.817004656208155e-07,0,0.5
95b73e66-1354-450a-94c5-0265fc98ea4b.jpg,0.35373854637145996,0,0.5
95bb24ad-f4d8-42d7-b08b-0abe2b0f20fc.jpg,0.051905881613492966,0,0.5
95c65125-7489-4ddd-ae23-8b3589adc6d3.jpg,0.0005157742416486144,0,0.5
95ce0e03-6ddf-4c8d-8baf-fdc3b9f7e23f.jpg,0.01947637088596821,0,0.5
95cf9c43-f7cf-427c-b9cb-cc4f0f0c5ade.jpg,7.200093676829056e-08,0,0.5
95e43449-628d-408d-a90a-6580dedd6d3d.jpg,0.008419988676905632,0,0.5
95ee0757-2e9b-4be4-a45a-be27006f0402.jpg,2.1391619497990177e-07,0,0.5
95f0e57a-5f70-4b22-89cc-9346667fa3d8.jpg,0.0010046317474916577,0,0.5
95f44b81-eea2-4b46-99db-b8951b6fbed0.jpg,0.0001960601657629013,0,0.5
95fa3908-ae42-4467-b594-8603ed2a8c98.jpg,1.124965820054058e-05,0,0.5
95fbd329-f025-4bf5-ad76-04fa37a5b2e4.jpg,1.4503837519441731e-05,0,0.5
95ff1179-cf34-478c-a949-50a4f923202f.jpg,3.953725899918936e-05,0,0.5
96045586-1b21-4ad5-85d5-24a5fa85d279.jpg,9.73214923760679e-07,0,0.5
96090ff8-076e-49d3-9ae1-580360f2705e.jpg,9.578644721841556e-07,0,0.5
960d064e-3e09-4399-9ce2-50c30e9db5b2.jpg,0.11594051122665405,0,0.5
962530ba-abfe-4ee4-8b14-8f8a1b805ee1.jpg,0.003634098917245865,0,0.5
9626bc5b-137e-4c1a-ae8b-b6cb01a0d899.jpg,2.871373681045952e-07,0,0.5
962c0b7d-481f-42d9-82a0-321ef51444e2.jpg,4.376573325970412e-09,0,0.5
962fc6e0-b1a4-452b-bbe4-c5a4dec4e4c0.jpg,1.2490360745687212e-07,0,0.5
96313bd3-613a-46ec-b24b-065f85665dc4.jpg,4.2985693227137745e-08,0,0.5
963236f7-9e2c-470f-887a-f9937260ee1a.jpg,2.8069846447209557e-10,0,0.5
96323b15-6036-4e52-b745-97d96d3c7d4f.jpg,0.00014979098341427743,0,0.5
96439ddc-2e84-4804-b19a-150cb77b4d6c.jpg,0.0020241846796125174,0,0.5
96467fe9-505d-49c2-85b4-e570605e2ba3.jpg,1.1277488738414831e-05,0,0.5
9648dca3-cd2b-46d8-8f2a-933c21d58225.jpg,3.354685031808913e-05,0,0.5
96501b5a-4fff-44a1-8183-7de6c023f4e1.jpg,0.22008317708969116,0,0.5
9651b92a-34e5-41ac-ad57-00abbf4e3244.jpg,0.00019004711066372693,0,0.5
96558602-663f-431e-851a-4270ce890d62.jpg,3.448469442446367e-06,0,0.5
965c6a13-2943-491f-bd37-f8d30448d52e.jpg,0.07181214541196823,0,0.5
965f99a7-854e-4be7-a1f1-1606268c3bd9.jpg,0.011846118606626987,0,0.5
96617c26-2e7b-425f-bc21-225c683986a5.jpg,8.57020786497742e-05,0,0.5
966a69d3-a39a-4e37-8ff7-dec1c609872f.jpg,2.393667818978429e-05,0,0.5
96739d5e-cf27-4294-9cf0-6f68c0092c50.jpg,1.1034875235793606e-09,0,0.5
96756955-9ff4-42ff-bc4c-8e05412d5b6e.jpg,0.1219392716884613,0,0.5
96812fe3-8c54-46f5-b4cf-31c4cfc33020.jpg,0.23068617284297943,0,0.5
9685d533-f531-497c-b3b2-877cc478159e.jpg,2.3143162252381444e-05,0,0.5
968ce9c1-1718-42eb-9fa4-a224a546e9a5.jpg,0.004536019172519445,0,0.5
969bb6c1-546a-46ad-9df6-afafd4e7a8f5.jpg,0.04976580664515495,0,0.5
96a241d4-9e14-43a0-8293-53ab20bcd3fb.jpg,0.001157990307547152,0,0.5
96ba6312-4634-427b-a056-ec8cfb7fcc07.jpg,1.2943142792209983e-05,0,0.5
96bec816-aaf6-4661-bff5-785f8238bc90.jpg,1.4641137191517828e-08,0,0.5
96c20ae1-122f-473d-92cd-5fbf017ccbb7.jpg,0.08130183815956116,0,0.5
96d12d5f-5cb3-4641-88a4-867c1e5a3363.jpg,1.8547841307281487e-07,0,0.5
96d30f9e-a35f-40ed-b886-a6181dc73025.jpg,2.1657995148416376e-06,0,0.5
96d4e2fd-8652-420c-90f1-bb19e3afcfeb.jpg,1.3362787285586819e-05,0,0.5
96f6d5f7-2486-4712-826c-414db3b70c30.jpg,4.887763498118147e-05,0,0.5
96fc9352-775b-4c23-b5fd-4d6d8b7a2869.jpg,0.00649054441601038,0,0.5
96fe7e6a-1c3b-4be6-8731-072e5fb72f8a.jpg,1.5991740838217083e-06,0,0.5
97128f54-19fb-4eaa-8221-b38bf07f08db.jpg,0.003749032039195299,0,0.5
9713b584-6c4b-4bb5-97f4-dd44c98a2f14.jpg,0.5884950757026672,1,0.5
9715c4f8-057b-43bc-8314-e262a0b18b65.jpg,5.0119531636028114e-08,0,0.5
971ba758-11ea-4229-98d8-19237cc757b9.jpg,8.354071906069294e-05,0,0.5
971bd510-72f6-4994-8aaa-f7d3aa34cc33.jpg,7.306803773143855e-11,0,0.5
971dddac-b506-4fa3-bf4c-c45e4b42cbb3.jpg,0.0009517120197415352,0,0.5
971ee8fe-2f74-49dc-88a5-36832d7e42f1.jpg,4.637431175069651e-06,0,0.5
97225289-2e8f-458a-a7f7-47cb150d7ab3.jpg,8.032526238821447e-05,0,0.5
9722c709-9dd5-4a3a-a7bf-57ea0e93bcd9.jpg,3.2113580683557075e-09,0,0.5
973fa79e-5537-4430-a8ff-8cbdf556f241.jpg,0.14518821239471436,0,0.5
974d06b4-5b4f-40e5-803f-508d634f813f.jpg,0.023532189428806305,0,0.5
9768a566-4e53-428a-8914-7fbd60a3f4d6.jpg,4.0122187783708796e-05,0,0.5
97696bee-2ca9-4225-a419-41160ec6ee6f.jpg,0.08759400248527527,0,0.5
976a2d7a-93a5-4d88-bfb7-a7c0ab3d35ec.jpg,0.013712199404835701,0,0.5
9773366f-7305-4c12-bb48-d9dbe5d0c144.jpg,7.75580519984942e-06,0,0.5
977b3075-d03e-4c80-ad21-c9ee42a64bf9.jpg,3.2807034585857764e-05,0,0.5
977fcfdd-fe5b-407d-bbe6-26cd1a91be27.jpg,0.38608887791633606,0,0.5
9783a3ec-9db7-476a-883b-1fedd3a582cd.jpg,0.1199808269739151,0,0.5
97867502-17bf-47ce-bef1-e3b54cb36cde.jpg,2.5259194444515742e-05,0,0.5
97a7029c-f8ef-4011-b07b-e6804eb4b1a3.jpg,5.989135752315633e-05,0,0.5
97b098cb-7a1f-43fc-a647-3acfe5e93420.jpg,1.3988695172884036e-05,0,0.5
97b585ee-e902-4c16-b8e3-15c9fc4d0581.jpg,0.0018320715753361583,0,0.5
97b5e09c-2de5-44ea-89c6-1e4bf7412edf.jpg,0.015569871291518211,0,0.5
97bd3176-8dd4-4607-a5c9-08cc812e068d.jpg,0.02412424236536026,0,0.5
97c0ee34-6e60-4ef9-bbfd-642111db027c.jpg,0.24280397593975067,0,0.5
97c1a368-84eb-4f0b-8afc-d2fecfb3f4a8.jpg,0.000874359393492341,0,0.5
97c24577-f649-4527-83da-81cfc747dc36.jpg,0.03875581920146942,0,0.5
97c86558-2bd2-43bd-9f15-68eca7521704.jpg,1.7565231246408075e-05,0,0.5
97c92f42-67ab-4a2f-abd2-9e331d6e311b.jpg,3.058954007428838e-06,0,0.5
97cb6a93-9821-4478-99cb-ec6a56e66ee7.jpg,0.00018754617485683411,0,0.5
97e94d41-a019-4368-ac7c-5831cb994118.jpg,0.12849287688732147,0,0.5
97f26ffa-6007-44dc-9f6f-20cdcaf92456.jpg,7.683090643695323e-07,0,0.5
97f47cbf-361c-4600-ad6a-a253f3db9908.jpg,0.0042629241943359375,0,0.5
97fab676-992e-4906-91c1-88430857b0c0.jpg,1.5875035387580283e-05,0,0.5
98004cb2-2ee3-4dde-b3c2-e0204979dc7e.jpg,0.5278521776199341,1,0.5
98013f83-6310-4d38-9e32-d9dd06bff9b9.jpg,1.1203876965737436e-05,0,0.5
98041287-ccfe-49ec-9f10-25132f6e9c7f.jpg,0.9973887801170349,1,0.5
980869f2-3f9f-48c8-8b55-920eab3af6dc.jpg,0.0009706629789434373,0,0.5
980a3b38-f027-4400-af94-6fab9d78ba9e.jpg,0.014722112566232681,0,0.5
980ef773-4da4-48ef-bf31-706dba35f0cf.jpg,0.00021401993581093848,0,0.5
98109162-995a-4668-9dd2-cdef2af4087a.jpg,0.00038839291664771736,0,0.5
981330c4-ae48-46b3-b0b2-fc70ce3cff02.jpg,0.14095698297023773,0,0.5
9820730e-7f76-488e-8797-aaa5d5844adc.jpg,1.9073590351581515e-07,0,0.5
982a08bf-7f00-4fca-9096-de01485756c0.jpg,0.012232608161866665,0,0.5
982d4824-58d1-44e9-b753-23282336237b.jpg,0.010191005654633045,0,0.5
982ecd16-5b20-4431-b630-603e1551bb8d.jpg,1.7910222993577918e-07,0,0.5
9835a312-346c-41f4-bde9-7cb5d11f62f5.jpg,0.004066806752234697,0,0.5
98635970-72a0-4bfc-9da2-37548730c321.jpg,1.2147538654971868e-06,0,0.5
98784f2b-4956-4a24-bcaf-729c77500699.jpg,0.18286360800266266,0,0.5
98859828-311c-4d58-8565-992aa561f7b2.jpg,4.776477524615075e-08,0,0.5
988bef13-4c01-4120-b0c6-df97d4386533.jpg,0.006549420766532421,0,0.5
98909b80-3ed7-489b-a494-d2394d5df800.jpg,0.673141360282898,1,0.5
9892078e-d80e-449f-9e91-34c4b6038fd8.jpg,0.00010457847383804619,0,0.5
989b1d96-8c20-4414-a79c-b80887537db3.jpg,0.0030940892174839973,0,0.5
989de9f3-9b72-4f55-8a91-5edd5c3dc02a.jpg,3.3577034628251567e-06,0,0.5
989e5809-74d6-4dcf-863c-452affd26228.jpg,1.0612388479103174e-07,0,0.5
98a70153-0cf5-4f84-8844-6bb79376196e.jpg,6.721345613414087e-08,0,0.5
98a89dfe-0a79-4dcb-8dd3-c9774343e2db.jpg,0.00033366313436999917,0,0.5
98ab4827-d0ab-4af2-b252-5a6ecf2e5153.jpg,0.008658908307552338,0,0.5
98be12ec-9f90-401a-8d4f-c0a51741a40d.jpg,0.016324739903211594,0,0.5
98c1edbf-c480-40f7-a808-8f30efaf335a.jpg,3.8791323930809085e-08,0,0.5
98c834a4-e2a4-4076-ae13-19f66cf9567e.jpg,0.0022925222292542458,0,0.5
98cec6cc-5d37-4e92-8b2b-096a0215ba2f.jpg,8.013835758902133e-05,0,0.5
98d372b6-2a5b-4dd0-bbd5-572ebac69882.jpg,0.01790602132678032,0,0.5
98d3f2df-f403-4784-bdb4-7d7144f681ca.jpg,2.0978373868274502e-05,0,0.5
98e8fb18-b116-4a85-b6f9-4a9f474a1dbc.jpg,0.0001405406801495701,0,0.5
98f207c1-2df6-4bb8-8aa3-2211dbb52afb.jpg,1.3811978533340152e-05,0,0.5
98f25763-f93b-4ed7-a12d-98ce4bca818f.jpg,6.718038321196218e-07,0,0.5
99108c07-c98b-49ec-8741-86f248218e40.jpg,2.887255234895747e-08,0,0.5
9912b91b-a81c-41d5-8fe1-5f2430577bf7.jpg,8.6767970060464e-05,0,0.5
9916ea67-8530-4f15-b58f-cfb7bd6a0084.jpg,2.5995527721534017e-06,0,0.5
992b4f9a-19d9-4e33-b3a8-f564279bdaaf.jpg,8.749407425057143e-05,0,0.5
99382690-92fa-405d-8309-5cf78dac0696.jpg,5.521241419614853e-08,0,0.5
993b6b88-2567-456a-9886-535b01b4ea30.jpg,9.241766747436486e-06,0,0.5
993bee34-81d4-4a1c-a859-9df5115d6cd0.jpg,0.002868885174393654,0,0.5
99408676-ceac-4e3b-afb2-32e1bb32b002.jpg,2.2353491658577695e-05,0,0.5
9945aac1-47a2-4124-b8b3-cbe4706a32b5.jpg,2.2016163256921573e-06,0,0.5
9948c0be-c779-4a18-b0ff-e9955844823f.jpg,0.030177973210811615,0,0.5
99496d58-dc5d-4f5f-80e4-6ea7827f424c.jpg,8.209645407930566e-09,0,0.5
99574538-b4c5-4e3e-bbdd-f0417fb02683.jpg,0.007612206041812897,0,0.5
995f6bf8-7ac6-49ad-93f3-a1cd56e71e9a.jpg,7.095906084941817e-07,0,0.5
99618453-f33f-494b-82b6-763416fbed91.jpg,0.005725765600800514,0,0.5
99714809-beef-45d5-a269-4a0522ddb2fb.jpg,0.00040966743836179376,0,0.5
99733c2c-3057-45e0-9f44-d0a1f80f413c.jpg,0.10658429563045502,0,0.5
9974c434-985f-4481-85dc-6ac4937a7bd8.jpg,0.07177626341581345,0,0.5
997c9630-14db-460a-a566-063edcafbee1.jpg,9.12979812710546e-05,0,0.5
997ffbca-802a-4410-aded-da6df49f2578.jpg,0.012977775186300278,0,0.5
99850764-2a8b-45c9-bb12-4561e66bafeb.jpg,4.369433554529678e-06,0,0.5
998ea6e9-f823-4328-86fd-ebb5ea73850c.jpg,0.0001583359407959506,0,0.5
9990ca2f-5796-4c93-bbc2-6211cadee65d.jpg,0.0014750113477930427,0,0.5
999ed4e8-9cfa-4850-8121-6aa62169a3a0.jpg,0.00014387904957402498,0,0.5
99abb263-4ed7-4035-b4e7-f9e15302f261.jpg,2.3948710804688744e-05,0,0.5
99b3da15-4cf8-4903-97f1-70461e2c80f1.jpg,4.170485226495657e-06,0,0.5
99b5a557-6a15-4545-a49f-3f41dbcf34a5.jpg,0.008219017647206783,0,0.5
99b8c088-bb3f-4540-80d1-bb1318ea03ee.jpg,1.4462639228440821e-06,0,0.5
99bea356-37a0-4d1f-ae04-6cb29d8899ac.jpg,0.003984371665865183,0,0.5
99c2d0b2-465c-4766-a28e-82d00e78edc2.jpg,0.0007320389267988503,0,0.5
99c98925-412e-4b5c-9fac-07c3534e822e.jpg,8.451772259832069e-08,0,0.5
99cb0a27-c361-4cf5-ae64-74151069b3bf.jpg,0.002752562751993537,0,0.5
99cf31d9-0911-447e-9b53-fb6471e03f99.jpg,0.0005254035349935293,0,0.5
99d09b15-ec3d-436a-b070-31e10ddd6446.jpg,4.0377675703841265e-13,0,0.5
99d2dec8-4c30-4d37-90ea-966dae52c8fe.jpg,8.20423611003207e-06,0,0.5
99d303c1-0c4c-46bb-bccc-bff6f84f53c7.jpg,1.1234424164285883e-05,0,0.5
99d4b0e0-606a-4226-b8ef-f8661d31f53e.jpg,0.16790947318077087,0,0.5
99d9aac0-7bd5-47af-a2ee-e49ca5ff63db.jpg,1.1236974906125852e-08,0,0.5
99ed6383-bf8e-4043-85da-bb42b1f5d519.jpg,1.0932354825854418e-06,0,0.5
9a07ea2d-e3bb-4769-a9c8-9264c896f9d6.jpg,1.87439441745596e-09,0,0.5
9a0e5ea4-3f29-4b6a-9592-51455684bcf6.jpg,2.2583681129617617e-06,0,0.5
9a0f8ad9-927a-49aa-b101-dc9b63142f15.jpg,4.87317538500065e-06,0,0.5
9a108e4c-75db-448b-a80b-ead79f6336fe.jpg,1.2756548130710144e-05,0,0.5
9a175fb7-b78f-4b51-80f0-d24f57d98355.jpg,0.06840871274471283,0,0.5
9a22d375-4b69-4f6a-9979-04641277a056.jpg,4.030448053526925e-06,0,0.5
9a2e851c-9b36-44f3-9fc0-745cb6bec438.jpg,0.011014220304787159,0,0.5
9a3399d1-1cb7-46d7-a54b-9167c0d29943.jpg,1.2040352714848268e-07,0,0.5
9a3a5ebe-72cf-4fd3-864c-9a54885e0687.jpg,0.004001632798463106,0,0.5
9a41b13e-0a78-45f0-975b-0deec6daec33.jpg,2.199543729375364e-07,0,0.5
9a449c3e-cade-441c-b24a-f72e0c16df9b.jpg,1.6624275303911418e-05,0,0.5
9a4980fb-6da0-42f0-ac16-b64eab1a48c9.jpg,0.04860909655690193,0,0.5
9a4f16f2-77c8-4fc0-841c-4e78a9b8c2d5.jpg,9.883230234208895e-09,0,0.5
9a5b3bbb-f2fd-4c8c-86df-14799e092917.jpg,0.00031808234052732587,0,0.5
9a686f2d-c1b6-49eb-a3c7-d25e050dfa7f.jpg,3.7828035842624175e-11,0,0.5
9a6df342-3e8b-4d74-b77a-1c7822d7137e.jpg,0.00015881132276263088,0,0.5
9a708efe-f1af-4ce6-b8f2-0d4050e8fbab.jpg,0.00014968203322496265,0,0.5
9a920c7b-b480-4545-b0e4-3f43ff142255.jpg,0.0001793791016098112,0,0.5
9a97a81d-9649-4c86-86ec-8abd1b540048.jpg,0.036784570664167404,0,0.5
9aa7a366-80f8-4c39-b30e-b93015b9ec5d.jpg,0.0004566244315356016,0,0.5
9aacc5a9-79d9-487b-b9df-f2131efab4ab.jpg,7.94045984520153e-09,0,0.5
9aaeda69-bf6f-4f0a-b053-d799d8afde9d.jpg,0.0006843790761195123,0,0.5
9ab3df10-b43c-4ba1-949a-ec89fe1dc01a.jpg,0.010343345813453197,0,0.5
9ab5e9d1-1b29-4939-b9c9-e435a4eff199.jpg,1.8649097910383716e-05,0,0.5
9ab690ec-36c4-4ab7-a60a-ccde3f691efb.jpg,1.5627053429057014e-08,0,0.5
9ab7e1b8-bdf4-4af5-8255-7d86de407d6e.jpg,3.227311390219256e-05,0,0.5
9ab8b022-05cb-4a77-8417-6865de7d7feb.jpg,1.1321195415803231e-05,0,0.5
9abbdfd7-283c-47ea-a670-67efa7cecbf4.jpg,0.002560392254963517,0,0.5
9ac72261-0aff-4467-8aae-66e3e8ff300e.jpg,1.1539643764990615e-06,0,0.5
9ac789dc-9c47-40b2-84ab-bd38e9c1185f.jpg,0.00015318785153795034,0,0.5
9acb6c12-72ab-4c61-af29-19cc18bfa9c8.jpg,0.27430856227874756,0,0.5
9ad05d3a-4f4e-4ef1-819b-0ff8421c2588.jpg,2.4572167603764683e-05,0,0.5
9ad25743-ae7f-4897-8410-c41d3cf76d8f.jpg,3.512141847750172e-05,0,0.5
9add2b11-38e7-4eda-bb5f-de5e824588da.jpg,0.0022369299549609423,0,0.5
9addc2b9-a1f5-41d9-8e16-ae513488374c.jpg,0.36965855956077576,0,0.5
9ae3de6b-8833-445a-b617-ab83fe4a08ab.jpg,9.005600531963864e-07,0,0.5
9af1f347-7522-4abb-a4ef-192506f46eba.jpg,1.2758093362208456e-05,0,0.5
9af3c4fb-0078-42bb-bc5c-3dc68b3a4e62.jpg,7.17732182238251e-05,0,0.5
9af6972c-9007-41a1-b066-fcb631405015.jpg,0.0002839591179508716,0,0.5
9afa8282-1792-4390-886f-6ac8774fc4f3.jpg,7.841307159139888e-09,0,0.5
9afd3922-5b13-45db-9ecb-274015cd2acf.jpg,0.01394693460315466,0,0.5
9b01cdb7-2378-4aec-b887-19db4c4de615.jpg,0.0035341239999979734,0,0.5
9b0ad398-7eb2-41db-af78-3c55347b94f2.jpg,3.3271480788243935e-05,0,0.5
9b0cdbe1-b0f6-44d8-89b5-d11b97f5b409.jpg,0.0632154792547226,0,0.5
9b171ffb-6b7f-4a5c-b291-fe21b2831ca2.jpg,1.7041280608864895e-09,0,0.5
9b1c4eb0-8708-4d16-be74-922638dd0022.jpg,5.686795923054433e-09,0,0.5
9b1ddde5-1a28-495d-b273-a47d45b4964a.jpg,0.5447144508361816,1,0.5
9b2abb56-4ec2-4989-8a57-ab9b5b849ab6.jpg,0.060221198946237564,0,0.5
9b2b6655-3899-47f9-99af-79f77722ca1d.jpg,0.00017037348879966885,0,0.5
9b4328e1-de62-491b-867e-97d50af4c48f.jpg,0.0001447643298888579,0,0.5
9b4962c8-1134-4d4d-88ff-2986eefe9793.jpg,7.951286534080282e-05,0,0.5
9b518549-b729-4189-9809-b0c9cdef63e0.jpg,0.009357012808322906,0,0.5
9b601757-0ef4-4887-b47e-fd38f6dbbb75.jpg,0.002220775466412306,0,0.5
9b613003-9dd5-41a4-81e3-cb347a621302.jpg,0.001693513011559844,0,0.5
9b6746b2-0f21-4702-a7e0-e36ee343c244.jpg,2.025275352934841e-05,0,0.5
9b7a2a01-2b11-495a-9540-00155c13a98d.jpg,0.0014457693323493004,0,0.5
9b8253e8-04c0-42e6-844a-4c3e0a82a5a3.jpg,3.3354651804984314e-06,0,0.5
9b82e48f-d7ba-45da-bc35-e6ff073fba7b.jpg,0.007536926306784153,0,0.5
9b849cc3-e4f8-48af-8df8-1dcf08d2a348.jpg,3.637284917701322e-10,0,0.5
9b908472-a981-4502-8626-fa63bd0efdb6.jpg,8.707896631676704e-05,0,0.5
9b9885dd-1ece-461e-8fa7-b13762993ab1.jpg,1.2469479315768695e-06,0,0.5
9b9c4da7-7411-44c4-82c2-4d2fe98931d9.jpg,0.00015911750961095095,0,0.5
9ba4a86b-f0ec-48c0-a885-cfa39a6b4df4.jpg,0.3097332715988159,0,0.5
9ba696d4-724f-4098-9542-fc696bcf858d.jpg,7.980439841048792e-05,0,0.5
9ba6b0ef-148e-442b-a87a-1cf145c4386a.jpg,7.802742061358003e-07,0,0.5
9ba90f56-1991-496d-bce1-ac919e9387bb.jpg,4.719870605462972e-10,0,0.5
9baeae59-3cf5-4fe1-91d0-6d3ef8563246.jpg,3.07803190935374e-07,0,0.5
9bb5eec3-9a63-49e5-9dbc-65efeb41d29c.jpg,0.4044525623321533,0,0.5
9bc0165b-6a2b-432f-9126-6ea1ee43e463.jpg,0.04898083955049515,0,0.5
9bc9bd03-ecfd-4c16-bdd0-2cda5e44c166.jpg,1.6037522698741924e-10,0,0.5
9bcc1d58-1033-41fe-bd2d-94599e510a1e.jpg,5.59551153855864e-06,0,0.5
9bce9069-fead-4cb8-a3c3-a40ec65e666d.jpg,1.8717442799243145e-05,0,0.5
9bcf28d8-149d-4f5e-8aad-fe6591d32a70.jpg,0.011903340928256512,0,0.5
9bd5cf2a-9ea8-463d-8c5d-f16eddd5d164.jpg,2.1929388367425418e-06,0,0.5
9bd64a5d-1625-4117-bd37-3ff4e1605f31.jpg,7.649387043784373e-07,0,0.5
9be1bfaa-ce57-40a9-bbf4-7e74eb54407a.jpg,3.106637080918517e-08,0,0.5
9be58d0f-ebe3-458a-bb92-63bc0f921815.jpg,9.130930993705988e-05,0,0.5
9be6bd00-dac6-4468-9e14-da36d8ea1a6b.jpg,5.499686267285142e-06,0,0.5
9be9980e-806c-4d8c-9b21-e48906039ff8.jpg,0.00012736738426610827,0,0.5
9bee951c-8999-4440-9848-f634794e3cbe.jpg,0.00011011864989995956,0,0.5
9bf6e6a7-078b-4c96-ae95-7342b34087d9.jpg,8.206045458791777e-05,0,0.5
9bfb67d1-556e-4a95-8fab-4500058b19f2.jpg,4.339157158583795e-11,0,0.5
9c0c2a2d-a605-4f83-82fc-0cf004c039a0.jpg,0.0009118736488744617,0,0.5
9c1ec9db-abb1-4cbd-b8ec-c3076ddb3c5e.jpg,0.0036957701668143272,0,0.5
9c26c17d-58b8-4dae-994c-7045d660ff4c.jpg,0.01878735050559044,0,0.5
9c26c745-c281-4e9a-8323-e87811ac2aa1.jpg,4.940715143675334e-07,0,0.5
9c2f29c0-f840-471c-87cf-9dd79e06704d.jpg,1.0145053238375112e-05,0,0.5
9c314fe4-e692-434f-807a-43782cbe6b8f.jpg,0.0018383834976702929,0,0.5
9c48c223-58a4-44d0-ac3c-f13e3f0c6029.jpg,0.007456326857209206,0,0.5
9c4b27d4-949c-429d-ba79-8e644d685e30.jpg,0.005756227765232325,0,0.5
9c53fbb8-89ab-44bc-ae0f-7c6189318447.jpg,7.04134890838759e-06,0,0.5
9c542614-d99e-45ee-a9c7-3c03a2858ce1.jpg,1.2775826689903624e-06,0,0.5
9c6018dd-db76-469b-8396-7260abdba464.jpg,5.2387019167099425e-09,0,0.5
9c602e29-130f-47de-adbd-5ba912fcbf5f.jpg,1.7839198335423134e-05,0,0.5
9c63c121-4d1c-4f50-901b-08f2ba912111.jpg,2.8162757459426757e-08,0,0.5
9c778b96-8249-4543-8240-ab18c7ee06a9.jpg,0.0001139555752160959,0,0.5
9ca45b47-e671-4c94-be3d-925c2f929c2a.jpg,6.767332365598122e-07,0,0.5
9cb617e5-0bcb-4e3d-acec-98064cb71bf3.jpg,0.6928389072418213,1,0.5
9cb6a123-480a-4d01-996a-22f1d20ce7bf.jpg,4.079544851265382e-06,0,0.5
9cc4d66c-abe1-4c44-90cf-9fe32badd3f4.jpg,3.977369544827525e-08,0,0.5
9cd10ed2-8126-435b-b448-1149a611f862.jpg,9.641781070968136e-05,0,0.5
9cdfafde-5ec4-4704-a41d-5a5fa27c6bc5.jpg,5.85838222377788e-07,0,0.5
9ce7e17e-da8f-4895-b77c-3dc2523a74a2.jpg,8.933781145969988e-07,0,0.5
9cf149fe-69fb-4bbb-a2be-e663909f87c0.jpg,4.9462361317864634e-08,0,0.5
9cf4aff4-5a9f-48f2-95f6-4042e41a3b00.jpg,0.00010063528316095471,0,0.5
9cfcd1f1-04ae-4957-aa79-5e647e435748.jpg,5.975198860141973e-07,0,0.5
9cfd815c-5e9c-4401-a605-3fe2df33e4e4.jpg,3.193094744347036e-05,0,0.5
9cff4ed1-b6a4-4155-9873-abe26460f498.jpg,0.16804800927639008,0,0.5
9d04a63b-b042-494c-8532-c102f7a4ba71.jpg,0.0018963784677907825,0,0.5
9d066224-fe40-4f48-acde-97577d01adf9.jpg,0.9960477948188782,1,0.5
9d0b7f9a-e9f1-42bd-9f3f-a6541a53b7dd.jpg,5.9884958318434656e-05,0,0.5
9d0d32a0-c08d-4aef-8149-18375b88c01c.jpg,0.0015877344412729144,0,0.5
9d10cc95-0534-48ad-b812-a3309cae82cf.jpg,0.0003302172408439219,0,0.5
9d1c5faa-5168-487a-85f5-2d1c17bfa3a9.jpg,1.4854346090942272e-06,0,0.5
9d2b3e5b-fdda-45fd-8ead-65ed6e1bcae1.jpg,0.05881485715508461,0,0.5
9d3a0fa7-d64e-482d-beeb-058df0099e61.jpg,5.945272363305776e-08,0,0.5
9d438565-18e7-47fd-ba32-233aa8bc1b3a.jpg,0.03132084012031555,0,0.5
9d47ade0-7b0f-46ea-807f-587d2baabf54.jpg,5.359651549952105e-05,0,0.5
9d527c0d-87ec-4e8b-9784-bd7ec4557259.jpg,0.593890368938446,1,0.5
9d528fb4-18d6-485f-84a4-e133d3f9fe01.jpg,0.02246199920773506,0,0.5
9d5535de-6b4e-4ab8-9840-a4a678522369.jpg,8.192516361305024e-06,0,0.5
9d67f3e0-0170-4486-b9e1-a80f8b6c54e2.jpg,0.003065906697884202,0,0.5
9d730583-4daf-4e68-a30f-06ddcbc4274b.jpg,0.00034037220757454634,0,0.5
9d76c0fc-2d8a-4200-a501-c4b8f3cb68e2.jpg,2.956117794994384e-09,0,0.5
9d781ee8-323e-4beb-b7d8-5a1fe06a459c.jpg,0.05178237706422806,0,0.5
9d7ed04b-6a11-47b7-9e37-bba5599b00e3.jpg,1.2619054412521535e-10,0,0.5
9d81058f-8cb2-42eb-81fe-92a216d3eec0.jpg,0.00035425557871349156,0,0.5
9d815de7-f82f-4b96-b4f7-10e06ce9a013.jpg,7.704069503233768e-06,0,0.5
9d8948d8-55b4-4bad-b61b-e462207694f6.jpg,0.7867728471755981,1,0.5
9d97e7b2-d897-41ef-9bd7-586c98e9c892.jpg,3.475528274066164e-07,0,0.5
9d9846c1-a439-4781-a57e-1187adf6da0c.jpg,0.003928973339498043,0,0.5
9d9c4e1d-d7dd-4d15-8df5-35552530662b.jpg,7.404063495641822e-08,0,0.5
9da75297-e4ad-4d83-8d34-63332ccdc7ff.jpg,0.001341316499747336,0,0.5
9dacddf4-3ebb-48e0-8b26-817cd33daa2f.jpg,7.353146003197253e-08,0,0.5
9db7e3f6-f791-4b7c-9703-e5c27ed04e32.jpg,2.2820880985818803e-05,0,0.5
9dbbdef1-55a8-4d8a-8b73-1bc7ebd37652.jpg,0.014975180849432945,0,0.5
9dbc3ad4-d928-4a8c-8c61-e02b7d2f97ea.jpg,3.5734926768782316e-06,0,0.5
9dc2c280-ee99-47d7-aaf6-4f1fbfefceec.jpg,0.001470991293899715,0,0.5
9dc4db9c-6faa-49f5-9ed3-a2fc4feb793a.jpg,1.9268920681270174e-08,0,0.5
9dc9438c-0735-48f7-b075-8f2e9d5ce773.jpg,8.036391864474357e-12,0,0.5
9dd1084e-eb13-4d70-bb90-b53c635c9d27.jpg,2.7063751986133866e-05,0,0.5
9dd3cccd-f3c7-4bbe-84a2-f54c72e704dc.jpg,1.5081965676344566e-09,0,0.5
9dd6f1a5-e7a8-42ff-bce0-10f5b91ef39f.jpg,0.39229872822761536,0,0.5
9dd73cbb-0f7c-4d6d-9718-2587ac7447b0.jpg,0.7375859022140503,1,0.5
9dd9ba31-d498-4a35-8a5b-78d740f19f3b.jpg,1.1244436493029752e-08,0,0.5
9de92923-6c75-4a8b-b245-d32f2af6355a.jpg,5.419341323431581e-05,0,0.5
9dedb96a-845f-458d-a971-604186cf8e1d.jpg,0.0005198233993723989,0,0.5
9df5cb52-2585-4598-824a-ff5537749e5c.jpg,2.3328932456934126e-06,0,0.5
9df62511-1b60-4b6b-87a5-1919f657b351.jpg,0.021118244156241417,0,0.5
9df9b8f7-e889-4736-8ae4-045659565c79.jpg,0.14471358060836792,0,0.5
9df9bace-7fc3-47bf-8a7a-ed1298a68c55.jpg,0.0003225785621907562,0,0.5
9e003527-a6f8-404e-9bbc-002553b5a76b.jpg,0.0024367107544094324,0,0.5
9e01ca66-bb26-42c4-9904-9e270aafa130.jpg,0.37741708755493164,0,0.5
9e0496c5-4c50-46ce-b5bc-a638d66697c3.jpg,0.01101065892726183,0,0.5
9e0c5c2b-fb7e-4c66-9881-11d0234c6d6c.jpg,0.0017975594382733107,0,0.5
9e0e772a-f738-49cc-8b7e-6752641d8be1.jpg,0.1420375555753708,0,0.5
9e2337c1-3fe9-437f-a6cb-630e1a966268.jpg,6.731480084454233e-07,0,0.5
9e24c36a-e3a2-4d53-9273-a6c78e44a8e7.jpg,0.00021122113685123622,0,0.5
9e2b3a6b-a9a3-43df-87cc-162899cfe7c3.jpg,0.0009606846142560244,0,0.5
9e2c0c9c-79bd-4121-ae57-c55007e22829.jpg,0.0010446218075230718,0,0.5
9e345293-7e4c-4c01-9060-38fbb3736771.jpg,0.009926142171025276,0,0.5
9e35535e-bb42-481c-bfda-c246b6b69e08.jpg,8.797945838523447e-08,0,0.5
9e424614-6b03-454e-846a-99be344e8ef4.jpg,0.016421128064393997,0,0.5
9e44819c-6508-4f71-b3ec-d2a3d4289626.jpg,3.868548503760394e-07,0,0.5
9e472639-b0c6-4d8b-9759-27459bba7805.jpg,0.002725468948483467,0,0.5
9e4e3a2e-43a3-42f7-9b49-cc72e028afc2.jpg,0.10965196788311005,0,0.5
9e520d87-5253-4acf-b003-f430ea969808.jpg,0.3516849875450134,0,0.5
9e522960-baa6-4dac-8de1-5e860c906210.jpg,0.9555097222328186,1,0.5
9e5693fb-3609-4810-9ea0-90993da3c317.jpg,0.00017456129717174917,0,0.5
9e57aa32-7502-4373-98be-c82fec5da895.jpg,4.105334483028855e-06,0,0.5
9e623451-545d-4c49-8cd8-9f6ff398078e.jpg,1.181530606686465e-08,0,0.5
9e669b81-ab2a-496f-a90e-833a2179033e.jpg,4.78053323149652e-07,0,0.5
9e6a838c-97a2-4582-89b4-c1d4b27cea1b.jpg,0.00026275389245711267,0,0.5
9e6e4699-fbce-473a-952e-f4056e057832.jpg,0.00010581844981061295,0,0.5
9e6f22e9-e47a-4aa9-af5f-bdc3d03c1823.jpg,5.770984444097849e-06,0,0.5
9e7365be-9849-49e7-942a-f108b763887d.jpg,0.0006957525038160384,0,0.5
9e8b0fd2-4201-426c-98b8-b83a1169dbf1.jpg,4.183847579497524e-07,0,0.5
9e8cb926-b17b-498f-9b16-4852b30271d7.jpg,8.215491220653348e-08,0,0.5
9e91cb7e-413d-4ed2-9d96-1cf147688d99.jpg,7.861530870734157e-11,0,0.5
9e98121e-79d2-417f-8b9b-46579ebc1792.jpg,0.3139355778694153,0,0.5
9ea7262d-cea7-42b8-b884-f146def5b82d.jpg,1.4521105207165874e-08,0,0.5
9eaf2290-a9f7-4fbb-9735-99ec2dec01f7.jpg,2.240924550278578e-05,0,0.5
9eb06229-b5bf-4847-b99c-1a0b4dd5bf9b.jpg,0.002182859694585204,0,0.5
9eb7175a-8aa9-4c92-8237-7ea2b9b07a1b.jpg,0.00012284137483220547,0,0.5
9ec9dbb1-8e4c-474c-8e4e-266b3cf9022c.jpg,3.426324610700249e-07,0,0.5
9ed2cdfd-dd7d-4c05-b139-526f0d2559a5.jpg,5.441914254333824e-06,0,0.5
9ed5afaf-f535-423c-9559-979230b5394d.jpg,2.482925083313603e-06,0,0.5
9edc0639-7f76-44fe-8e44-a6a3a5ea21c0.jpg,1.3654764188686386e-05,0,0.5
9ee6f76a-d9f0-4356-9a97-e6c88df290d4.jpg,1.1214074220333714e-06,0,0.5
9ee9a92c-ed41-4432-9b80-d2bf8dd4a54f.jpg,3.808065957855433e-05,0,0.5
9eee03a9-45f6-4e35-a32f-e0068ec72e30.jpg,9.084667908609845e-06,0,0.5
9eeed54c-5ff2-4b47-9710-5dea0fc8889f.jpg,0.00011023715342162177,0,0.5
9ef2fe62-3635-48fb-85a4-c71188513350.jpg,2.9986824301886372e-05,0,0.5
9efd6f22-2bd4-4812-99cf-609ad8dc9a73.jpg,4.385228464798274e-07,0,0.5
9f0416ca-6387-45e4-a174-19a430384bd8.jpg,0.010351867415010929,0,0.5
9f0ef5be-a144-4079-92f2-c0818d0c5b65.jpg,0.0033859917894005775,0,0.5
9f0f9bd9-f428-4b08-a977-6ea94a28a3dd.jpg,0.9568166732788086,1,0.5
9f140ffb-8b16-4fa8-9b28-043d3c9b5940.jpg,0.8124482035636902,1,0.5
9f18fb92-4eb5-464a-82e6-c7681f4c49b5.jpg,1.1766094765164326e-09,0,0.5
9f1c228c-a023-477d-93a7-7bda3dbe4785.jpg,4.547861408354947e-06,0,0.5
9f2724ef-d31f-42ea-ab07-d15158eb0f7e.jpg,9.425135067431256e-05,0,0.5
9f275432-33b9-4fb0-a713-d5756ac87a9a.jpg,3.5529121311661527e-10,0,0.5
9f2c95f9-4f1c-4f4a-b9f5-a252d3d502b3.jpg,0.005805687978863716,0,0.5
9f302903-3084-4b28-98b4-92997391db4f.jpg,1.8861599226384883e-14,0,0.5
9f305f17-28a1-4cec-a741-237a961af6a9.jpg,1.95720094779972e-05,0,0.5
9f32fc3b-c2bc-439b-b471-6ee014f46dcc.jpg,0.0007852090056985617,0,0.5
9f3c9c5b-f899-4e22-948e-3fa6d01fe241.jpg,3.295403439551592e-05,0,0.5
9f581958-4c03-4e07-95f3-8039ae824323.jpg,1.558410622237716e-05,0,0.5
9f586483-5406-4936-870d-ea6a6dfefe4f.jpg,0.07099097967147827,0,0.5
9f5b7a80-b71f-4242-af29-2936722b49eb.jpg,4.801758041139692e-05,0,0.5
9f5ceefb-d295-43bf-890b-465a775d58ef.jpg,0.061246342957019806,0,0.5
9f5e2483-09db-4627-8241-9863e8a7e2d7.jpg,1.4326792790314569e-12,0,0.5
9f5f4e8f-f5de-4037-a75d-3cb97fd3b563.jpg,0.059813812375068665,0,0.5
9f604131-f88a-4a1a-86c9-5f1e54c71606.jpg,0.060652390122413635,0,0.5
9f661b1e-6aba-42c4-806e-135e98b4afe1.jpg,1.048534037373372e-09,0,0.5
9f693c83-8ba4-4985-b8c6-6d350733bc5e.jpg,0.0011718296445906162,0,0.5
9f6e9912-67fc-4de2-87ef-0d163619b258.jpg,0.00044667499605566263,0,0.5
9f74cdc3-6b52-414b-824b-c0a95e33c493.jpg,0.08896947652101517,0,0.5
9f75a94c-9f41-4634-8b83-3e609da96953.jpg,4.2973868403350934e-05,0,0.5
9f764962-977d-449b-8a8a-a9f9a84ca430.jpg,3.891266533173621e-05,0,0.5
9f7fdecf-aa57-4f6f-b099-17593aac0173.jpg,0.0005360047216527164,0,0.5
9f894fa1-1f59-4d6b-bf7a-c50ad2741f19.jpg,0.0061842151917517185,0,0.5
9f8f40b1-2d7b-4053-8601-1a885ca86d48.jpg,0.0005001883255317807,0,0.5
9fa2708e-031a-4775-9079-8ca342b373fe.jpg,1.093193804990733e-05,0,0.5
9fb10c75-0d8a-4915-8acb-d1694447cba1.jpg,1.6339247395080747e-06,0,0.5
9fba1002-f21f-4231-87eb-6e14d59cef55.jpg,0.0012707083951681852,0,0.5
9fc19dc9-3f49-4733-a6bf-0db16491ea69.jpg,1.0774288057291415e-05,0,0.5
9fc5228b-f7a7-46a8-93da-4fcecf37e2db.jpg,9.338738777842082e-07,0,0.5
9fc78020-9eda-402c-bc6c-ce067d00ff92.jpg,0.947270393371582,1,0.5
9fdf523e-c227-42a1-8ac5-c9e955b955fc.jpg,0.00017904264677781612,0,0.5
9fe16428-cccb-4cc3-b9f4-c2d67b9bf87f.jpg,2.1394323539425386e-06,0,0.5
9fecc1b0-7540-4362-90b6-52c67675cc3b.jpg,3.6458154681895394e-06,0,0.5
9fedb0dd-bc16-417f-82bb-5549c55107ea.jpg,7.605874543514801e-06,0,0.5
9feee24d-7947-4c29-9765-db1e9b3c4bfb.jpg,0.22598111629486084,0,0.5
9ff689db-2c78-4fae-8487-c659e06cc91a.jpg,4.891184289590456e-06,0,0.5
a000df62-cc78-4e2a-b8c7-3e3dee300fac.jpg,7.767178011874876e-09,0,0.5
a002df56-72f0-4359-aa38-42d1c06f4143.jpg,1.4255726455303375e-05,0,0.5
a0175b20-ced4-4178-b192-0ed595e4e39c.jpg,6.67696658638306e-05,0,0.5
a017bc7f-3873-471a-a99e-5e95c054ff3b.jpg,0.009204789064824581,0,0.5
a02356cd-2406-4dd2-abeb-4c8dd03b1901.jpg,0.0006767451413907111,0,0.5
a027a9ec-ac9b-4ad1-bbca-f3f454317cf5.jpg,0.0002666336949914694,0,0.5
a034a80e-1d63-47af-888d-9c3f52b67fe0.jpg,0.0020714085549116135,0,0.5
a037afb8-01e5-4d4c-a254-938ff1afc475.jpg,1.8077918866765685e-05,0,0.5
a039c0a8-d665-4b5f-b681-e725a51215a7.jpg,3.910324863909409e-08,0,0.5
a03c28e3-4e32-4a5a-b11a-6447822325d4.jpg,1.596451113528019e-07,0,0.5
a03cf0fd-4c3b-4561-97c9-c1b1f65e8adf.jpg,0.001292611239477992,0,0.5
a04df9c8-7c7b-49da-ad3d-1ab7e410c1f7.jpg,2.5622598514019046e-06,0,0.5
a04ecb3f-4ab8-44dd-9de8-ff6990c6665e.jpg,0.00023309429525397718,0,0.5
a05e3103-87bb-41d1-a396-a37d0a4f9f62.jpg,5.672488987329416e-05,0,0.5
a06da05a-eb50-4010-a411-5fc1f01dcec8.jpg,1.5939258446451277e-06,0,0.5
a0782fd1-e782-4392-9a43-d84e7ab643a4.jpg,1.2014399999316083e-06,0,0.5
a07b25f2-2f3a-470c-820a-f6bd382d10ba.jpg,0.3227163553237915,0,0.5
a0825708-5ec5-41e4-8a37-1eed0ffe4492.jpg,1.1090585758211091e-05,0,0.5
a08570c5-0ff2-4da9-a41b-75fec5366e2a.jpg,0.00027757251518778503,0,0.5
a08a5df3-7c27-4688-ad66-d480265d4796.jpg,0.0004070999857503921,0,0.5
a08ec340-f194-41a4-9ef7-3375956c8600.jpg,0.015309559181332588,0,0.5
a0977582-79a4-48ed-84c2-f97df3dcd557.jpg,0.08443900942802429,0,0.5
a0a5d2a7-53ba-4191-93af-45394d7993a2.jpg,0.010633843019604683,0,0.5
a0b4c032-be88-49dc-804c-e930c585e7eb.jpg,5.260756006464362e-05,0,0.5
a0b58d53-e16c-4727-b60c-64324064a470.jpg,0.002097897697240114,0,0.5
a0b941b6-5c6a-486c-97b7-78d8653c662b.jpg,1.4072372778173303e-06,0,0.5
a0c83382-5ffd-456d-982a-ad242bb648ac.jpg,0.047816481441259384,0,0.5
a0d800fd-b485-470f-87fa-ea63d01a890c.jpg,3.472080845057235e-09,0,0.5
a0dfbe98-00eb-42ea-9eb3-450be329e286.jpg,7.082611407083217e-13,0,0.5
a0e4ad4a-8512-4da6-89ce-322ed17d4195.jpg,3.546822711086861e-07,0,0.5
a0e9d394-7187-4257-b9dd-d70d7ed53646.jpg,0.0003893704852089286,0,0.5
a0f0ec09-0f90-4c91-8097-9ca68a27262b.jpg,0.0007248350884765387,0,0.5
a0f871dd-60f6-4584-ab87-803551bdf087.jpg,0.8322402238845825,1,0.5
a0f9737d-7dfc-46fc-a62d-e9020c6c3adc.jpg,0.00015661843644920737,0,0.5
a0faf237-7e4b-4fed-a8d8-9ea4bd908e51.jpg,0.04879356175661087,0,0.5
a100b215-3c4a-4757-baa0-441c71c2878c.jpg,0.00011271145922364667,0,0.5
a100c8ca-5102-4829-a2fb-abfeb88767a9.jpg,0.0015238841297104955,0,0.5
a1035aea-d8d9-4fb4-b63e-034f5cf80421.jpg,3.305042994838914e-08,0,0.5
a104f1a6-0e4a-4859-8b8d-dbec61aed3e6.jpg,8.680979590280913e-06,0,0.5
a10bac08-728a-453f-bd1c-8c2da09aeab1.jpg,0.0050228373147547245,0,0.5
a10d6dad-caa3-432d-ae5f-f69364b8baf6.jpg,1.0579970677326855e-07,0,0.5
a11556fd-9a48-4004-9696-ec843f62c217.jpg,0.0050071002915501595,0,0.5
a11aea93-918f-43d7-a8c5-61879b3434bb.jpg,9.053479516296647e-06,0,0.5
a11e9fef-1a77-4256-88ef-51d432e1b376.jpg,0.003247444983571768,0,0.5
a129475b-6ef3-4495-9373-ee1b2a642ec1.jpg,0.002741849049925804,0,0.5
a139f955-735c-4ad4-bd71-ddae5c93d379.jpg,3.517400909913704e-05,0,0.5
a14297be-c4e8-411f-b4b3-3aa9564955c9.jpg,0.0016736231045797467,0,0.5
a1444292-1102-4292-9bd0-dfbc8218ef3f.jpg,1.008269734370515e-08,0,0.5
a1451b74-07aa-4447-b6fa-606a7b8e6a54.jpg,0.030880946666002274,0,0.5
a147a8a0-4293-4257-9746-ed12876003e3.jpg,1.1086901396950566e-09,0,0.5
a14e7494-15bb-4f4b-b81c-13efe7e33179.jpg,1.0689584996725898e-05,0,0.5
a1652830-b9e2-4f4f-b3e3-05444a727a19.jpg,1.8517986973165534e-05,0,0.5
a1691178-1ab7-46f5-90ad-ff57bd77437f.jpg,4.9886345721006364e-08,0,0.5
a17a7208-cb34-4102-9007-e8d26c5dc56a.jpg,0.16151663661003113,0,0.5
a17a84d1-ffd3-4ee9-944d-430998426cc0.jpg,7.961670235090423e-06,0,0.5
a17c964e-488c-481e-85ab-c801812a7e3e.jpg,7.754181297059404e-09,0,0.5
a17f8433-8e76-49af-a34f-4e86757d8566.jpg,0.00972660630941391,0,0.5
a185da17-ae2c-4d69-97dc-9de9eda2387c.jpg,9.736774700286333e-06,0,0.5
a1a1b62e-2449-4e32-8d4f-3337e6a446fc.jpg,1.033575358633243e-07,0,0.5
a1a4d829-6858-43ed-958a-3e510091a2ad.jpg,0.001638323301449418,0,0.5
a1b9bf0d-2ff6-45c0-a2e2-d45bf0e0abb1.jpg,2.897906369980774e-06,0,0.5
a1bf87b2-59bc-41f1-96a6-7be1f90781b7.jpg,0.00013909269182477146,0,0.5
a1c28b52-cf34-4f9b-ad85-6e3c00ee9200.jpg,0.0003874809481203556,0,0.5
a1d69ff3-f63a-4338-835a-35283a529bb3.jpg,4.8146649334057656e-08,0,0.5
a1d776f7-a58e-4903-9670-8770448e6d90.jpg,0.4435127079486847,0,0.5
a1e378f7-3513-490e-8138-1496343e1202.jpg,8.855690794007387e-06,0,0.5
a1e46ab7-06ed-4c01-85a3-f8a40cb98f36.jpg,1.1285791190474015e-09,0,0.5
a1e600b7-fc27-48a0-81eb-6f2e42a0f39b.jpg,4.9968626569807384e-08,0,0.5
a1f2bbf7-c66a-427f-88ad-72811e9d57f2.jpg,0.10695037245750427,0,0.5
a1fa060e-0987-4e99-aae7-715b55791a32.jpg,0.36053770780563354,0,0.5
a1fa278a-431f-48d7-b2bd-f1392a8fd142.jpg,0.007062831893563271,0,0.5
a20b1d70-219a-4e57-9a81-4e1d9b574530.jpg,0.004416910465806723,0,0.5
a20dabc9-4801-4741-bd4b-d2ec03c79916.jpg,0.01221123244613409,0,0.5
a210f569-0c2e-4b81-b37b-2deec084c0a5.jpg,5.869068445463199e-06,0,0.5
a2120c7f-b81e-4a2a-92c7-5adf4572d200.jpg,5.028231271353434e-07,0,0.5
a21a7c9f-7f72-4336-923c-7703273a8d88.jpg,0.0008538552792742848,0,0.5
a21c11f5-c335-4762-9d4d-9c9719fc361f.jpg,1.9614329715977874e-08,0,0.5
a21e8b55-76fa-47b3-af7a-5f849bb410b0.jpg,4.104062554688426e-06,0,0.5
a21ef32a-4c90-4721-b64e-4d60670f99ab.jpg,0.02535162679851055,0,0.5
a239a51b-dc85-4df4-b342-449d75af56df.jpg,8.347351831616834e-05,0,0.5
a242a201-e5e0-4ad5-8d46-9697f1128c62.jpg,0.03690169379115105,0,0.5
a242ce55-e82f-424e-be50-6ea6ceacf07d.jpg,0.002095400355756283,0,0.5
a2438b88-dcf7-471f-8007-a6e0000358d7.jpg,0.0048234714195132256,0,0.5
a2459c61-35b4-455c-9821-b834aba64b8d.jpg,0.0004433689173310995,0,0.5
a247d957-9654-47c8-92a3-2511c9c86eca.jpg,0.00665954640135169,0,0.5
a24b40f6-03a8-43dd-84ec-a4e981d6c2f4.jpg,1.098915709007997e-05,0,0.5
a24e14f0-8524-4eaa-bec6-5d64540b798e.jpg,0.041763268411159515,0,0.5
a25277b4-c968-4838-9529-bf6261f31854.jpg,0.00011731289851013571,0,0.5
a252c1c5-ef97-43c2-942f-c4bde4f7a71b.jpg,0.0004899210762232542,0,0.5
a2559850-ab9f-4292-a351-d3ec6e138690.jpg,7.847031042729213e-07,0,0.5
a26107a4-186f-4614-a4c8-2f06c52df3b3.jpg,0.00017883772670757025,0,0.5
a26a3ca5-7c99-451d-8e78-14c4b27869e1.jpg,0.0013581177918240428,0,0.5
a26eb421-25a3-4033-b5df-554a3960e1a5.jpg,2.8170793484605383e-06,0,0.5
a2704c61-f15f-4ff6-9cd1-df2fc99bf972.jpg,3.8829259252359805e-10,0,0.5
a281bd35-71b2-458f-b022-695e810d0996.jpg,4.8166770284296945e-05,0,0.5
a283d074-8a0f-43f9-8637-328490f4797b.jpg,0.00033836503280326724,0,0.5
a287297c-0bfe-4f29-bcbe-8ffadb892ce3.jpg,3.629561362572531e-08,0,0.5
a291770c-813b-43eb-a924-3743f7395d75.jpg,8.600222827226389e-07,0,0.5
a2974040-3eed-4c8b-bd11-87ffe38eb0ad.jpg,6.546769100168603e-07,0,0.5
a2996241-be3f-4352-b941-cdcb14fa8370.jpg,0.00028029968962073326,0,0.5
a2ad06cb-99aa-4208-a344-f861100ac456.jpg,4.443930265551899e-06,0,0.5
a2b263d7-3735-4db1-b665-80cf5b309433.jpg,7.644146535312757e-06,0,0.5
a2b3c268-97b9-429d-a6da-283207e4986d.jpg,3.3125929803645704e-06,0,0.5
a2b4270e-9711-4925-82c9-cbab73f5e521.jpg,0.0008001712849363685,0,0.5
a2b55e83-f2ac-4614-a3c9-cbe2381d008b.jpg,8.973384865385015e-06,0,0.5
a2b5b05a-d1c4-4215-9bb8-33db1abf518d.jpg,1.827152300393209e-05,0,0.5
a2b61b34-afcf-4904-a11d-56a27d1a07e4.jpg,2.3650179592493714e-09,0,0.5
a2b99ea6-72e9-4ad2-8213-f2f7143b7869.jpg,0.6339914202690125,1,0.5
a2bad348-ea29-4652-92b9-3c3149781256.jpg,6.749512060366669e-10,0,0.5
a2c5531b-21e1-4be8-bc9b-a3b1d8ba8e06.jpg,1.7843930777416972e-08,0,0.5
a2c9e899-fdc9-479d-9d6b-0b8657f72fea.jpg,5.643008989864029e-05,0,0.5
a2ca2f6a-3110-4d11-a79b-42bb82dfc41f.jpg,2.880422123041626e-09,0,0.5
a2ccf6c6-51e6-4acc-aec0-7a72c812d503.jpg,0.016813339665532112,0,0.5
a2d20082-b2d6-409f-a34d-e2a28ec9e91d.jpg,0.9939486980438232,1,0.5
a2e86427-3231-4cd9-b944-4a13c68b9821.jpg,4.405545794838872e-08,0,0.5
a2f30496-7561-48d8-96f6-9ab5a86377a3.jpg,9.677732123236638e-06,0,0.5
a30176e8-9d61-40c4-a14c-96b4eccb58ce.jpg,0.7308437824249268,1,0.5
a30ac0f2-5b98-41ae-943f-c1c91b57488f.jpg,5.422464164439589e-05,0,0.5
a30f0f87-608c-48ea-9ebb-dac7511ae7d1.jpg,0.0016703923465684056,0,0.5
a31336f6-a070-490c-b996-9961f827be1e.jpg,7.650711631868035e-05,0,0.5
a3146b71-5563-4f7b-9dd4-d861137d6298.jpg,0.15783607959747314,0,0.5
a316314d-afc3-4a6c-b302-f347a4aefd28.jpg,1.4512709185510175e-06,0,0.5
a31a6f17-6c2c-4aff-992e-8e8be48f0069.jpg,3.0291076313915255e-09,0,0.5
a32bce5b-10a5-4a0d-9056-1c5062567c34.jpg,0.002092810347676277,0,0.5
a3392026-779c-4651-8916-9fc794db7203.jpg,1.7285981357417768e-06,0,0.5
a340f6b8-49bc-4218-82f0-1b0f9f835d16.jpg,1.5627402945028734e-06,0,0.5
a347eb25-4d81-4e31-91dc-4599062337f2.jpg,1.1005222404492088e-06,0,0.5
a348a9e9-abb3-46af-99cd-1d62c074e0c8.jpg,0.04972921684384346,0,0.5
a34919a2-1371-4e2a-83a9-feaa6a93fc08.jpg,3.9847242305768305e-07,0,0.5
a3510932-dcad-4156-bb4c-ccaa02919f86.jpg,0.06095545366406441,0,0.5
a35177f6-fdbe-491b-af6b-456855707c73.jpg,2.005710486585599e-09,0,0.5
a35a2f66-60b5-4d62-af12-56b79a989626.jpg,0.0034872631076723337,0,0.5
a35d6558-eda4-41f5-a62a-4cf09616154a.jpg,1.3266185305838007e-06,0,0.5
a3656f91-cc1a-4420-9411-1030a439365a.jpg,0.0008059515384957194,0,0.5
a369e579-628d-486e-85c4-cd5ab542bf3d.jpg,7.983026080182754e-07,0,0.5
a37009c7-7a53-4924-aeed-8d586468b84b.jpg,0.04814625903964043,0,0.5
a378de62-957d-47be-8552-62122b961ab7.jpg,5.7066816225415096e-05,0,0.5
a37f9d1d-a5ba-4f93-8080-45f7c720929b.jpg,3.5608986763691064e-06,0,0.5
a380e08b-e891-47dd-85c4-e739d323b3f4.jpg,0.0002600790758151561,0,0.5
a38424df-c26b-4dac-8cc0-a1ee943b1e02.jpg,1.1977151643804973e-06,0,0.5
a38ad6b0-8f5b-44b1-9869-7e8700d4d333.jpg,0.0014405394904315472,0,0.5
a3904d94-ca00-44c9-8750-9567ad4852b5.jpg,4.178914707608783e-07,0,0.5
a3930ad8-d265-4611-b221-cbb7a7b46e18.jpg,0.0002885619178414345,0,0.5
a3a05b52-5d01-4974-bbf6-671f7dca56bf.jpg,7.642646960448474e-05,0,0.5
a3a86670-89f3-41ab-922d-eab40fa077e7.jpg,1.4930143379388028e-06,0,0.5
a3aab6a3-cbc4-4ae7-98ae-e97304399ae1.jpg,5.145400905348652e-07,0,0.5
a3b1e09c-8851-4fb9-a040-879c7f8646f6.jpg,5.171314569452079e-06,0,0.5
a3b22fdd-447d-4ae0-9474-da8081126ad6.jpg,0.027731742709875107,0,0.5
a3b5429c-6b92-4b2e-8634-c081cd34f255.jpg,0.017338033765554428,0,0.5
a3b92b7d-682f-4fc8-aa27-993ea0d62e72.jpg,4.661069308298238e-09,0,0.5
a3c11778-4973-4ffe-89b5-ac14cde35083.jpg,7.864386134315282e-05,0,0.5
a3c181e0-acd6-48a2-bf14-0c782beaf3f8.jpg,0.00572976004332304,0,0.5
a3d27b5d-5a49-41e8-89fd-83939452e1e9.jpg,8.535226414529973e-10,0,0.5
a3e1c104-602a-476e-8721-755559ad2987.jpg,0.0014429173897951841,0,0.5
a3e3f2fd-1be0-4444-97d5-f27fafa114ae.jpg,0.011669030413031578,0,0.5
a3e916e6-b3fa-45f5-86a6-ff815dcfa7a9.jpg,0.03404369577765465,0,0.5
a3f4ed67-9f7f-4a9a-bf73-8a4716d00492.jpg,2.4298785206156026e-07,0,0.5
a3f92455-042c-4d59-b5eb-e7666c0c721c.jpg,0.9188669919967651,1,0.5
a3fd5ff3-fdfa-4524-b210-35b43b8eebfe.jpg,0.0195605531334877,0,0.5
a4039f27-a7ee-45f5-9145-63bf816b7206.jpg,0.11060542613267899,0,0.5
a405c810-a2e5-48c0-9bbb-40f8495c3bb1.jpg,1.9998133211629465e-06,0,0.5
a4066929-9131-42d2-bb22-794c41feeaad.jpg,0.031774163246154785,0,0.5
a406d6d5-a61e-410e-b6c1-a6541558692d.jpg,0.008894532918930054,0,0.5
a40e7949-e2fb-4516-81d5-30fa7d0fc2ce.jpg,1.7372568095197494e-07,0,0.5
a4115e42-01e5-494f-8e68-87cc6e9ad43a.jpg,0.02306995913386345,0,0.5
a4119fa1-d98e-43df-ac11-3cd91daf44bc.jpg,0.00017701128672342747,0,0.5
a41504d5-feb3-4444-b312-be3b82becb7c.jpg,0.0004976271884515882,0,0.5
a41dde08-aaaf-4136-8ef5-99c83e7fac62.jpg,0.06933128088712692,0,0.5
a424daab-47e3-4ae7-a538-f0ff811b7a51.jpg,0.0012046013725921512,0,0.5
a42fcc93-595c-4c7b-9699-d61c6498f9ca.jpg,0.0012786331353709102,0,0.5
a435ae4c-b22a-4d59-aecc-d5e76852b045.jpg,0.006430432666093111,0,0.5
a436ea6b-8011-40fd-8022-e887a331ed03.jpg,4.672690556617454e-05,0,0.5
a440d830-627c-46ed-9c10-732df8e8998d.jpg,2.0391090060911665e-07,0,0.5
a44b088c-cf88-4b45-99af-9b62b6650156.jpg,8.408866960962769e-06,0,0.5
a45560ed-4ac0-43c2-822b-f5a4ef990210.jpg,8.653165423311293e-05,0,0.5
a45b4d9c-1963-489f-a4bf-4f7de805e71e.jpg,0.000967346248216927,0,0.5
a4614766-35e3-4b51-9003-a7a13ac0ac52.jpg,5.9129742879804326e-08,0,0.5
a4688485-bea7-4674-909b-649c11499762.jpg,2.2997448468231596e-05,0,0.5
a470b12b-ca61-4015-9717-cbe798ea1305.jpg,0.00015481813170481473,0,0.5
a4713882-b661-4a36-a632-99a188ce83e2.jpg,7.62898935136036e-08,0,0.5
a47c8b1e-fb65-4e86-8457-a94149a48faa.jpg,9.245603723684326e-05,0,0.5
a4817821-b86c-49f6-92ee-16dd6ca6633a.jpg,0.004616688471287489,0,0.5
a4839f59-043e-451d-83a9-2b09bbb2c660.jpg,5.700118435925106e-06,0,0.5
a49097db-23a2-4ae2-a7fd-20d7664c576d.jpg,0.12011567503213882,0,0.5
a4997a54-2af5-4734-9c10-e3e4ca854d47.jpg,1.5804989317302898e-08,0,0.5
a4a0aec8-04ad-4956-9106-60adb110ea44.jpg,0.020053040236234665,0,0.5
a4a47853-3329-4629-85cc-30582a4f084f.jpg,1.508839977759635e-05,0,0.5
a4bece4d-1aa1-4e6d-a69d-50b5cfe821c3.jpg,0.01768467016518116,0,0.5
a4c0e314-816f-4742-8253-e0b03536f18c.jpg,4.0861223737920227e-07,0,0.5
a4c16182-34a9-4be3-9293-eac369894fd9.jpg,1.4303797035708499e-09,0,0.5
a4d107bc-c254-4345-8e2d-cf355b629406.jpg,2.036629302892834e-05,0,0.5
a4d62302-48e0-409b-85a2-0a07920facf2.jpg,1.0417284812547223e-09,0,0.5
a4db6134-1879-4c59-94be-fc83ffc987a9.jpg,0.0005742624052800238,0,0.5
a4dbb99f-8d6f-42c0-9876-3f3623d259b5.jpg,0.0028483776841312647,0,0.5
a4fa82a9-2246-40de-a802-6db700ff69b0.jpg,0.022022627294063568,0,0.5
a50f3f7e-809b-44b4-8f40-44784d0acbd3.jpg,0.02019493095576763,0,0.5
a516665c-f805-41ee-b505-ad1eb6a1dddf.jpg,0.06280393898487091,0,0.5
a519b1dc-baf5-4eab-acb5-879a78d74c26.jpg,0.00015268256538547575,0,0.5
a51c9d88-a519-4bfd-8aab-cc3c364aeecb.jpg,1.6239069736911915e-05,0,0.5
a51f4443-b2b8-4c88-86bf-8730da26956d.jpg,0.00027194918948225677,0,0.5
a525fa66-8870-4a3c-af55-e5539fb12cab.jpg,0.9940817952156067,1,0.5
a52837f2-7f13-427a-be05-41bbd46c3a45.jpg,7.60793719689623e-11,0,0.5
a52bcb6b-90bb-4245-bc9e-798b138695c7.jpg,0.033222656697034836,0,0.5
a53e7f62-cf14-47d8-9722-4b308475571d.jpg,5.521700586541556e-06,0,0.5
a54085fd-c6c8-4dae-96f6-b68a479e610c.jpg,0.004593314602971077,0,0.5
a544ba9f-05cb-481f-87a2-6512a7b9eb6e.jpg,0.0001740708394208923,0,0.5
a549a1c2-ae7e-4ff5-8266-b92bd22d9331.jpg,0.03169739991426468,0,0.5
a54af451-5edc-4d5a-888e-d2d65c70fe9c.jpg,0.0027566938661038876,0,0.5
a54f463d-4170-4fbd-ac1b-5d24020d1685.jpg,0.018038416281342506,0,0.5
a551f386-5e59-4914-a401-4b906664c682.jpg,0.153495192527771,0,0.5
a55f9cf1-e341-4157-98ef-9fa4842f9804.jpg,8.587641673329927e-07,0,0.5
a563fbc7-de27-4185-a546-f6b4022e16bd.jpg,0.010211705230176449,0,0.5
a574d6a7-53a1-4a04-9250-46446a442f5a.jpg,9.541027247905731e-05,0,0.5
a575d5f6-297c-4e2d-a5f7-fe834920bac2.jpg,0.0009198012994602323,0,0.5
a5826b16-fde5-4f8b-93e4-438cd6e60bd0.jpg,8.751772917481304e-11,0,0.5
a582bc3a-8e7d-4464-8722-c83dd96d12da.jpg,0.00013319832214619964,0,0.5
a593ca7a-0848-4e1d-9b28-918748979b66.jpg,3.4754390298985527e-07,0,0.5
a59ade4a-fa33-4d12-9d8c-1eb500128242.jpg,0.3662651479244232,0,0.5
a59c9ea8-9973-4d26-81ac-fd49c7ac4c77.jpg,2.8912339189446357e-08,0,0.5
a59f0177-60a4-4a92-ab54-9a6350cb539b.jpg,0.0002515532250981778,0,0.5
a5a87ac4-df33-48c1-9c52-bcbd438fb2c5.jpg,7.662086318305228e-06,0,0.5
a5ae9e90-eb29-4c7e-8f9a-2cb1ba2907e5.jpg,6.528291123686358e-05,0,0.5
a5af92ed-e02d-4b84-9777-c1634a9878a6.jpg,0.030179457738995552,0,0.5
a5b92723-9bb9-4601-817b-a4bd2017cf7a.jpg,0.002814188599586487,0,0.5
a5bfde8a-c3bd-4746-b47a-f067d49ec1e6.jpg,3.3774053008528426e-05,0,0.5
a5c84f14-8e1e-473d-8b46-81b042cd5480.jpg,0.05196424573659897,0,0.5
a5c890d6-c036-4e9c-9de1-23f1f2c121d5.jpg,4.7082498895179015e-06,0,0.5
a5cc5eea-ec5a-4efb-ab07-4389b576d3a5.jpg,0.0017701908946037292,0,0.5
a5d155db-af8f-4839-86bc-8e99bf93f9e7.jpg,0.007024402264505625,0,0.5
a5d7697e-cfb2-4993-8927-670f0e10ee01.jpg,5.6228327593998984e-05,0,0.5
a5ddd882-3b54-4f52-ae6d-61bfb27fee82.jpg,4.5543415581050795e-06,0,0.5
a5fd3e76-6467-412e-a221-9ad16ddd8bf4.jpg,1.6365081734193154e-08,0,0.5
a5fef527-fb62-4ac1-932d-591ddfa42d52.jpg,2.093041757689207e-06,0,0.5
a606e906-8fa3-48b2-b71c-9cb1b87a99a3.jpg,0.4493848979473114,0,0.5
a618e246-2a13-448b-aab1-e8c1c94b66ef.jpg,0.023948656395077705,0,0.5
a61a4a21-4848-4ca1-9ccf-cb74e73000dd.jpg,5.50206550542498e-07,0,0.5
a61d8cdf-d670-45dc-959b-d5f8ada45160.jpg,0.11312800645828247,0,0.5
a61ef71b-2a9d-4cdd-87f4-49af1dbb56f3.jpg,0.0005687294760718942,0,0.5
a62342a9-c15d-4bbe-a75c-49ac62d2d577.jpg,0.9996558427810669,1,0.5
a62d3e2c-8e41-4e06-8745-6bf137cbda76.jpg,0.010603237897157669,0,0.5
a631ca42-f179-4535-93a8-76d11bd5d8f3.jpg,7.1809727053562256e-09,0,0.5
a6323ea0-9525-4482-959c-b49d68c67ace.jpg,2.445614336465951e-05,0,0.5
a632ff8b-bd70-47de-9c6f-c1f411456960.jpg,0.00011971165076829493,0,0.5
a636a4f6-6dfd-4124-a3ec-a5ff7e84c9bb.jpg,0.028367334976792336,0,0.5
a6386fb6-ed4f-414c-bf08-525ea9870002.jpg,4.4117998143633486e-09,0,0.5
a6397f85-e8a7-4663-8026-821064604b3b.jpg,3.5097846937809374e-14,0,0.5
a6412d01-b341-47a9-a7ae-fa256d8a7532.jpg,3.633231953140137e-12,0,0.5
a64b189f-018c-425b-8e8a-9ffa6f7d420a.jpg,4.52084350399673e-06,0,0.5
a64fb4fe-a1a2-4ab9-8a69-fd68d4026387.jpg,0.0025207214057445526,0,0.5
a65821c7-fa5f-4af0-b7e0-280c6c7de7d9.jpg,2.1464673409354873e-05,0,0.5
a65bf30b-a60e-4995-8cca-45faf623f7b9.jpg,0.001874797628261149,0,0.5
a65e84b6-3b05-4c11-884f-25f72f093d2a.jpg,1.6720358644306543e-06,0,0.5
a665f90b-8067-438b-b82e-cae4e9db3759.jpg,0.0001081105656339787,0,0.5
a666e7f8-565f-4c92-90f2-ec31547d1b66.jpg,2.433428214487776e-08,0,0.5
a668360e-0d4c-4561-abe8-f38a4ee30c9c.jpg,0.00021369633032009006,0,0.5
a672d397-2e88-4147-ab57-588c8c198e58.jpg,6.287889959821769e-07,0,0.5
a6745f05-7849-4213-b970-ae74c8212a77.jpg,0.00012589702964760363,0,0.5
a67a9cf9-1505-46b6-b8db-4ad768d1698e.jpg,7.294792794709792e-06,0,0.5
a68c7fca-a56c-4361-bf3d-0aa770ada9c0.jpg,3.559961214705254e-06,0,0.5
a690e446-3f7b-4bbf-a03b-fb1dff4bb984.jpg,0.0004778843722306192,0,0.5
a6915e7c-ecc1-450a-b5d5-82774b555876.jpg,0.01610470376908779,0,0.5
a694a21f-4b59-4ec9-af86-b6b9eaca7594.jpg,4.309776704758406e-05,0,0.5
a694ebca-3b54-4988-a1bd-55c50c56e46a.jpg,4.26719561801292e-05,0,0.5
a69796d5-9a29-495d-a282-6f9a18d86948.jpg,1.1109355000371579e-05,0,0.5
a699bda4-65fb-45c9-929b-3995e689987e.jpg,4.42216020246633e-07,0,0.5
a69e0b18-ad73-4303-8514-c36a1fd07a2c.jpg,0.6921147704124451,1,0.5
a69fe224-2f4c-45c4-9acf-0b996fbe8a80.jpg,8.686851288075559e-06,0,0.5
a6c08a18-5863-4e54-98ad-d90287f96886.jpg,2.5208039460267173e-06,0,0.5
a6c29296-6a11-4773-83b8-89d37ca04237.jpg,5.254776525021043e-08,0,0.5
a6d57113-8702-4144-8561-cad087dafb9b.jpg,0.00021295475016813725,0,0.5
a6dc3602-1539-4c0d-9322-defb8d1cfbfe.jpg,1.018474526937041e-09,0,0.5
a6e4463c-5a52-4b26-aaef-a9ec9ecc5af1.jpg,5.731822056986857e-06,0,0.5
a6ea1644-5492-4a48-b4a5-c0f629d0f0a3.jpg,0.01973976381123066,0,0.5
a6ef2f60-6cd6-4def-b5fb-8e8cee89726c.jpg,0.0033481537830084562,0,0.5
a6f8a5aa-d0e1-48b8-917d-b687942302e8.jpg,1.600497489562258e-05,0,0.5
a7043889-6338-4812-b20d-14b62380dcfb.jpg,0.0005223998450674117,0,0.5
a7060582-afa7-48ee-904c-8ee9e18ed974.jpg,1.3783784424958867e-07,0,0.5
a7071f55-0def-4626-bc64-1ce131e6c6ec.jpg,0.002203152049332857,0,0.5
a707935b-683d-46fc-aa21-be0dbbcfac0b.jpg,2.5016448489623144e-05,0,0.5
a7125ff1-ed36-4655-ab40-d1770dacd120.jpg,7.382449257420376e-05,0,0.5
a715415f-3b39-4482-bc4e-cbe982de7684.jpg,0.005492659751325846,0,0.5
a7272962-c74b-4276-b01a-f66d58e0faee.jpg,2.0511071952000748e-08,0,0.5
a72f1d3e-b369-43f5-9e81-79a3de741748.jpg,1.365642737782835e-10,0,0.5
a73313d4-eae2-4c74-876f-e68cc018ef45.jpg,0.2103901207447052,0,0.5
a73e71f7-f909-4e26-9609-bda7de5f91f0.jpg,5.112242797622457e-05,0,0.5
a73f4991-9228-4df9-a1ed-d00021116851.jpg,0.0002233799605164677,0,0.5
a74c9c1e-90e9-434f-a9d3-066a2385ec08.jpg,0.00012422453437466174,0,0.5
a757eb63-2b38-43b6-9db9-c4d4495ef92b.jpg,0.0007511177100241184,0,0.5
a7588063-5812-471a-bc76-b6f757a85b79.jpg,0.0026817636098712683,0,0.5
a760ce8d-b216-4139-a3f7-c8d7877a194f.jpg,9.089037433795966e-08,0,0.5
a765bf8a-8425-49ba-b676-f9ca92771ef0.jpg,3.218806341465097e-06,0,0.5
a7685af3-e24c-4a59-bd89-5f16d670ab3d.jpg,0.7974737286567688,1,0.5
a768de4d-6858-4660-b814-0719eb664065.jpg,6.297304207691923e-05,0,0.5
a76c9053-0a5a-409e-9efb-d61227315b0a.jpg,4.412653652252629e-06,0,0.5
a7765c99-c6c9-45fc-bd61-edebb4eda5f2.jpg,0.0005767690017819405,0,0.5
a7799164-e5b2-45df-923f-3cffe142ee6c.jpg,1.7113952708314173e-05,0,0.5
a77d8ae3-6552-4ab5-bbb0-c64b6d6440b9.jpg,2.004065247085407e-10,0,0.5
a78693de-e364-4666-86df-c6262504e9ab.jpg,6.1690457187069114e-06,0,0.5
a789f9cd-532e-4535-b7bf-f77c959d51d5.jpg,0.02588123455643654,0,0.5
a792c273-09b0-4aee-8876-f4e79b4af544.jpg,0.2635538578033447,0,0.5
a798fba6-f499-40c3-a8d7-3cfbc753eeee.jpg,0.001744894660077989,0,0.5
a79db829-d597-4641-afa4-f2025b222db2.jpg,0.033664919435977936,0,0.5
a7a415dd-c47e-4753-a422-7e141387970e.jpg,7.968285444803769e-07,0,0.5
a7b5c630-e2c7-4250-a5c2-98c95aef42a5.jpg,0.013587805442512035,0,0.5
a7c3292e-2e6c-406d-bb76-e342356e3efe.jpg,8.360976607946213e-06,0,0.5
a7c49be0-eeea-42d4-9088-272922329b29.jpg,6.919891575307702e-07,0,0.5
a7c8bc62-d8d4-43b0-b937-aa0d45add917.jpg,9.376681191497482e-06,0,0.5
a7ce03f3-2e71-4dbd-9c4b-5442f4738827.jpg,0.5954360365867615,1,0.5
a7cfc236-750e-4525-951b-089c916fd835.jpg,7.464349138786019e-10,0,0.5
a7d56131-1b2a-48f0-a02f-c85e9522aca6.jpg,0.34390780329704285,0,0.5
a7da5df2-9115-4461-988b-c81bf13b1064.jpg,9.186477655021008e-06,0,0.5
a7e16854-8999-4282-85bf-b1a8af8c94ab.jpg,0.007066942751407623,0,0.5
a7e30b92-fd0f-40e7-8ce2-d4117df53b30.jpg,0.0001826620864449069,0,0.5
a7e66367-3c06-4035-9a40-269ddb9b04d1.jpg,1.4005173909481528e-07,0,0.5
a7e71bc9-3fb8-4430-a353-3f01bb1b6307.jpg,0.0003407352196518332,0,0.5
a7ec710a-4104-4e13-bfa5-181409fbdce2.jpg,1.1805298072431469e-07,0,0.5
a7ed5928-0561-4259-9505-60049fc7931f.jpg,3.5759632737608626e-05,0,0.5
a7fda52e-18e4-4c35-b3b8-95c4a1ccffe1.jpg,2.6397337649086694e-08,0,0.5
a80a3188-0b8e-451e-bbd7-7319bdfdeaa6.jpg,0.011628318578004837,0,0.5
a8153d3f-1101-4459-83ce-15d1bd1eaec6.jpg,0.0008125678868964314,0,0.5
a81aeff9-c0dd-4e09-bc34-03ce9b4ae4a3.jpg,0.0011692886473610997,0,0.5
a824e2fc-d157-4771-ac99-b60d9808ffb3.jpg,1.3508370102499612e-06,0,0.5
a83673dc-a510-4175-9898-f574db6903ad.jpg,0.0004998010699637234,0,0.5
a83d541d-073b-4525-af4e-97535485161f.jpg,0.019152939319610596,0,0.5
a8478fa4-83e1-452d-9a95-94f3d6dba82c.jpg,6.40741461666039e-07,0,0.5
a847c4fe-cb46-41af-88ca-53fcb69bcac0.jpg,0.00029087436269037426,0,0.5
a85306a3-0843-4020-b510-1a890ead9da4.jpg,0.00035281392047181726,0,0.5
a85a1494-eb56-4f1e-9893-c4fa4deefe35.jpg,0.004196712281554937,0,0.5
a85a7a51-df3b-48dc-8618-fa0f0d1285bc.jpg,0.02180836908519268,0,0.5
a85e8e0f-08a2-4ee8-89ba-1fdc3594b43b.jpg,0.0006134520517662168,0,0.5
a865b5f6-f940-4727-9021-6be3212d8f52.jpg,0.03893722593784332,0,0.5
a868188a-bab9-402c-939f-99d16f3dd7c7.jpg,9.552985069660735e-10,0,0.5
a86f8599-5319-43fc-95ea-bbb01f077dad.jpg,0.00038272052188403904,0,0.5
a870cb56-c0e9-4a09-90fd-72701a3adba4.jpg,0.00025714392540976405,0,0.5
a87ba59b-29ae-4043-b2e6-a23cf3893fe5.jpg,0.01647247187793255,0,0.5
a882521f-1f66-40bf-885f-f5aa6b616ff5.jpg,6.813370418967679e-05,0,0.5
a8826098-1b69-452c-8062-fd6bc408bc95.jpg,1.4961005945224315e-05,0,0.5
a88450bb-2a5d-4a4e-adf9-4a1af4efc537.jpg,0.014007129706442356,0,0.5
a886f0f8-323b-4826-9228-74cd627e4b52.jpg,6.270533503993647e-06,0,0.5
a8961c7f-402e-446b-aadf-84761dfce498.jpg,0.6768361330032349,1,0.5
a8974b4d-e6fe-4435-ad1d-5068ba86e269.jpg,1.2788123626705783e-07,0,0.5
a8a4520c-485f-416a-9d71-f36bd40c86a8.jpg,0.0023255753330886364,0,0.5
a8a4afe4-b831-4d0c-a166-d88c0ae42bb6.jpg,3.094221181902147e-14,0,0.5
a8a8abae-2baf-47f8-89ee-c7b6059f4714.jpg,9.765128197614104e-06,0,0.5
a8aa58f7-939e-46c8-b47e-2eadab51ebc6.jpg,0.000130246247863397,0,0.5
a8b04099-ddc8-4d5f-9a55-af5aad89609f.jpg,7.758408360203362e-10,0,0.5
a8b11523-79e4-4ef1-8b00-8c59bb065693.jpg,1.879493311207625e-06,0,0.5
a8b6ee2b-1af8-483a-b035-b327abd53f10.jpg,0.00021579134045168757,0,0.5
a8bc72b9-8809-416c-8c4f-9b5e60e4a37c.jpg,0.0011443250114098191,0,0.5
a8c7042f-a2c1-46d0-ace2-c0e4337a68e4.jpg,0.00015974596317391843,0,0.5
a8cbff03-47a3-4769-88b2-61df7931c7a0.jpg,1.0090009254781762e-06,0,0.5
a8ce5c2b-3bec-4a5f-8952-4c8a14fb717e.jpg,0.0007321806042455137,0,0.5
a8dec344-8def-4bfb-8377-2be46328c470.jpg,0.00040209369035437703,0,0.5
a8f232ad-999b-492a-a9ee-0d491b62b303.jpg,0.00014898217341396958,0,0.5
a8f34adb-9183-4ad7-872d-081e32fa08bf.jpg,1.5500999372974889e-09,0,0.5
a907e9a2-b424-4067-a92e-353f9475ccda.jpg,3.64269430974673e-06,0,0.5
a9084d0a-0a6c-4ef0-8cc5-e4dec75d6185.jpg,0.00012058430729666725,0,0.5
a9131908-45b1-43b6-bc55-adc43a6474a0.jpg,0.000915949756745249,0,0.5
a916d194-3e8e-4a95-bee7-3081d92a1a80.jpg,4.538934081210755e-05,0,0.5
a91b6544-d091-4902-aa56-ad955b2372cc.jpg,0.005317267030477524,0,0.5
a91d6687-f0e1-4563-8b0f-c0076ef622e4.jpg,0.0003105892101302743,0,0.5
a927b117-b4c1-42df-bdbc-452fd0965f26.jpg,0.08442667126655579,0,0.5
a92d4bb5-b820-40e5-b272-1736b22bb648.jpg,0.6511785984039307,1,0.5
a92f00fe-cae8-41df-a368-a3535c5c6a9e.jpg,0.012104553170502186,0,0.5
a92f2db3-ebdd-4263-830c-a136c4864b79.jpg,1.2923983376822434e-06,0,0.5
a92f5053-72c4-4a3c-890b-8f0ea3f38013.jpg,8.91565578058362e-05,0,0.5
a933d62b-4dc9-4d9b-8b69-c9d70a131820.jpg,0.022000519558787346,0,0.5
a936578d-6585-495c-a92f-5cc32a08dc25.jpg,8.487042941851541e-05,0,0.5
a93b7829-bf6b-4e94-bde2-87c759664e74.jpg,1.4726467725267867e-06,0,0.5
a93d07c9-d241-4b70-9eda-742bed1dfcab.jpg,4.788472551808809e-08,0,0.5
a94193e5-d1e6-4b4b-8e36-04db1591fa16.jpg,0.9994753003120422,1,0.5
a954d3fb-54b1-4b8c-ae83-55a4a134a0e8.jpg,0.27039164304733276,0,0.5
a9573c23-9052-421f-867b-ccb9803b23d1.jpg,0.005093681626021862,0,0.5
a96d6c4f-5217-46dc-b8de-ab8e042d39b2.jpg,7.575564064943308e-10,0,0.5
a984e971-5624-4b1a-8a83-38dc7a88f14d.jpg,4.568461463350104e-06,0,0.5
a98662db-b3fd-4ba2-8443-d27cb8a633a6.jpg,0.0003252714523114264,0,0.5
a989c074-2440-4c48-b0ca-b438923a2e7c.jpg,1.099597966458532e-06,0,0.5
a9953ecd-efe4-44d3-aa69-1cce00b632a6.jpg,1.1215796803298872e-05,0,0.5
a99607f3-9eab-4f02-8b5b-a7d2336e1459.jpg,0.004256915301084518,0,0.5
a9976676-6995-4c6b-9fff-da925e269e40.jpg,1.1451795671746368e-06,0,0.5
a99996b1-0f96-4063-a644-02f2ad91f8d1.jpg,1.8137318136268732e-07,0,0.5
a99ad8db-80fd-4b03-bc52-3d10f2428ac0.jpg,6.938778795984035e-08,0,0.5
a99b9d8d-eab2-44d6-a55f-675dc5e0fa54.jpg,0.003997924737632275,0,0.5
a99d9a66-b15c-43ea-8a7e-0fb6c728249e.jpg,2.2196532881935127e-05,0,0.5
a9a52864-fa0d-4476-9019-1e6db2f5145c.jpg,1.8566435500133593e-08,0,0.5
a9abcd3c-34b5-47f5-8f19-85b9e501c943.jpg,0.0072014546021819115,0,0.5
a9b09203-0f3c-494a-9487-827cf3785539.jpg,3.859041680698283e-05,0,0.5
a9b724e3-6b65-45aa-8a27-dbfceace8a0a.jpg,1.0910150194831658e-05,0,0.5
a9bb6e2b-4dba-4774-9747-8024e4c0c8de.jpg,0.002620082348585129,0,0.5
a9c95ee5-c379-46e1-8cd4-86e6a27f30b7.jpg,3.326381659007893e-07,0,0.5
a9cc85c6-ca2f-4dc2-b924-6d93bdac9a9d.jpg,0.014279208146035671,0,0.5
a9d5e1f7-7055-4709-9b53-d22bdc5eae8b.jpg,1.2631076629077143e-07,0,0.5
a9d68468-ad04-4dc0-b763-fd0fd425741a.jpg,0.00014701455074828118,0,0.5
a9d6f413-4f97-4337-9b2b-2c57e5766206.jpg,0.998211145401001,1,0.5
a9d70e37-2a2a-4293-8324-fbbee0b90a45.jpg,1.3003701724301209e-06,0,0.5
a9dc00ec-dcce-4fb5-805c-43683a07c469.jpg,2.9011912374699023e-06,0,0.5
a9e20011-34b9-4c79-87fe-b85bc9099733.jpg,5.826847700518556e-05,0,0.5
a9e8a620-c346-4806-a214-4b0cadb408c8.jpg,0.1902695894241333,0,0.5
a9f1c332-3062-4e2b-a68c-581a99cc150a.jpg,0.0017383116064593196,0,0.5
a9f244be-9578-4dc0-b85b-0c0453650648.jpg,0.0002466021978762001,0,0.5
a9f843b1-e1d2-4e49-85a5-d38a7bbbfa93.jpg,0.001242612604983151,0,0.5
a9f89056-081b-4df5-8ffc-400ad9acc27d.jpg,0.005861325189471245,0,0.5
a9fab0e5-45d5-4b4c-a8a3-8369c8061bc9.jpg,0.002662425162270665,0,0.5
a9fc0bb8-ad07-43b3-941a-610e7ba02391.jpg,9.516927548247622e-07,0,0.5
aa06857d-608a-41cf-ac19-dbc98269ce55.jpg,0.25143423676490784,0,0.5
aa07767a-7cb5-4dfe-984c-7c8939ebda57.jpg,0.0005942487623542547,0,0.5
aa0b8f7a-11b9-4d67-bcda-f0e743482637.jpg,3.491188935167422e-11,0,0.5
aa1519d6-4fd8-4a99-aa1f-d08624e059ec.jpg,0.04054506868124008,0,0.5
aa155490-c0b4-4073-8be1-5df5b4fb525f.jpg,0.0004152815090492368,0,0.5
aa2265d9-e48a-48ef-a257-e01bbb8b5762.jpg,4.9474710976937786e-06,0,0.5
aa3796f3-4bae-468d-ad4e-762e7bc8c2bb.jpg,0.13882941007614136,0,0.5
aa40c542-6585-44d0-bede-92c78038ef5f.jpg,6.436599505832419e-05,0,0.5
aa48358b-5f4b-4b3b-830e-b5dbd32f2930.jpg,2.779778753847495e-07,0,0.5
aa4bc38d-5be6-481b-aa0b-072cf30e989d.jpg,7.542881940025836e-05,0,0.5
aa4f32b8-2650-4207-94da-aff01b8ed012.jpg,0.025257987901568413,0,0.5
aa5603cb-bfda-4ca2-a6cd-5f6964b9f57a.jpg,0.033669017255306244,0,0.5
aa63a5bf-750b-4cac-9226-1dd60435cd96.jpg,0.00047823137720115483,0,0.5
aa65d0e0-c7df-4928-bdaf-a39d6a154f13.jpg,0.06745928525924683,0,0.5
aa69b578-a04f-4db6-a3c4-ed3cde0fd49f.jpg,2.431317192019833e-08,0,0.5
aa6afb42-9466-4410-a024-6872f059019c.jpg,7.278993763293329e-08,0,0.5
aa9484ea-ac3c-4040-a20f-d7bb6812b99b.jpg,0.04183337837457657,0,0.5
aaa21da2-0cfe-4859-9a3e-5b9b5aed8628.jpg,2.853010983017157e-06,0,0.5
aaa6206d-47fd-4724-b0ae-2b7855ad0770.jpg,0.6426690220832825,1,0.5
aaa6f57b-90fa-47e7-ae2d-50cdfc8cadfd.jpg,2.505712259903703e-08,0,0.5
aaaa16ce-95b4-4fa7-a1fc-378f99972f1b.jpg,1.4539645043498695e-08,0,0.5
aaae5620-75ce-4c3c-bc49-14b08458156d.jpg,0.0026831666473299265,0,0.5
aab71ba7-804e-4583-a847-c65d5f97b0db.jpg,0.042058315128088,0,0.5
aabe63d4-86fe-4c35-b1a3-76744564e863.jpg,0.15623603761196136,0,0.5
aabed0a3-17a9-404d-84e3-46dc25c981da.jpg,0.0002168430364690721,0,0.5
aac5c64b-07c6-4356-89e6-d52ec10f793c.jpg,4.133231925607106e-07,0,0.5
aacade62-16d6-4e65-bbff-37c91e344413.jpg,0.000477251858683303,0,0.5
aad317ba-220f-4a9e-8239-3fa73fbb5e2a.jpg,0.7481583952903748,1,0.5
aadc83a9-c5f0-41da-b357-b08ce450c4b6.jpg,0.0005692653940059245,0,0.5
aae391e8-6a8a-44c9-a171-e02a9dda5a4a.jpg,1.033477110468084e-05,0,0.5
aae7a031-efc0-4130-978b-ea3722331845.jpg,0.004713112488389015,0,0.5
aae947e8-957e-4ab9-b735-93c1da9a47a4.jpg,1.4291414629497012e-07,0,0.5
aaeccfcc-2e50-4c89-b863-542a64bb94b5.jpg,1.9471810901450226e-06,0,0.5
aaf294b9-cf7e-4ca8-9617-f0943403698d.jpg,4.92222752654925e-05,0,0.5
aaf5bc42-7ed5-4e53-8a0d-0dc022d28540.jpg,6.486307313480211e-08,0,0.5
ab026812-fd1c-45e8-930b-2f11aeb1239c.jpg,0.037214167416095734,0,0.5
ab08de5f-a99c-472e-9f4a-a6ee1115812c.jpg,0.027135375887155533,0,0.5
ab12bc73-15b3-4a38-bb76-ee2edf7ec1f8.jpg,0.0006267790449783206,0,0.5
ab282cee-0225-4500-94d5-e7987f15aa50.jpg,0.025015225633978844,0,0.5
ab3d7eda-36a9-4507-8ec1-0a5209860f99.jpg,0.0018847713945433497,0,0.5
ab3da9f9-8320-4f7d-be3c-3243808e23b9.jpg,5.760740151572463e-08,0,0.5
ab43f383-267e-4214-a668-3019b00d38e6.jpg,6.438077662096475e-07,0,0.5
ab490911-39bf-4985-a15e-872a20bc69b9.jpg,0.016829924657940865,0,0.5
ab4959e3-e7c0-42ec-a796-6388b5f5dd98.jpg,0.00039386985008604825,0,0.5
ab51176d-f4bb-4738-bfb3-23ba8ba81d34.jpg,0.0006317063234746456,0,0.5
ab57dd4a-340e-41b8-8a6f-c3f4b4134b2d.jpg,0.00016259199765045196,0,0.5
ab5e19c6-156b-4c24-bf0e-b28c11769ad9.jpg,0.00721430778503418,0,0.5
ab64bac3-fb8c-4a41-a756-bb2313224020.jpg,0.00023970240727066994,0,0.5
ab6772ed-6738-4e47-868d-6aa8ebd712f8.jpg,3.1743022645969177e-06,0,0.5
ab6d1220-e800-47c8-81be-40bb1ac26142.jpg,0.0007301660953089595,0,0.5
ab6eafe5-2b59-4652-a606-65c54f65d958.jpg,1.4979246998336748e-06,0,0.5
ab712c84-2458-4c54-8cb8-6bfcfbc835af.jpg,0.00013359518197830766,0,0.5
ab7332d3-8138-4748-81db-ed0e1e0e6662.jpg,0.008930878713726997,0,0.5
ab7d57c4-5bdb-4d11-a8df-ec1ab8d9c08c.jpg,0.0004875433223787695,0,0.5
ab821de4-4b6c-4a40-8975-ce4f54382b97.jpg,7.368196719426123e-08,0,0.5
ab8fae43-d38d-4cea-86df-7f623b97456e.jpg,9.550783033773769e-06,0,0.5
ab922c89-2a1f-4aaa-b5d0-ded3697c63f5.jpg,0.2377188354730606,0,0.5
ab98d4c0-c666-4658-9807-cecba2afa2ab.jpg,4.782021642313339e-05,0,0.5
ab98f7e8-0177-416f-9cf3-1388bc22f674.jpg,0.595754086971283,1,0.5
ab9f8406-09e7-4c86-9347-16ec365fc48a.jpg,2.8048634703736752e-05,0,0.5
abb04b10-89b0-4fbc-93cf-978ce96678cb.jpg,0.00408905977383256,0,0.5
abb0eb37-4341-46a7-be21-5f545d54ab2e.jpg,0.05298060551285744,0,0.5
abbad4f9-fb85-44c1-a646-8ff579dcbb4c.jpg,0.0030791936442255974,0,0.5
abd12268-2b24-473d-8a22-2ab8c90329a2.jpg,0.0005609500221908092,0,0.5
abd2172e-d0cf-40ca-bcad-0dfebb17f2b6.jpg,8.853023246047087e-06,0,0.5
abd6e1f1-773e-4b4c-b2ad-a46afb7b2d28.jpg,0.12857580184936523,0,0.5
abe3cc0d-39b7-415d-bd81-ad65118b232b.jpg,2.7796511403721524e-06,0,0.5
abef1e33-b0ed-4227-b122-a63c87a76e55.jpg,9.465784600592997e-09,0,0.5
abf605d2-38d6-47ee-b51c-e51662decfc9.jpg,9.08064885152271e-06,0,0.5
abf7b2e4-f91f-41b9-bf77-fb56a49e56dc.jpg,9.274276457915676e-09,0,0.5
abf7d507-9013-4a43-9a73-576c4ef351b5.jpg,1.8999863016233576e-07,0,0.5
abf8dd2f-0cf9-4ade-b01a-b8fe0375618d.jpg,3.0445416996371932e-05,0,0.5
abfa4f8a-5b23-4696-b461-9b88eed731b1.jpg,4.577507934300229e-05,0,0.5
ac04a3a3-2402-45d2-93cf-5e0be1b079c1.jpg,1.5947445717756636e-05,0,0.5
ac23ed4a-1efd-42f7-96bb-216f540c38da.jpg,1.87154830655345e-06,0,0.5
ac283cd9-cd27-440b-a6af-bacd133de65c.jpg,0.0001942857779795304,0,0.5
ac2a9ef3-7953-4614-b105-f6575814cc65.jpg,0.0028289766050875187,0,0.5
ac37115a-b777-4ccb-8bee-65e2963d0f63.jpg,0.010717170313000679,0,0.5
ac3e6960-d687-4f6d-bcac-809717bc82f1.jpg,8.820642847240379e-07,0,0.5
ac40cf2b-20a6-4bc9-9efc-86e9e862f3a5.jpg,1.3560042866345157e-08,0,0.5
ac4c49dd-bb43-4ab4-aef8-8aa41707a73d.jpg,0.00012618870823644102,0,0.5
ac53a461-9fc8-47c4-839a-54439748f4e5.jpg,2.5771452783374116e-05,0,0.5
ac5ee1f8-8b90-492c-b22a-14cc572c4467.jpg,2.5846322387224063e-05,0,0.5
ac625714-280f-4e91-8e67-7fc564fa255e.jpg,0.0003632443258538842,0,0.5
ac6cd521-99ad-4269-9e51-a9a8410c6dfd.jpg,0.0004436335584614426,0,0.5
ac753034-82e8-4d3b-8e3b-3dcc435faffb.jpg,0.00010250062041450292,0,0.5
ac78cbbb-1972-4e65-a208-7682d2d58b3c.jpg,2.4407227101619355e-06,0,0.5
ac78eb9d-5523-4a67-a831-f8e6f0794b84.jpg,0.005774893797934055,0,0.5
ac790ad4-4905-4dc0-8aff-992f969831bd.jpg,0.007866697385907173,0,0.5
ac7d05de-85bd-4215-9b4b-744e71bd60e2.jpg,0.00014426551933865994,0,0.5
ac7dabf0-449d-488c-a293-de8199f66f76.jpg,3.858368415876612e-07,0,0.5
ac8e3c56-ec2b-443b-9c69-3ff20005588a.jpg,0.001374783692881465,0,0.5
ac9690c2-076c-47b3-8cb9-97686328a77a.jpg,6.919189665666181e-09,0,0.5
ac9a74af-70ce-4bd3-8207-aaf920005c94.jpg,5.020607204642147e-05,0,0.5
aca0b1ee-603b-44ef-8d8e-9b588ba71ebd.jpg,0.0001991842727875337,0,0.5
aca1f622-b2ef-4ee5-a49d-fc623fc5de28.jpg,0.3341871201992035,0,0.5
aca91fd8-642a-4595-a7a5-f161109ddf89.jpg,0.0037567734252661467,0,0.5
acae0d36-7e4b-41eb-83d9-aa882309fcf8.jpg,0.007589284796267748,0,0.5
acc32e3f-901c-47b4-a128-efbdfbd62f62.jpg,0.46462106704711914,0,0.5
acc5db74-f36a-4e02-bde0-6bfcd6a76541.jpg,4.1046056139748544e-05,0,0.5
acc64496-1204-4984-a28a-676d32907e15.jpg,1.1867840932211493e-08,0,0.5
acc644fe-14e2-442b-9080-5bb26ffea058.jpg,0.6586930155754089,1,0.5
accbd682-1fa5-4dd9-8160-22e441aad101.jpg,5.8576853916747496e-05,0,0.5
acd5c4ae-e37c-437e-9e1e-56368b64965b.jpg,1.6579375028413779e-07,0,0.5
aceb8816-0713-4827-9259-dfcb5623572e.jpg,2.817302265611943e-05,0,0.5
aceceaef-7e84-43a5-bc3a-2b7428e8f663.jpg,3.859210846712813e-05,0,0.5
aced98b2-8bad-432b-b68c-a440bb1b5cd9.jpg,0.5960864424705505,1,0.5
acf17d2f-202d-4431-9834-bd56d8f3820f.jpg,1.020727058431703e-08,0,0.5
acfaadb8-0ba2-4be1-be7f-8310ba175b84.jpg,0.018343908712267876,0,0.5
acfef5d9-0668-4b97-bf0e-d0dff3fe4a3a.jpg,0.000270146963885054,0,0.5
ad00cae7-f6a3-45d4-98e8-46a9e174c6e0.jpg,6.162055399272504e-08,0,0.5
ad0797ac-b84e-457b-b721-a43b450c9a6b.jpg,8.367849346768708e-08,0,0.5
ad1ac2f2-fd49-450d-9179-6d9d009a9f76.jpg,5.704015347873792e-05,0,0.5
ad1b0f70-6ad3-4343-9d66-274491b40cff.jpg,0.00012002345465589315,0,0.5
ad20d53b-f2e7-40ae-9877-ce3c76fa6037.jpg,4.053554221172817e-05,0,0.5
ad2aacb9-fcd0-47dc-9b8f-dcfe9158d346.jpg,0.06915566325187683,0,0.5
ad2afa7f-277a-4f81-8fbd-b320e2c33b56.jpg,0.004325638525187969,0,0.5
ad302b31-f1b8-4571-9677-62f2ac3db2c1.jpg,0.0015154544962570071,0,0.5
ad32cfe1-e62e-4e0c-98e2-25952998d1d0.jpg,0.0003030126972589642,0,0.5
ad33bb0d-3f7e-445f-beb3-f79f1744f321.jpg,0.0011273461859673262,0,0.5
ad3e832d-98e1-4a34-bde3-a5282108f602.jpg,0.019902052357792854,0,0.5
ad45071d-b1f8-439a-877a-22a79d5f785d.jpg,4.864812126470497e-06,0,0.5
ad45430e-2200-4873-9632-1b0a88b0f1b5.jpg,0.0033878120593726635,0,0.5
ad4c1e5a-a99f-4072-a34a-4e4d6bcd5dac.jpg,1.0133256182598416e-05,0,0.5
ad4fd1df-43fa-459c-9c44-204ce3dc8982.jpg,0.0024953363463282585,0,0.5
ad55a6f8-1162-4a09-80af-0b5bab3c1680.jpg,0.0008789837011136115,0,0.5
ad5bcfc7-0bc0-4c77-a24f-8db9c98a7c15.jpg,0.022419435903429985,0,0.5
ad5e2c0c-16a7-43ab-a0e4-78ac5515f989.jpg,0.0002534041414037347,0,0.5
ad74666b-b6fc-4498-83d1-123cf909dfe6.jpg,0.0003861821023747325,0,0.5
ad79b522-1067-4471-a2ba-c689ca7379a4.jpg,9.232200682163239e-06,0,0.5
ad7c8d7f-1387-412b-9688-861053ce1588.jpg,0.8137885332107544,1,0.5
ad7e4623-d39b-4c94-ae95-f17ebef018d5.jpg,0.0012364981230348349,0,0.5
ad83505c-f721-43ab-859b-628526c7092c.jpg,0.008566106669604778,0,0.5
ad88ef4f-8508-4e9c-9515-e15643d842af.jpg,0.00036781016387976706,0,0.5
ad897ef6-e2bc-4ca7-bf15-16d33f658a4b.jpg,0.00017553725047037005,0,0.5
ad8b2b33-11bc-41ff-af03-455dd544112d.jpg,3.1097556529857684e-08,0,0.5
ad95ece3-0a71-4919-bdbc-7cb59d4bc086.jpg,1.084460109268548e-05,0,0.5
ad97da0f-14d6-4599-93ed-414af3da6f2b.jpg,9.390330291125792e-09,0,0.5
ada0ef77-70a3-42f2-9a56-6ac6915038ec.jpg,0.3602973222732544,0,0.5
ada7bbb3-f890-4da3-ab97-97dca401c0e1.jpg,0.00013507439871318638,0,0.5
ada8fd39-40c8-407f-a2c9-eee64929c20b.jpg,7.684226375204162e-07,0,0.5
adb7fe33-b3ff-4282-80c2-f822991f7113.jpg,4.434002039488405e-05,0,0.5
adbf43ce-1eb1-4bff-814f-4d43597661db.jpg,0.08949030935764313,0,0.5
adbfbbff-6fd7-44ce-b3cf-43706ef03601.jpg,0.0001497944031143561,0,0.5
adc6bdfc-04de-432f-bc38-8492909e04b9.jpg,0.8049907088279724,1,0.5
adddc128-382a-42b2-8fbd-02834e828f95.jpg,0.10892528295516968,0,0.5
addf64c6-274d-46e5-8508-f1a0bc5fb07b.jpg,2.7688864534525237e-09,0,0.5
ade4472c-f539-4e94-97b2-6c20c7380903.jpg,1.612860671684757e-07,0,0.5
ade74324-8bc5-4857-980a-e2156923edb9.jpg,0.49087220430374146,0,0.5
adf791ec-15e1-4e1a-b21d-95a044c9e5b6.jpg,2.2455582438851707e-05,0,0.5
adf8cb88-43e6-4674-8567-f4bcc84dd9a7.jpg,3.356851948410622e-06,0,0.5
ae00795d-6316-47db-bb64-e10244dba914.jpg,5.369323048398655e-07,0,0.5
ae01fb28-4030-4750-abed-88e46d5d6992.jpg,4.329920955115085e-07,0,0.5
ae0bd961-ba96-4583-8df7-52a85dfcc5a9.jpg,0.0013126139529049397,0,0.5
ae14689e-a298-42ab-ae84-bb2ca7f8671b.jpg,4.831792299597737e-09,0,0.5
ae1dbd09-7c88-48ad-9deb-858249cee234.jpg,0.000479123875265941,0,0.5
ae222fc3-1a2d-4882-99b6-7e9a04f5b8dd.jpg,7.293795079021947e-08,0,0.5
ae2291b1-1d38-4a67-97b2-19823c6ec19c.jpg,5.266869266051799e-05,0,0.5
ae24d7c1-6267-415b-b507-15385d43f139.jpg,1.5924617400742136e-05,0,0.5
ae2d1eba-9eec-4b61-b8d9-b1afee74a97e.jpg,3.7673464348131347e-10,0,0.5
ae394c9d-d2a2-406b-aee0-33736c98b449.jpg,1.7736181689542718e-05,0,0.5
ae3c12ed-edfe-4551-ac7d-07775ef0df42.jpg,4.904525141569138e-08,0,0.5
ae3dd0fa-10ef-41e7-96bf-ec9afd5ea217.jpg,0.0007074666791595519,0,0.5
ae51ad72-2a09-4748-95f8-ab3bd1f8765a.jpg,0.005621885880827904,0,0.5
ae52020f-f410-4560-907d-9cd45e07cdae.jpg,1.3621417362108534e-13,0,0.5
ae532d2a-61cd-49ab-a865-b84010ed8179.jpg,0.016395319253206253,0,0.5
ae56633d-0a7f-4e71-8ef4-bb1f0f9ffb48.jpg,7.426253432640806e-05,0,0.5
ae56aec2-e00e-4414-a645-cab0af2600d7.jpg,0.0024402602575719357,0,0.5
ae5dd6cd-0215-457e-9d48-9a8640fe0256.jpg,0.0008597930427640676,0,0.5
ae7e8fb5-f8d0-4365-9d55-9993a1e62b6f.jpg,0.07037541270256042,0,0.5
ae83538d-04b2-496d-8832-d5cc38a1c80c.jpg,4.151445409661392e-06,0,0.5
ae8ad9f9-f33f-491c-8c3e-cfe8058d3a82.jpg,4.158642695983872e-05,0,0.5
ae91f61f-bc2b-43d3-82ae-955f4fdf2c56.jpg,5.519698587086452e-10,0,0.5
aea6bb69-d8cb-4177-9704-1fc8c29e5039.jpg,6.132017915660981e-07,0,0.5
aeaa2918-df7d-4c60-8cef-901dba4d9839.jpg,1.916434121085331e-05,0,0.5
aebd50bf-53db-4d3c-ad09-6599975fb642.jpg,4.8417185816163055e-09,0,0.5
aeca6929-4f58-486e-9ed8-e0af50bf5d27.jpg,3.4010365652648034e-06,0,0.5
aeccbe59-7a2e-4bbe-8f35-16404fb6288b.jpg,1.1451696082076523e-05,0,0.5
aed7a769-0628-404f-bf09-491e2e0901a9.jpg,2.7564367428567493e-06,0,0.5
aed9c783-f8c3-429a-adea-a788df15a6a4.jpg,0.7199247479438782,1,0.5
aedc9cca-6f29-44f1-bac3-c5c6fc50a402.jpg,2.5438030206714757e-05,0,0.5
aee6645e-40f5-429e-8c77-c2d4ce25bdf6.jpg,0.030997348949313164,0,0.5
aeea824a-00dd-4823-a61c-aee9e53021cd.jpg,0.0006386351305991411,0,0.5
aeeec35e-e08f-401b-85ad-5c140cad0d01.jpg,4.898295082966797e-05,0,0.5
aef294f8-e382-47f3-8580-4c760021d56f.jpg,0.0007408747333101928,0,0.5
aef62c9c-db22-4085-b379-9cd6d3505745.jpg,0.00024370594474021345,0,0.5
aef79407-03ab-4bcf-9a0e-10be8ae15a9a.jpg,0.00015709617582615465,0,0.5
af1088e0-9605-4ec7-96c3-345b52050696.jpg,0.00823987741023302,0,0.5
af15631d-de76-489e-a5f0-d46bdd0ee550.jpg,0.02635888010263443,0,0.5
af17325d-3a70-42f3-8c0a-fb81e5636362.jpg,1.0958776329061948e-05,0,0.5
af231ee1-7cb6-4c69-8be1-413f1253f8de.jpg,5.345239628695708e-08,0,0.5
af2a6f64-af9f-4659-b539-fb44da9dbf03.jpg,9.945220114104814e-08,0,0.5
af4145f4-dc73-4dc2-89c8-56215386b998.jpg,0.05992134287953377,0,0.5
af466bde-557d-45c8-9ccc-df78cf5c1cd5.jpg,0.012400008738040924,0,0.5
af4c73eb-ddc8-4adf-bb3c-49c1dab74eb4.jpg,0.0005479462561197579,0,0.5
af4cca13-502e-4579-8d8b-c261bd4be106.jpg,0.0014788523549214005,0,0.5
af518094-470c-4650-902c-10f2e30b4bdd.jpg,0.010489199310541153,0,0.5
af54ce25-3910-4971-90c1-bc44f2903b4f.jpg,0.0038925849366933107,0,0.5
af557a59-ec57-4745-bfe9-487a23af6101.jpg,2.417363475615275e-06,0,0.5
af5a91f0-8d1c-4a8b-9607-4e54cdccbf7a.jpg,2.1667250621248968e-05,0,0.5
af6e4672-0ba6-43c4-9e54-94730f080508.jpg,0.13390623033046722,0,0.5
af7255ef-42e2-4846-bb3b-c5f912742905.jpg,0.0008177482523024082,0,0.5
af75bf31-0276-4d11-b9af-3643066263ff.jpg,1.893710214062594e-05,0,0.5
af7997ee-8824-4377-8d3a-8985885abb24.jpg,3.1232571018335875e-06,0,0.5
af7fbf7a-6a85-4164-8af0-4af7960512c6.jpg,0.00025430836831219494,0,0.5
af91d950-53f9-431c-a5aa-deb758ad38f1.jpg,3.6844066926278174e-06,0,0.5
afa21e55-66aa-4307-beea-de83c829be39.jpg,0.00038972473703324795,0,0.5
afafbd02-2559-411f-abde-d27d0178f447.jpg,0.316751092672348,0,0.5
afb0df82-d7b0-4a1b-bcc1-05a19693ba3a.jpg,0.01122716348618269,0,0.5
afbb72f9-951a-4204-b60b-06dea8749723.jpg,0.00014673151599708945,0,0.5
afc22fd8-6ad5-4c1b-8c5b-682faa23a558.jpg,0.00018262362573295832,0,0.5
afc53299-81ac-44c5-bc21-f962b38d2d28.jpg,9.756447980180383e-05,0,0.5
afc89acf-dc0a-427c-903d-331b5e96a991.jpg,1.953129213916327e-09,0,0.5
afcd6844-a8a0-4016-bdc2-5848f87a603c.jpg,0.8551027178764343,1,0.5
afd00ca7-e847-4614-9262-fb4a9d834635.jpg,1.748879725482766e-07,0,0.5
afd25bb3-62aa-450b-8978-041435c07594.jpg,3.696495054494875e-10,0,0.5
afd8cc5d-32d3-4b7f-847c-8b642a9dff33.jpg,7.356624820431534e-08,0,0.5
afdb3b4d-33d9-4a1b-bd87-aac23cd3f7ec.jpg,0.0007334620459005237,0,0.5
afde9525-fffd-4bef-ac90-310af53baa68.jpg,1.7324951841146685e-05,0,0.5
afe54e01-f3fa-4d88-9cef-ca625b2a1215.jpg,0.001995128346607089,0,0.5
afe5fdee-63cd-4644-b47d-bc8737398ee5.jpg,3.201523712803578e-09,0,0.5
afe8ac01-6ace-4303-ae95-87b8bc30eb83.jpg,0.002372539369389415,0,0.5
afeb16fc-1446-490f-8abc-f62dcc053c11.jpg,3.4240088098158594e-07,0,0.5
afec9343-cdcc-406c-9e32-e2796dfecbb4.jpg,7.9149758676067e-06,0,0.5
afefa5b8-4f00-4d59-b2dd-57c8d6a64a01.jpg,2.9646112125192303e-06,0,0.5
afefd1e4-717e-4815-a96f-02f575c78b67.jpg,0.00021672190632671118,0,0.5
aff19b51-4bd9-4fdd-a00b-e8166d661bdc.jpg,5.873257123312214e-06,0,0.5
affd29a4-9c00-439e-b6e3-bae39eaeeee5.jpg,1.1816514415841084e-05,0,0.5
afff50dc-aae9-43dd-890d-e3314994264f.jpg,4.7010587877593935e-05,0,0.5
b0150ad6-df6e-4101-8e55-fe1e92afd879.jpg,1.1898414413735736e-06,0,0.5
b019cb7b-0e70-4203-b5b8-bf2b9703f31d.jpg,0.05029931291937828,0,0.5
b02aff6c-e19d-4e47-b8c1-9eb0600121af.jpg,0.019538413733243942,0,0.5
b0329087-8cb7-41e4-976d-022bcb9cb638.jpg,2.616500580643333e-07,0,0.5
b034d2fd-a2b0-479c-98f9-6fcc8c7aea8c.jpg,1.1219969842102273e-08,0,0.5
b039224a-9d2e-4540-b89c-e059c302330a.jpg,0.005224265623837709,0,0.5
b0485883-7427-4125-abbe-af3962f9ec6c.jpg,0.04074195399880409,0,0.5
b04c51da-c8a8-42ec-8e93-3f6d556092a0.jpg,8.734442417335231e-06,0,0.5
b04d0cf5-ec0d-47bf-ad8d-4ff324d76774.jpg,0.036392029374837875,0,0.5
b04d1769-ad54-4246-9676-e897532d73a4.jpg,0.11093690991401672,0,0.5
b04e9e01-9ee8-4a00-8cb2-035ead38ba56.jpg,0.00012361950939521194,0,0.5
b0790ff8-9e55-401e-8343-1afbf8ff3e04.jpg,0.0006670270813629031,0,0.5
b07a54f7-fb53-4c75-b727-57d352bfaf31.jpg,0.09471077471971512,0,0.5
b07cda71-5112-47e7-bbcd-9fa12c01384e.jpg,0.00016424716159235686,0,0.5
b07e5cfa-407c-45ce-a90f-208d98186ead.jpg,0.0005416431231424212,0,0.5
b080bcb8-25d9-4973-bd04-85d5996e298c.jpg,0.016202567145228386,0,0.5
b08406d4-5065-4510-9deb-1570f442292c.jpg,0.0004240221460349858,0,0.5
b08ea9d0-1448-4b32-baf2-aca788d87338.jpg,8.427956110779178e-10,0,0.5
b095e34a-8b38-4db0-a78a-984c393517ed.jpg,0.000903107225894928,0,0.5
b0966e72-46cf-4f38-8af9-fd66dcf6e48c.jpg,0.0003968972305301577,0,0.5
b09a1b75-37e9-4cd4-95e2-4ab64dc16b17.jpg,4.611973781720735e-05,0,0.5
b09ee75b-84b4-4c6f-849d-e3ed00089bb8.jpg,0.00011465948773548007,0,0.5
b09f1ffb-c726-4815-b31a-5b5a14b7888a.jpg,8.144914187546703e-10,0,0.5
b0a4590a-fa4a-4561-a49a-1a89bb7eabdd.jpg,0.3146316409111023,0,0.5
b0ae1a85-cb09-435d-91c0-a9b024c70963.jpg,3.9874726098787505e-07,0,0.5
b0b15cfd-acdf-41ac-a510-e6d5d68f7d0d.jpg,0.0006154014263302088,0,0.5
b0b67c0f-8096-4bf2-8f92-5df29fa017c5.jpg,0.9804465174674988,1,0.5
b0b77d40-0b02-4471-86a0-89aa77b21c50.jpg,0.0008089145994745195,0,0.5
b0bbfcc5-e4cc-4ff4-8679-acead40151b2.jpg,4.966943379258737e-06,0,0.5
b0c082ce-6ab2-43e4-83e2-15cc927dba24.jpg,0.03865160048007965,0,0.5
b0c44d43-4d58-45d6-a9fa-061973ca47b5.jpg,0.002830096986144781,0,0.5
b0c620d0-8387-4b55-b0ae-690e66c5035a.jpg,5.181964302103381e-10,0,0.5
b0cdf298-be0d-446f-9a9f-e7e28d51e1d1.jpg,6.529592792503536e-05,0,0.5
b0ce4c7e-6402-46d5-9ce7-705f19ab4ce2.jpg,0.04941004142165184,0,0.5
b0d39fa9-01da-43ee-b42c-7cdbbd65c081.jpg,0.0009804528672248125,0,0.5
b0d44326-c83a-498f-9d9c-2b00719ada77.jpg,0.3124149739742279,0,0.5
b0dca70b-d5ca-49d8-94fd-8f9f08002ddf.jpg,9.13267001578788e-07,0,0.5
b0df6eaf-96de-4496-9926-434431fa51ba.jpg,0.015536791644990444,0,0.5
b0e944c1-d29e-481c-8b49-af10075d3990.jpg,2.3824695745133795e-06,0,0.5
b0ebc5fe-0c1c-4939-acce-df052ab8b645.jpg,0.5177671313285828,1,0.5
b0f10821-cabc-4d73-8668-4c902b41f67f.jpg,2.2830747070656798e-08,0,0.5
b0f35ac8-4289-435b-8cec-6f820dc4eb01.jpg,0.06612765043973923,0,0.5
b0f7dcf3-9cc0-465e-bada-98d21518ac16.jpg,0.0024560275487601757,0,0.5
b103c64c-f835-4905-ae6c-c77ce574d0fa.jpg,8.741417332203127e-06,0,0.5
b1042ab6-9ea1-4ad9-9396-6a781a7dfd1f.jpg,0.002180358162149787,0,0.5
b10e3659-925b-40b6-b082-2724c6300890.jpg,3.983869305557164e-07,0,0.5
b10e997f-c265-466a-980a-d3329a37714e.jpg,6.967317858652677e-06,0,0.5
b1123006-8b8a-422e-8bdb-4d9d38dae755.jpg,1.4031202510977892e-07,0,0.5
b11e78c3-b910-4a65-9928-0e55e4ca6c82.jpg,0.00342356925830245,0,0.5
b12e0667-2bc3-4042-9323-3567031d5b9f.jpg,0.006356136407703161,0,0.5
b12e0b9e-1667-466c-8488-7000d214a6b8.jpg,4.282152440282516e-05,0,0.5
b12fa4e4-54af-48c2-aace-e1df835b7f2c.jpg,1.4536809089804592e-07,0,0.5
b1345757-4e29-4171-ac1a-056f8f9ec980.jpg,0.0002626161149237305,0,0.5
b1380184-b9c3-4cff-9164-93aa33ab36fc.jpg,4.063404048793018e-06,0,0.5
b1452351-d45e-4fec-b991-b8499fe9350c.jpg,0.02305474318563938,0,0.5
b1452b63-7544-4291-a3c6-96676832fd82.jpg,8.820794619168737e-07,0,0.5
b1491104-ab0a-4dd5-8b71-4b50894721ac.jpg,4.883340807282366e-07,0,0.5
b1494190-33b4-497a-ac12-c08b19b64669.jpg,9.714683502082266e-10,0,0.5
b15753d1-cfcf-4565-9b69-9b09850382ea.jpg,0.00023748306557536125,0,0.5
b15cff35-da24-4cc2-bdb5-64a224a2a367.jpg,2.3465615583972976e-07,0,0.5
b174ddb3-21f6-4146-980f-52925f2cd55c.jpg,0.05952605605125427,0,0.5
b1751b19-d6c6-42c5-95c9-b9c0e7327ab2.jpg,2.1238101055587322e-08,0,0.5
b1777240-30a0-4bd1-95a0-b73031d37b0f.jpg,0.4970148205757141,0,0.5
b182d66c-c77a-416a-b465-7144f6f6d6d6.jpg,2.1602154447464272e-06,0,0.5
b18a06bc-5001-4275-b31a-08ab61a5c96d.jpg,0.012368141673505306,0,0.5
b1963141-36ad-4471-85b9-10f5605485ac.jpg,1.9113200323772617e-05,0,0.5
b19d02e4-bd7a-4d7a-8155-f20962f7baf9.jpg,0.2038220912218094,0,0.5
b1b3db7d-0cdc-4c61-82fd-d746b3f18f6e.jpg,7.776106212986633e-05,0,0.5
b1b96ab8-cff8-41f0-8404-df24c16eabd2.jpg,8.532339907578543e-15,0,0.5
b1c40f20-4137-473a-83c4-c540f47a7c6e.jpg,0.0012911304365843534,0,0.5
b1ca69d3-7594-4516-80f3-4d323a49e187.jpg,9.343326610178337e-07,0,0.5
b1df72ca-6354-4c79-b62a-1ad6936cea3d.jpg,3.175252283327268e-09,0,0.5
b1eaccbb-4507-41ec-b6cd-b6610e6abbdb.jpg,0.0013500249478965998,0,0.5
b1ed6f88-e263-40cd-99ee-8eae089b885e.jpg,2.2355797568707203e-07,0,0.5
b1f0adf4-eadc-4b1a-9992-851d5eec93b2.jpg,4.675661784858676e-06,0,0.5
b1f8efe6-3c31-43e8-bb2f-bf0f38216ddc.jpg,0.0001742386957630515,0,0.5
b1fc2634-9b8c-48c5-8a11-d68d347cd6a8.jpg,0.0041570356115698814,0,0.5
b1fdf3ca-adba-463b-9ef6-52cd5e590300.jpg,0.8374180793762207,1,0.5
b1feae67-a96f-434b-90a5-fc01d216e62a.jpg,6.550578837050125e-05,0,0.5
b20d7294-ce53-4143-abf3-644641063fa4.jpg,0.00033332579187117517,0,0.5
b21a87e7-7c68-410a-95ea-44a1b26f4415.jpg,7.008468969615933e-07,0,0.5
b21cd09b-da3d-46c2-8a2e-9aafbd75ce4d.jpg,9.647925480749109e-07,0,0.5
b2313643-fe9b-4d28-8f8e-e57fb7d52d7a.jpg,0.0022651043254882097,0,0.5
b2329973-08f6-40df-aaaa-11aa8d1ae9b6.jpg,0.0020078811794519424,0,0.5
b2350088-76c5-438d-94fb-682d8c3b93cb.jpg,0.44712546467781067,0,0.5
b23c96f3-637f-4186-8064-dd917eb1a87d.jpg,2.5159476990666008e-06,0,0.5
b2491432-fa08-49ea-b423-55b431ff6dc2.jpg,0.001330304192379117,0,0.5
b253c807-fb52-4504-a43b-36616ea9ba12.jpg,0.00020242125901859254,0,0.5
b256d19e-2d96-48f3-929f-0c3c65db4c65.jpg,0.00011636655108304694,0,0.5
b25c7ca2-0d7f-417a-9e09-acb6e02be682.jpg,0.7440852522850037,1,0.5
b25cf73b-7e4f-4e92-9b4b-f198be96151b.jpg,0.0026146427262574434,0,0.5
b25d1aa9-1b07-44ac-9dc9-4396208adcce.jpg,3.2440417019330425e-09,0,0.5
b25db67d-7b85-4500-9b39-46c500308aad.jpg,0.004800624214112759,0,0.5
b2602ac8-e60f-43b5-8c79-acfc8e437b99.jpg,9.676509762357455e-07,0,0.5
b2739b0d-ec20-47f3-ad2e-e1c0b3904039.jpg,1.6936493921093643e-05,0,0.5
b27f6af4-e3d9-4531-85d9-1f3ec1c262f0.jpg,9.070253668141959e-07,0,0.5
b288a46c-7868-4d17-9232-e978d57dd2cf.jpg,0.0017021592939272523,0,0.5
b29421e5-9ea8-47e8-b437-3cf2b5719fc0.jpg,0.0038198756519705057,0,0.5
b2944c4e-a62f-4bad-8f3f-b007990c25e7.jpg,0.004374024923890829,0,0.5
b29a8ce4-d338-4ab5-a2bc-9e9259dacbda.jpg,1.1787797120632604e-06,0,0.5
b29f17ca-07b3-4348-a752-27db89365e54.jpg,0.18163615465164185,0,0.5
b2a158e9-3196-42bd-aa72-39628c28f204.jpg,0.0016356254927814007,0,0.5
b2a187b9-fc3c-46c7-ae27-404b68cecba2.jpg,1.4846732483420055e-05,0,0.5
b2a367b5-27c3-47be-b095-c03c62e4b8f5.jpg,0.024825334548950195,0,0.5
b2a62f78-f2ea-49d1-a0ef-ecc1feb3b8b6.jpg,0.00014959042891860008,0,0.5
b2a67caf-eab8-46a7-8528-2cd52567ecbf.jpg,0.0005185150075703859,0,0.5
b2b08c49-64f4-427a-a6e1-7cdee5b29c67.jpg,1.3373561387197697e-06,0,0.5
b2be70d3-9e70-438f-98ab-82ca65df3132.jpg,0.00016666390001773834,0,0.5
b2c730ad-cd3c-418c-8648-f108a1344af0.jpg,1.1078429452027194e-05,0,0.5
b2de5d62-9525-481e-8080-3921aae076ea.jpg,0.9054535627365112,1,0.5
b2dfc5ea-a946-4b2a-9b31-efefbc09817e.jpg,0.0012349208118394017,0,0.5
b2e42ef8-0a1d-411a-9f21-ea1b0f0cdd28.jpg,1.028388929569246e-09,0,0.5
b2e7183f-cbe0-455d-bbc4-737c77ef6494.jpg,0.00043017431744374335,0,0.5
b2eafe32-12d6-4fab-9948-23e23965417e.jpg,9.429645259073638e-11,0,0.5
b30035f1-6f60-49d2-a598-7a223b07378b.jpg,2.0458264771150425e-06,0,0.5
b305d490-266b-4cb2-a7d2-437e5f541805.jpg,0.00022528077533934265,0,0.5
b31023c9-82a0-4723-bdc8-593707cd1e5e.jpg,0.002624459797516465,0,0.5
b31c1a57-f476-4fd7-9927-1a13bbd8f516.jpg,0.2512950599193573,0,0.5
b31d3882-c8d9-4407-bf21-9787c66fdc9c.jpg,0.807462215423584,1,0.5
b324cdb2-6ef3-4a7d-9076-ccf3f3097261.jpg,0.01671498268842697,0,0.5
b3312467-1782-4a1b-bb96-7a686b3f4a06.jpg,1.8489542696897843e-07,0,0.5
b332cd2b-0e62-4123-a81a-d01e9a1baee3.jpg,0.0003321454569231719,0,0.5
b338e697-d1f8-4058-a9e6-8c6e2b3f0a0b.jpg,0.004028898198157549,0,0.5
b33e2af5-7902-4179-8b43-574da19c9a55.jpg,1.2320949281274807e-05,0,0.5
b343d137-b20b-4638-aae3-9956cbe54e38.jpg,0.08873244374990463,0,0.5
b34f9999-7e90-423a-bc95-1c821cac8605.jpg,0.39226198196411133,0,0.5
b356faa4-665f-4575-8805-3c929bbb4529.jpg,7.450628345395671e-07,0,0.5
b36330e5-d4cd-4897-b820-bb78747d966e.jpg,7.9988400102593e-05,0,0.5
b36b7055-39ef-45d2-afd7-2a106074e341.jpg,0.0003316840738989413,0,0.5
b371401b-ff59-419a-96ea-4a8a2e0068fa.jpg,0.0003075958229601383,0,0.5
b37589fc-315c-4f37-b870-0c3a17b682c3.jpg,0.0004097324563190341,0,0.5
b376b7f8-5da7-4a75-894f-4f9356b5bf0d.jpg,2.140493961633183e-05,0,0.5
b376f96c-8ce5-4eff-a69d-568ddecf0c30.jpg,2.2179030167990277e-07,0,0.5
b3815d42-b001-472a-91b6-9af833994e00.jpg,0.0008845199481584132,0,0.5
b383432c-c6e5-4a7e-b7e3-f515cc8787ae.jpg,0.06704850494861603,0,0.5
b3858c0d-f690-4f2a-ba94-08fd312c5254.jpg,3.313812612759648e-06,0,0.5
b3860cb5-cbb3-4533-8663-fab94a60a0a2.jpg,0.0006705280393362045,0,0.5
b38ba005-3592-4abe-b099-b5fbdab4736b.jpg,0.0007115150219760835,0,0.5
b38fe259-f2c6-4adb-a132-883ad9ab0179.jpg,0.0010972250020131469,0,0.5
b396530d-14ca-43b7-bde6-10a490571206.jpg,2.7151447756779135e-09,0,0.5
b3a90d1f-9633-442b-ae9e-d5a496da22fe.jpg,1.4512195889437862e-07,0,0.5
b3abf1a2-fea9-4cab-b088-9f219f14f097.jpg,1.2092936003682553e-06,0,0.5
b3b63682-6e44-40ee-aa31-e3a00cec924e.jpg,0.0036376160569489002,0,0.5
b3bea7e1-d567-4d0f-a07e-53e4e97638c1.jpg,1.6756625882408116e-06,0,0.5
b3c1ce20-02a6-4c7e-be7d-6a603429bbec.jpg,0.21918384730815887,0,0.5
b3c41801-382a-420e-aeb0-10b5135aeabf.jpg,0.08829159289598465,0,0.5
b3c5f6bd-3c45-4f8a-8f6e-b88b2c4e9706.jpg,0.0001402027119183913,0,0.5
b3d45ac3-6e95-46aa-8c7d-b62a4723f00d.jpg,6.150103359914283e-08,0,0.5
b3d6c327-99ec-4cc9-bbf9-1c4408e6607b.jpg,0.0010302298469468951,0,0.5
b3d98963-d130-41a7-ac05-e5295d863e92.jpg,0.03263862431049347,0,0.5
b3d9f8c9-4d0f-44dc-ab08-bc069a01a9be.jpg,0.0004828950623050332,0,0.5
b3dfcda8-3941-41b3-abc1-fa8e52d03256.jpg,1.68731185112847e-05,0,0.5
b3e86394-f373-4d7d-9142-d0f64c38149d.jpg,0.04077206552028656,0,0.5
b3e86497-be49-4ef7-9cd8-141e4aac35e0.jpg,1.8113597732849485e-08,0,0.5
b3eb4488-cf72-4a69-a662-35ab49705678.jpg,0.0003661269729491323,0,0.5
b3eeb239-0025-4e75-98ab-2cb4763bcd8d.jpg,0.005083383060991764,0,0.5
b402ecd8-04b9-4933-b9cc-3c9e22c71a0e.jpg,7.749457290628925e-05,0,0.5
b409ca92-443f-440b-8709-3e8eb610fa7d.jpg,0.0879698097705841,0,0.5
b41a2f96-2625-4f1d-bc3d-c5c913044c85.jpg,0.053528767079114914,0,0.5
b41ce19e-25e6-4e71-97a9-71ff299bed55.jpg,0.00014089235628489405,0,0.5
b433c97c-9b4c-4299-aa63-c37e4555956d.jpg,0.7110756039619446,1,0.5
b4406f4b-617f-4769-8e4b-c762e56bdd76.jpg,0.04450351372361183,0,0.5
b4415c9d-8f3a-4909-ad33-e8d53110c06a.jpg,0.00019164096738677472,0,0.5
b446be33-8912-4bad-aaee-13ddcccb51b4.jpg,0.001518032280728221,0,0.5
b447279e-c023-4790-8fb3-e0645d096fc9.jpg,1.4847985596588842e-07,0,0.5
b44e9427-34a5-44ff-8049-168e95873304.jpg,0.000545893853995949,0,0.5
b452ad50-3424-47dc-8cf3-aa62afb35884.jpg,0.0005200280575081706,0,0.5
b45aedc8-b4cc-495d-9fe5-868a32c00366.jpg,0.0003903313772752881,0,0.5
b461447e-ae8d-4109-a1f0-9edc4e00da94.jpg,9.075768048205646e-08,0,0.5
b469b7f5-a9a5-4911-ab7d-4c8cd50935be.jpg,0.00734977051615715,0,0.5
b46a2435-c34d-4d92-8a9d-6ce4cf1945be.jpg,0.00012604609946720302,0,0.5
b46e3efe-a39a-40bc-aabc-31352b4e77dc.jpg,3.1770714059575766e-08,0,0.5
b4756823-e7a2-4d5b-818c-db1b695009fa.jpg,3.743776630926732e-07,0,0.5
b47c6342-8837-41ef-acfc-6bd4467efeeb.jpg,0.028210312128067017,0,0.5
b48083fc-50c1-4467-8860-871fd6447ac4.jpg,4.2283321818104014e-05,0,0.5
b48574d0-048e-4631-abf8-57b386b5ae30.jpg,4.7831782978846604e-08,0,0.5
b48d8b24-e3bb-4b96-8762-f203345633ef.jpg,0.0007194660720415413,0,0.5
b490a6e5-0296-45e2-afed-301a80896b43.jpg,1.7115998895977924e-10,0,0.5
b4955c05-6122-4638-994f-6bc0fd522d52.jpg,0.49609026312828064,0,0.5
b49a51d6-d509-4fa1-b7a8-b6d3ca3ef0bf.jpg,0.001930658589117229,0,0.5
b49aaba4-7bc7-4fd2-9067-16cdf1aade9f.jpg,0.0041371299885213375,0,0.5
b4a318d5-d8cc-449b-9904-74c8bdf87596.jpg,0.014844461344182491,0,0.5
b4b215e3-1f77-4ad9-854a-a5fecf819149.jpg,6.283999454126388e-08,0,0.5
b4b3ea3d-2759-4232-ad75-7924f3e012c5.jpg,2.111492449330399e-06,0,0.5
b4ba637c-340b-41fa-b7d1-1a2b1f554b9f.jpg,0.09280794858932495,0,0.5
b4cb5bb1-c803-415e-aae8-fc9ab708aa93.jpg,2.0201268569053354e-07,0,0.5
b4d4a956-4276-4758-87f5-3ca4cd4a4f11.jpg,0.0002533980878069997,0,0.5
b4db24fc-48fc-4adc-a83a-79baa1ec30d1.jpg,5.693810223306173e-08,0,0.5
b4e29798-305e-4bc7-ab5e-5bdcdb89149a.jpg,8.823106134592251e-11,0,0.5
b4e52eb7-4750-425f-a7eb-fd5f86b891ba.jpg,0.06021127104759216,0,0.5
b4e5895d-6006-49e7-87f0-aafee08e80f4.jpg,9.427997611055616e-06,0,0.5
b4e9fe42-b5e7-4c26-ad2d-02015f4c8d6f.jpg,0.00011005609121639282,0,0.5
b4eabb43-8188-4dd8-8087-f97a0bcfabce.jpg,5.522416813619202e-06,0,0.5
b4f0f333-d064-414b-a6b2-2047fe9d4c0c.jpg,0.02297661080956459,0,0.5
b4fa382c-88fc-4d4e-9545-286df88a2a25.jpg,6.47801130071457e-07,0,0.5
b50a30b3-c387-41e8-b772-1066f5e9e77c.jpg,1.0614372228379132e-11,0,0.5
b51951b5-6f33-48da-a2c4-ecb12678d527.jpg,0.0817149430513382,0,0.5
b51ef83e-b277-414c-a0b3-0300c6b6c2b7.jpg,0.0006197991315275431,0,0.5
b524c2c3-45fa-4ffd-bc18-c5b7027571ca.jpg,5.2157115533191245e-06,0,0.5
b5274f5c-c64e-4e29-a5e1-2106fc0e55d0.jpg,0.0002210995153291151,0,0.5
b5358a9e-0916-4212-bfb9-16190b218cce.jpg,0.00121391867287457,0,0.5
b535cbc3-9caf-499e-81e4-1eba402ae110.jpg,2.0633338593256667e-08,0,0.5
b535ebec-3f0a-4532-915e-93cd9fd002fc.jpg,3.521855251165107e-05,0,0.5
b5366c17-2291-4d01-819c-c6ea7a7fc382.jpg,0.5621120929718018,1,0.5
b562bb2b-4069-4b9d-9e48-0bf71d2be7cb.jpg,0.3240649700164795,0,0.5
b56c4853-c73e-4b1c-8cb7-4dfcc6f94890.jpg,1.0255773304379545e-05,0,0.5
b5732fc4-c008-4cc6-ae45-d11cc066fbec.jpg,7.346697117327494e-08,0,0.5
b5735e22-c663-4803-9fd9-9d3f0c156fdc.jpg,1.0840475624718238e-05,0,0.5
b57c891b-d6f0-494d-bbc1-0bb195978a4b.jpg,0.001345362514257431,0,0.5
b58615e9-f17f-4965-8409-ef5dce47ec4f.jpg,2.1673575434366654e-10,0,0.5
b58be987-fec2-4937-8812-5c7c375f5f28.jpg,1.4646785520544547e-11,0,0.5
b59624f5-dc8e-4e48-a613-91a4a94a6c3b.jpg,4.469540613172285e-07,0,0.5
b59cc29d-b716-4711-aa5b-166dc9ff2d4a.jpg,2.210673528679763e-06,0,0.5
b5a6f101-48d2-47ef-9abc-0503558a960b.jpg,0.0009322149562649429,0,0.5
b5abca8f-db93-4575-b5fd-3c48882711c0.jpg,0.35489320755004883,0,0.5
b5ac6861-1e57-464f-b81d-8fb7e2d19f94.jpg,0.0003648125857580453,0,0.5
b5ad2a84-4c1c-487f-b926-5e5d472697b0.jpg,1.1629307437033276e-06,0,0.5
b5bab4c9-2402-4573-bf96-6365705d90f0.jpg,0.4145079255104065,0,0.5
b5bccc5d-7b14-4dcd-9e15-07cde8f4bceb.jpg,7.607476870674645e-10,0,0.5
b5bf1d15-9fb3-497f-a5ce-bd8d215814bb.jpg,0.013584456406533718,0,0.5
b5bf927d-bc07-44e4-a790-d593e29d8921.jpg,0.0002609125804156065,0,0.5
b5c6e3ff-c278-4921-af16-902e40983877.jpg,0.00010791138629429042,0,0.5
b5ca1d4f-ea2c-4b8a-8e32-8f06bfa29362.jpg,0.0001831052068155259,0,0.5
b5cd256e-7ce8-4542-8b22-fc7940ed9272.jpg,3.07570715563088e-08,0,0.5
b5d00a22-859c-44e5-b038-a73d9c720244.jpg,3.946568904211745e-05,0,0.5
b5d683ac-7873-424a-a138-a492af4ec949.jpg,2.4818578822305426e-05,0,0.5
b5d75b43-2a51-46fa-bbb6-87ac417ea200.jpg,0.0023732639383524656,0,0.5
b5ebe9ce-0e40-4aab-9b84-46fb3c950402.jpg,9.80023560259724e-06,0,0.5
b5ec90d4-d39c-4928-9818-f2c3fc67134c.jpg,0.048445574939250946,0,0.5
b5f375be-3bb6-4ebe-88c0-2b7cbd82e72b.jpg,0.0018583571072667837,0,0.5
b601301f-0c89-4067-a670-691591ac1a35.jpg,1.0971637038892368e-06,0,0.5
b606049e-d428-4476-8744-61c5ceebc566.jpg,0.0010114271426573396,0,0.5
b6063d3e-25ba-4b71-9670-7c73260e67e3.jpg,0.8838608264923096,1,0.5
b60d7a3e-8f3d-46a3-98e9-957240249301.jpg,5.154673772267415e-07,0,0.5
b611042e-05ac-4000-b544-268cc95b64a4.jpg,0.00026285459171049297,0,0.5
b6258f0c-9d51-4d80-a4b6-b41be4bc15d8.jpg,0.0008384749526157975,0,0.5
b6285932-8332-427f-a8b5-096f46b63257.jpg,1.4413894859899301e-06,0,0.5
b628c742-5424-40c8-95ee-45a12168b91d.jpg,0.04718372970819473,0,0.5
b62d06af-5853-40bf-9882-d475d1048e34.jpg,0.05719901621341705,0,0.5
b637b5fe-9de0-4587-8042-fbaf6c6cf068.jpg,1.387511110806372e-05,0,0.5
b638b207-d27f-41d2-9344-0da6de4b77c6.jpg,1.3040739155201209e-08,0,0.5
b63b4a48-9e30-4e81-9a3b-f73d6504f202.jpg,1.407147180998436e-07,0,0.5
b64b3ac2-f598-4bed-97cd-ed62c36b0c7d.jpg,3.555769723107005e-08,0,0.5
b6653c3f-a339-4e37-a432-d2d630d80cc2.jpg,1.9850463672810292e-07,0,0.5
b6653f1f-7f72-4aa8-8ba9-747876217102.jpg,0.0013587860157713294,0,0.5
b6721116-d463-40bd-abf0-29871166b60b.jpg,0.0015044508036226034,0,0.5
b6761a76-5a67-4962-b717-0fab94a8f9db.jpg,0.0014371277065947652,0,0.5
b67937f2-97da-4808-9535-4f41893f756a.jpg,0.002255668630823493,0,0.5
b67da749-536b-4031-b72e-eb71619c13b5.jpg,0.00034726219018921256,0,0.5
b67e75c7-9ea8-4eca-89bd-4e87cdbce25e.jpg,0.04185417667031288,0,0.5
b68d9309-7d3b-4d36-9b1a-b83829154ce4.jpg,2.2556332623935305e-07,0,0.5
b6a88106-1885-4937-9a5f-0e518696849b.jpg,0.013819284737110138,0,0.5
b6b044b5-61cd-4881-b1e0-e2188c8da64b.jpg,3.3571272979315836e-06,0,0.5
b6b48a31-93f6-4471-b933-dca43ecd82cc.jpg,7.714597813901491e-06,0,0.5
b6d24fcf-43be-412a-9dc7-54795e6eff86.jpg,0.0003512386465445161,0,0.5
b6d8afed-de20-4485-b547-cfb55c4ffd78.jpg,2.9645755716956046e-07,0,0.5
b6d8f2a3-37f7-47de-ba26-905ad577b766.jpg,0.40653741359710693,0,0.5
b6e728f2-3c11-4afd-8185-465e4eebf703.jpg,5.3888601914131584e-11,0,0.5
b6ea5171-bd24-4e0b-b3b1-59927f1b0e1b.jpg,3.905882550725437e-08,0,0.5
b6ee39d6-6861-4470-8d4a-d855d5f4a094.jpg,5.548443368752487e-05,0,0.5
b6f31888-705a-4f8c-8d4b-5c9a35cd3d7c.jpg,0.004188655409961939,0,0.5
b6f501fc-b433-4b5f-8136-864ef2057eed.jpg,0.6639996767044067,1,0.5
b6f9f941-c63d-42ee-ae99-d4dbda6a5380.jpg,0.0009202943765558302,0,0.5
b700422c-265f-4d62-8ad5-305745d85398.jpg,1.0732681403169408e-05,0,0.5
b708a9ee-b866-4844-a7f2-6e84b9bbfadd.jpg,0.0025844979099929333,0,0.5
b709252a-ae58-4ba4-98a2-4ed0ec50b20c.jpg,8.517364221916068e-06,0,0.5
b7128fd6-b9fc-4102-9920-e676634be2ae.jpg,1.2138019656049437e-06,0,0.5
b72b3c58-c4d2-4885-94d3-d4fd720f134b.jpg,2.9669916330021806e-05,0,0.5
b72e3cd7-75fe-4218-9351-9665f3642a6e.jpg,9.888042029615463e-08,0,0.5
b734bdbc-296b-43d1-adbf-715e9a5e2029.jpg,0.15916398167610168,0,0.5
b735a837-7f66-470b-bb28-f301c4e667c0.jpg,0.979362964630127,1,0.5
b7377800-6d59-4e69-b6f4-4a91ead45b03.jpg,4.470106264851427e-14,0,0.5
b7408b46-6c77-4d86-b665-820a351a8d71.jpg,0.015666037797927856,0,0.5
b7445f37-c869-4d92-b902-8ae26aebe7b3.jpg,0.018575379624962807,0,0.5
b74c0e68-815b-4acc-a1d5-60bc13bb6e6a.jpg,0.04261040315032005,0,0.5
b751a193-a17f-4482-a636-b8eae3354d28.jpg,7.968385034473613e-06,0,0.5
b756aa4b-3391-4cb6-830c-ae227edf62ec.jpg,1.6509698980371468e-05,0,0.5
b75a359c-5e8e-44da-8110-517ee9ca9d1e.jpg,0.002782342955470085,0,0.5
b75c4c8a-b3c2-41c0-abc9-5f22ccac8303.jpg,0.3639945983886719,0,0.5
b76a87d3-5003-4fb2-b0a7-3b938622b5aa.jpg,3.1401677915710025e-06,0,0.5
b76dfe00-6d05-4e27-9248-45b28c4dc646.jpg,3.636340261436999e-05,0,0.5
b772eaf4-6eea-49f5-ba23-863081c5c65a.jpg,0.0001935092732310295,0,0.5
b773b0be-2c84-48ea-a652-e1b0644f2d5b.jpg,0.0017566416645422578,0,0.5
b775469f-31a7-4e57-9416-dd7cd283243f.jpg,0.00019037029414903373,0,0.5
b784ac59-326c-4a76-b51c-a748f4a42fcc.jpg,0.7517005205154419,1,0.5
b78711dc-d9f3-43bc-ad78-ffc01422646c.jpg,3.1861245588515885e-06,0,0.5
b789d55e-257d-4ee6-b050-dc808392cd21.jpg,0.0011207852512598038,0,0.5
b78c3515-b2d9-4390-ac21-dde16d32ab8d.jpg,0.004108633380383253,0,0.5
b78eb16e-787e-411b-b3b2-678ad5ab4d46.jpg,0.00038015301106497645,0,0.5
b7922797-3853-4a8f-90f4-0679bb08564a.jpg,3.369533541075498e-09,0,0.5
b79705f8-dd8e-4af1-8302-49ece1141516.jpg,0.22835607826709747,0,0.5
b79881b4-af82-4e04-b092-e137c85d5111.jpg,3.957433727919124e-05,0,0.5
b79ef644-f42e-481e-ae9f-5d05b7cc0b83.jpg,4.662085117956849e-08,0,0.5
b7a41cac-f61d-4fc3-8fdb-8d1fdc32952a.jpg,0.48804858326911926,0,0.5
b7a549ae-9bf0-4121-887a-e6cd5a44a2f0.jpg,0.0030620452016592026,0,0.5
b7a7c385-3c98-4ca9-85c6-83e2d586bd15.jpg,6.007555697351563e-08,0,0.5
b7a8a103-fa4c-4292-96ce-d19abd58a3b5.jpg,0.9850955605506897,1,0.5
b7abbaae-af89-4273-b94d-161b7fb40fa3.jpg,0.0032386034727096558,0,0.5
b7add9ae-9916-42c5-ac16-ebd780896b16.jpg,6.478109571617097e-05,0,0.5
b7b1962e-457e-4fe1-b874-ae812aba3c8a.jpg,1.2432760740921367e-05,0,0.5
b7ba0ae4-23d5-4848-9adb-6e4a4ce97a8e.jpg,0.00027158798184245825,0,0.5
b7c0aa23-187e-4cd0-912b-7c7a899598e7.jpg,0.42603299021720886,0,0.5
b7c7a93f-6128-43fa-bb11-1b78092e6c21.jpg,1.1361431461409666e-05,0,0.5
b7cd9cfe-3f25-4ffb-a4b7-b3e947447604.jpg,0.0002504612202756107,0,0.5
b7e42238-9dd3-4f56-b5a1-ec0fb36f6bcc.jpg,1.3616482647194061e-05,0,0.5
b7e83438-4340-4b18-9ed4-c93a9edcbdb0.jpg,0.005586870014667511,0,0.5
b7e95278-d9fe-443c-98c4-ebe61591df0d.jpg,0.002968420507386327,0,0.5
b7ecc648-45ac-4fcb-b256-8cd3ce1c94c4.jpg,0.0009001254220493138,0,0.5
b7f0c426-a8d5-4be8-ab00-965d3b447a94.jpg,1.1944318600853876e-07,0,0.5
b7f354f3-f4c5-4e36-88e1-7d701e509d02.jpg,0.00011743904906325042,0,0.5
b7f666bb-fe2f-4b23-9df2-c2772134ad40.jpg,3.813875082414597e-08,0,0.5
b7fa8885-401e-4fa8-9f8a-ffecb4a32e0b.jpg,0.02472582273185253,0,0.5
b8024046-bdcd-42b4-be83-44dd96096f35.jpg,0.001624310272745788,0,0.5
b80b5517-94eb-4b78-b25f-c800a390b939.jpg,2.5844597985269502e-05,0,0.5
b8122ab6-f9cb-4ff8-bbad-0f8d57b6a181.jpg,5.076306663909236e-08,0,0.5
b81273b4-17f8-4101-93d7-ac21f22e7646.jpg,0.00018550145614426583,0,0.5
b815dc25-0fbd-452c-8423-92edef9cf6cf.jpg,0.0007299790158867836,0,0.5
b83af14e-da7b-4680-b770-6213c28e0db1.jpg,2.8914171404381683e-11,0,0.5
b83b7984-db55-478a-80bf-ddfd18604e4f.jpg,4.118618335269275e-07,0,0.5
b83bd1a9-cd1f-45e3-b9fc-089f537310e3.jpg,9.499099284937529e-09,0,0.5
b8426913-9601-4426-af4f-e41359841dd5.jpg,4.283934913473786e-07,0,0.5
b843b673-d883-4a8b-885d-7ec765568650.jpg,2.3130908743951295e-08,0,0.5
b84750f7-8659-42f6-9a2e-1f44f31b935d.jpg,0.04419741779565811,0,0.5
b84922e7-a063-4b3d-b2ce-a06bac1d723e.jpg,0.00191097694914788,0,0.5
b849b1e0-2549-4529-a327-d8863a3a76f0.jpg,2.4911150831030682e-05,0,0.5
b84f9641-55b0-49e7-b150-a009a7f8b1a6.jpg,0.00012242485536262393,0,0.5
b85b4eae-f059-4370-a228-b1d579b15860.jpg,0.001736162230372429,0,0.5
b85c9dee-2789-4cd9-9712-c790c6a6618f.jpg,0.0002359614009037614,0,0.5
b8604248-0d4b-4b1d-be79-780e90762dd0.jpg,0.005665332078933716,0,0.5
b8668df0-c0c7-428e-a4a2-604a803e2871.jpg,0.005053794011473656,0,0.5
b86a02e1-dd3b-4611-aabe-b483e862256f.jpg,9.054138416786373e-08,0,0.5
b873e1d5-5613-4b37-8d39-42c0ae3cca11.jpg,0.0006704552797600627,0,0.5
b876534c-81ab-4262-8199-fde328546ee1.jpg,1.3920073627105012e-07,0,0.5
b87e7077-2a11-447b-8e96-4ee8360e1004.jpg,2.055350478258333e-06,0,0.5
b884e519-8e99-4042-ad4d-ced6c1ac2e70.jpg,0.005598758347332478,0,0.5
b8a4089d-81ca-40d9-aaa2-c5b4be00569a.jpg,0.015546780079603195,0,0.5
b8bfc458-b812-4e46-9824-4cb01b29b3e8.jpg,4.5545138505076466e-07,0,0.5
b8c2bbdd-5f67-4534-a935-37fbbb063d75.jpg,1.750907330233531e-07,0,0.5
b8c690a2-0aa6-45b7-9a2d-4cb6d06c0eca.jpg,0.003640797222033143,0,0.5
b8c6a1f5-55c2-45dd-943c-53b3bc9d661e.jpg,2.8820831943221492e-08,0,0.5
b8c95ce6-b868-4410-b3c6-df8590b0ccc2.jpg,0.010363123379647732,0,0.5
b8cb2d7b-e7c1-4c49-95c1-9b0ec6e40dce.jpg,0.026997199282050133,0,0.5
b8cbeb00-9a95-47ce-a818-aa293bde07c2.jpg,5.332873570296215e-06,0,0.5
b8cd35ae-c352-42f2-a575-ddc006578627.jpg,3.035034788594071e-13,0,0.5
b8e522f9-7eaf-4ef1-b760-f6b3af61d79d.jpg,5.876064096810296e-05,0,0.5
b8e7aad6-d6ab-4006-ab5e-1ac48a052854.jpg,0.060952603816986084,0,0.5
b8ea35ce-d59f-4255-9305-5988a0184310.jpg,0.001579689676873386,0,0.5
b8f15ada-4164-432a-93dc-8a816d2a14e2.jpg,0.1256222426891327,0,0.5
b8f87b62-5f6a-4dcf-ad36-088e8cf5fbb3.jpg,0.00039067206671461463,0,0.5
b8fe8b3f-c0cd-4061-9237-3b4cf9f52f47.jpg,5.614648216578644e-06,0,0.5
b909488f-688d-4a61-9898-ca8e4d92a020.jpg,0.8931575417518616,1,0.5
b91952e4-e1e8-4927-9e61-39aa143976e5.jpg,6.567361765519308e-08,0,0.5
b928e349-bdf6-41b6-8624-d34c533e5211.jpg,8.16575120552443e-05,0,0.5
b92cd9fb-3287-4b07-a4d1-e896a586aca5.jpg,2.0362403319040823e-08,0,0.5
b92f3ef6-446c-4c20-b063-c4f21c17c474.jpg,8.919125684769824e-05,0,0.5
b93c1349-f769-4fb6-a77b-78a968ddda80.jpg,0.001091889338567853,0,0.5
b957d7c5-bffe-440f-bab5-f49274fc4213.jpg,0.00010690152703318745,0,0.5
b95cedb4-fd38-4788-a6bf-de62ad9e6eea.jpg,0.2866910696029663,0,0.5
b96116f4-2d70-46ff-9201-d51e625cfa4e.jpg,0.0017025354318320751,0,0.5
b96c456d-7ec0-4d8d-b43c-374ae1dff049.jpg,0.0019559545908123255,0,0.5
b96c8d1b-78cd-4c5b-b96c-31d91e6d1e02.jpg,0.8975727558135986,1,0.5
b9730be4-946a-4553-a5d8-3ddc61c67a67.jpg,0.45827773213386536,0,0.5
b97a68d2-357a-46d4-a7bb-4bca173df4e0.jpg,2.017466613324359e-05,0,0.5
b97db6a8-78ae-40aa-a21a-fe6ee211561f.jpg,0.000974149617832154,0,0.5
b980566d-c822-4039-b6e7-c194df6ab85d.jpg,1.4415488294616807e-05,0,0.5
b9807860-89a8-416f-9b85-de6c976be37e.jpg,0.00014537270180881023,0,0.5
b985c34e-052a-4cdf-88da-61bf70cd681d.jpg,0.64488285779953,1,0.5
b985ef7d-9f1b-426c-a22a-48d3a28a2d71.jpg,3.5215329262427986e-05,0,0.5
b9892771-b9bd-43b0-a5a4-b29a4355f39e.jpg,0.02087753266096115,0,0.5
b989314f-a98c-4288-baeb-91f405cee431.jpg,0.0002104746672557667,0,0.5
b989c99a-3403-4202-bcba-1aa04a5f7f19.jpg,0.0020050492603331804,0,0.5
b98bdd9a-ed9e-41e6-bee8-32e1f5e30448.jpg,2.7330588636687025e-05,0,0.5
b98e65d9-cd3d-483e-8ca4-65c92ff9d13d.jpg,0.0014005644479766488,0,0.5
b997a5b6-26b6-4584-bb9c-b1e45267bc48.jpg,0.0007201610133051872,0,0.5
b9a6f927-ad9b-4f2e-9496-68de4ce239a5.jpg,0.884067952632904,1,0.5
b9ad555a-5cc3-4611-baa3-7056b3627167.jpg,0.00036349945003166795,0,0.5
b9ae816c-5668-41a1-9858-d597fdb8cf55.jpg,0.8691240549087524,1,0.5
b9aea8d5-59b6-4822-8d16-1c4777b75e9f.jpg,1.2639340638997965e-05,0,0.5
b9c362b5-788d-4a31-8226-c53ef3598976.jpg,8.40835696180875e-07,0,0.5
b9c878d7-c08a-495c-8dfa-330c2891a1be.jpg,3.487081556841076e-08,0,0.5
b9c99d54-9cb8-4744-85df-4e2dc3327219.jpg,0.0002759457565844059,0,0.5
b9ca35bd-3633-4063-8334-fc308bf3d8c8.jpg,5.878249567103921e-07,0,0.5
b9cbce47-0b51-4a9b-93eb-7467c86e630d.jpg,3.496125344781831e-08,0,0.5
b9d5f21b-b6c5-4545-aa17-6446b614b7d0.jpg,0.004979381803423166,0,0.5
b9d9a96c-9ba0-463e-bbbe-a18140eab15d.jpg,0.00013384253543335944,0,0.5
b9d9b85a-03a2-4515-9f7e-655953f8d052.jpg,4.1061020965571515e-06,0,0.5
b9e6331d-f553-4972-ab5d-7e0002b67ff7.jpg,2.991233714055852e-07,0,0.5
b9f148be-74e4-4df6-9308-18d9c68d44b3.jpg,6.022015440976247e-06,0,0.5
b9f487bb-8e65-44b6-ad87-ae2014caf11d.jpg,8.354286546818912e-05,0,0.5
ba07fb3d-6505-49a0-8730-e62b46d3b254.jpg,5.453646867437101e-09,0,0.5
ba0a3e50-4d9d-4309-a10b-9a5469f3f02c.jpg,0.0036366707645356655,0,0.5
ba1688ff-2768-401a-9d20-e8506ca335b8.jpg,0.0004553838516585529,0,0.5
ba1dc1a0-b074-4b56-8840-438b2cf10630.jpg,3.3821812905898696e-08,0,0.5
ba2c35f2-80fb-4ec3-a681-fffaec8efe00.jpg,9.991688898480788e-08,0,0.5
ba32058f-e0f3-42bc-991b-fda674ab5934.jpg,7.164010753513139e-07,0,0.5
ba389404-9d70-47e7-82df-c0018e809e25.jpg,0.01928519271314144,0,0.5
ba3bee7e-0d1f-4199-9012-5bf0bf864bd9.jpg,1.1664079424544838e-11,0,0.5
ba576dce-427d-4d71-bcf8-4fc3a81c76c3.jpg,0.006643062923103571,0,0.5
ba5a78eb-e622-45e3-b7bd-718b29fab09c.jpg,2.31043927101382e-07,0,0.5
ba60702f-b198-4b24-8415-b5f771b42d01.jpg,9.557356861478183e-07,0,0.5
ba6aa820-f7aa-492b-a67d-04ee29352f70.jpg,0.03286292403936386,0,0.5
ba6f0759-a61e-4e7a-822d-26366d9f80fb.jpg,1.0008021490648389e-05,0,0.5
ba7a0a52-24a0-4d8b-b376-41758b1df95d.jpg,0.27476027607917786,0,0.5
ba7ef08f-582e-446a-98c4-e22633ca00a2.jpg,6.478347586380551e-06,0,0.5
ba86a932-49c3-40c6-9ebf-48d98baddaf3.jpg,0.0006266804994083941,0,0.5
ba94aad8-2e69-4376-b66c-d7dff16c1377.jpg,0.013500816188752651,0,0.5
baae5328-133a-46d2-ad9f-b80e108de539.jpg,5.188091378727222e-08,0,0.5
bab22e45-554f-47a8-8f14-41393ff988c9.jpg,1.7375928109686356e-06,0,0.5
bab7754e-5fd3-42c6-9db7-a7e6cef501d8.jpg,0.00021801349066663533,0,0.5
babb3a59-fa3e-4f04-b829-6ba8130ab035.jpg,0.0009895769180729985,0,0.5
babd73eb-5abc-49e0-a766-087d7aa18e62.jpg,0.011934501118957996,0,0.5
bac62be1-bba8-4e0b-bf6b-4300497263f3.jpg,0.0001264944876311347,0,0.5
bac874a9-99b6-4601-a18b-846cee47dbf3.jpg,0.04301025718450546,0,0.5
bac999a8-6afc-4fa4-9209-8ae50279848b.jpg,6.242968311198638e-07,0,0.5
bad32600-d875-420b-a0fe-0c0e8bef0e25.jpg,4.118956564713727e-11,0,0.5
badbe8af-19ac-4a1c-8ec1-321f8e9e47e5.jpg,2.0825180513384112e-07,0,0.5
bae1298b-8045-4ffa-8403-f8a811cf4690.jpg,5.854880100741866e-07,0,0.5
bae66ab1-7f07-4c9b-87e3-dbefcbed0c84.jpg,1.8640657906132674e-09,0,0.5
baf1afd8-b277-4917-8072-6588da032e82.jpg,3.3079565562449398e-12,0,0.5
bafa51e6-0ca4-4226-89dc-7d84fdc0462e.jpg,0.5194041132926941,1,0.5
bafd31d8-02be-4c68-93f6-450a6fdd45e2.jpg,7.537721558037447e-07,0,0.5
bb01dba4-af82-4d06-a473-a8416d6e13b1.jpg,0.001381704700179398,0,0.5
bb0303b7-8a25-480e-81cd-7dbbde2a4d73.jpg,7.013451153170536e-08,0,0.5
bb05099a-aa81-4943-b982-86ebfa3b5bfc.jpg,0.008008254691958427,0,0.5
bb121a89-60e6-48ff-aa83-8401e41bf372.jpg,0.47347065806388855,0,0.5
bb22633a-b20c-40fb-ad10-248838634784.jpg,0.9181927442550659,1,0.5
bb341916-3fc0-4c1d-bbe2-0a23de6b4afd.jpg,0.0024304897524416447,0,0.5
bb4267ca-ccb7-4250-a7dd-42ba18551e2c.jpg,0.00482257641851902,0,0.5
bb453154-ef91-4638-8688-c67f831c2643.jpg,8.599427019362338e-07,0,0.5
bb45eb9e-c196-406c-b679-c00831342424.jpg,0.0001243930746568367,0,0.5
bb4b3558-8e1a-410f-b38c-e656ee73a15e.jpg,0.0067945546470582485,0,0.5
bb564f86-bd87-42dd-b350-23e4a6c93b64.jpg,0.0003140868211630732,0,0.5
bb57d340-2760-4b33-8c8f-6c9179e5f630.jpg,0.007925922982394695,0,0.5
bb603a4f-e7da-4b64-838c-45a053899f07.jpg,0.00094656553119421,0,0.5
bb6085dc-969c-4359-a965-d61c763817b2.jpg,3.198867125320248e-05,0,0.5
bb63cbdf-d3b0-48fe-a23e-4b2de61385fc.jpg,9.679837239673361e-05,0,0.5
bb6fbe7f-69b8-4002-883c-46694f4a51d7.jpg,4.719110080486644e-08,0,0.5
bb70142b-a941-418f-a070-1ed44eb6d21b.jpg,0.018407154828310013,0,0.5
bb7c7242-594c-414e-8724-81f59a420d69.jpg,2.7173459784535225e-06,0,0.5
bb7cb244-6b79-41e3-8853-1f9341d553f0.jpg,4.841812824452063e-06,0,0.5
bb7f7e6a-971c-48a2-9813-2ffbd3ba920e.jpg,6.510626349154336e-08,0,0.5
bb891db1-3af6-4acb-b620-7e8cfc8fe76d.jpg,0.0009450822835788131,0,0.5
bb95e89c-7de8-4833-92fb-36e9f77afe7c.jpg,4.456022725207731e-05,0,0.5
bba0fb3a-e7e3-407a-961d-bf4070c2025e.jpg,4.1629328961789724e-07,0,0.5
bbb0e8dd-6319-4218-b955-e5a3b57e7662.jpg,0.0021617470774799585,0,0.5
bbb6fced-5e93-4109-abb9-5c9224655710.jpg,0.012607701122760773,0,0.5
bbb9ea6a-f261-4069-bb68-a738518d0943.jpg,7.384076070593437e-06,0,0.5
bbc07b7e-7497-4ded-aaef-d5fd6614509d.jpg,0.0004934793105348945,0,0.5
bbca6a9f-955c-47b2-aa2e-69fdcca9ba3a.jpg,3.3014515600504613e-12,0,0.5
bbcbbf50-9b25-44d7-9aba-ace450a452c1.jpg,0.16330711543560028,0,0.5
bbd00e98-cf90-418a-9159-11356b214c43.jpg,0.0004165955469943583,0,0.5
bbd45b3e-81a7-4793-ae6c-b25148c0297a.jpg,0.041900668293237686,0,0.5
bbdbd95d-ac84-4c66-a3c3-d133f50e705b.jpg,2.067807326966431e-05,0,0.5
bbe3f198-277b-45e6-8261-a8e13a56a37f.jpg,5.378358314267473e-10,0,0.5
bbe68ed1-9fea-4079-bb4b-60790f229f89.jpg,7.130734047677834e-08,0,0.5
bbea53b3-8a1f-4264-9350-63dda66fa41d.jpg,6.132630915089976e-06,0,0.5
bbec885d-31d2-40cc-a2f0-e6e635c4220e.jpg,0.9134049415588379,1,0.5
bbf84e67-1645-4b7f-842e-b0a6ef3981cf.jpg,0.0009335389477200806,0,0.5
bbfa0e6e-a281-46b7-a8de-edafd8077d4e.jpg,0.6442104578018188,1,0.5
bbfe2e4d-117a-4dff-8d13-839206fa8629.jpg,1.405011289534741e-06,0,0.5
bbfe46ad-4ca4-47a5-8edb-693ac24d6d55.jpg,9.918602154357359e-05,0,0.5
bbfe9a4d-a2e4-4b1e-aedd-4fc10d5f7e77.jpg,0.00027782798861153424,0,0.5
bbff89f0-2b67-4e0a-8250-10d52812a886.jpg,0.001581534743309021,0,0.5
bbffc7c7-a53f-4cd5-ba72-592a514d43a1.jpg,0.0021673154551535845,0,0.5
bc076548-d234-49e6-849f-d0123689f362.jpg,0.030364319682121277,0,0.5
bc0a5e77-4e8a-4fe9-b0e9-f63a3118a724.jpg,0.008455256000161171,0,0.5
bc10a17b-cf6f-49d0-a4d1-a221dcb7f089.jpg,0.00621443334966898,0,0.5
bc1b3459-6d1d-4018-8ae2-422eb2d44de2.jpg,5.0774411647580564e-05,0,0.5
bc24031f-3fad-4a96-aa6a-d8c6ada6168f.jpg,0.4771750867366791,0,0.5
bc3245a4-03ef-4e69-a38c-7033d07070a6.jpg,0.0013198484666645527,0,0.5
bc343a93-d276-4459-934e-99ceb639e47e.jpg,6.027324161550496e-06,0,0.5
bc343e89-bfb6-4666-be69-b7063a9bd669.jpg,0.00023347174283117056,0,0.5
bc4267bd-b5c5-46ea-a4df-853671d013cd.jpg,0.06059825047850609,0,0.5
bc4701f6-cc47-4d6f-8bfa-791447d9b6c7.jpg,0.0004429014807101339,0,0.5
bc622f5f-959b-4417-998a-0c0914ac3dea.jpg,2.827686529371931e-08,0,0.5
bc6931db-636e-4773-92a3-cc10ec17001f.jpg,3.977711742209067e-07,0,0.5
bc7ea90d-dda1-4cc5-ae36-1cbd3b3ab302.jpg,2.8076117359887576e-06,0,0.5
bc8166aa-ed87-4121-9ecf-f418a3610ab1.jpg,2.8794001991627738e-05,0,0.5
bc86c6d9-51eb-4e8e-9cc0-a33d37c966c4.jpg,5.134301773068728e-06,0,0.5
bc9254e5-a62a-441e-9491-2ba953704bfd.jpg,6.055347967048874e-06,0,0.5
bc96c7c2-90de-430d-a4b3-039d295d195e.jpg,0.9845036268234253,1,0.5
bc9a188d-da96-45fb-8b33-a93bbd0671f9.jpg,2.9420791634038324e-06,0,0.5
bc9e22cb-9523-4090-9e1e-dd63167e074e.jpg,0.10714177042245865,0,0.5
bcb302bb-0863-45d4-8dd7-bebe807f79d9.jpg,0.5103179216384888,1,0.5
bcb32a8e-f36e-4d8f-9c1b-c21d24a083cb.jpg,9.25519128003316e-09,0,0.5
bcb7d198-7bf0-45c8-9b28-a85ce2779b30.jpg,0.06162382662296295,0,0.5
bcb8350c-3855-4e74-b3b7-8f147a6dd1dd.jpg,0.00013693916844204068,0,0.5
bccf78f0-d3f1-4c43-a769-779889ca3adb.jpg,4.8718065954744816e-05,0,0.5
bcd0b956-ff16-4431-b425-729530e92617.jpg,0.02615216188132763,0,0.5
bcd4a754-85e1-4bca-aaea-84c3d73599c7.jpg,0.24589447677135468,0,0.5
bcd4d5d8-7be7-474d-9d0f-6e56f717477e.jpg,6.75956584927917e-07,0,0.5
bcd84ee3-b521-44e9-9461-cab08a6fbd8c.jpg,0.0004943418898619711,0,0.5
bcec55bb-d0d1-4325-ac21-c8f9d0b045f3.jpg,0.3856482207775116,0,0.5
bcf26387-7736-4ecb-b462-cbca97a43e62.jpg,0.00023484413395635784,0,0.5
bcf5a709-bcd3-4600-b4cd-d928ec256d7b.jpg,0.0009176749736070633,0,0.5
bcfdcfc4-4db5-4b72-ad79-0134b99678eb.jpg,0.003200958715751767,0,0.5
bd073ece-203a-474f-acaa-53e80d0b7286.jpg,1.0293666719007888e-06,0,0.5
bd0784a8-5f9a-4029-9ffc-0b6f475493d0.jpg,0.001707257004454732,0,0.5
bd0ff1c3-c327-459b-a90c-db66ad20d786.jpg,2.2292355461583924e-11,0,0.5
bd2e8a32-9b10-4ed4-92a2-927df6744eca.jpg,0.009977501817047596,0,0.5
bd2f4905-e28a-4f6b-bae2-c32309b1ee6a.jpg,0.028155790641903877,0,0.5
bd318bae-6c3b-4ad1-b032-19c4ff684ac9.jpg,1.1363132216501981e-05,0,0.5
bd31f70f-7364-461a-9c49-80c5cafd3dde.jpg,1.027248345053522e-05,0,0.5
bd3231de-f86d-43d8-abe4-7f4046226c40.jpg,3.4967921891393416e-08,0,0.5
bd3343b9-9137-4ac3-a6a1-a09e93aedeca.jpg,1.2138541023887228e-05,0,0.5
bd34ec01-c755-48d0-853c-3e1299f1acb4.jpg,0.0007985972333699465,0,0.5
bd3ef24e-bfd6-4cfb-9682-1c1c87f171ee.jpg,9.039364385898807e-07,0,0.5
bd500ee6-f9e8-4f8e-9adb-5d1161308586.jpg,1.060888280335348e-06,0,0.5
bd549f20-abae-4112-a931-1371ec5078bf.jpg,0.002943313680589199,0,0.5
bd697a82-af9c-44e3-a7ac-34742eb74a4e.jpg,0.026827841997146606,0,0.5
bd70fad9-9f70-4531-87b1-a974c6282e60.jpg,8.672181138535962e-05,0,0.5
bd72837a-a466-4292-9e5f-07b9d380b39b.jpg,1.6000589653231145e-07,0,0.5
bd77f11b-fa70-4004-86ed-b57614b43db9.jpg,0.013695814646780491,0,0.5
bd8410b9-12b0-46ad-8f64-6c97a3afd6ed.jpg,0.03166986256837845,0,0.5
bd88396a-5763-4222-8d9e-642b0839066a.jpg,7.464067586226975e-09,0,0.5
bd93b40c-fc77-44c7-ba21-0c03473200c4.jpg,8.090534538496286e-05,0,0.5
bd96b09b-05f8-4405-afff-6faf09030022.jpg,2.2085004935945562e-09,0,0.5
bd989e1c-8fea-43d2-8a1b-4d84c18fd064.jpg,0.0006864844472147524,0,0.5
bd99b1f5-a78e-4a0a-8c5d-76dbcca252a9.jpg,4.526996111309245e-09,0,0.5
bd9ef85f-c76d-4888-bd9e-d28695501a38.jpg,2.25962875077812e-08,0,0.5
bdad7bb2-426c-44e1-a8e0-a57a91b22f9c.jpg,4.607828668667935e-05,0,0.5
bdadcdba-f2d1-4f92-acf4-505e1dfb56b7.jpg,0.0636618584394455,0,0.5
bdadcf70-f332-457c-8594-00946d188df3.jpg,0.0009362744749523699,0,0.5
bdb79a91-501f-4ba4-a26b-dc37ef717559.jpg,0.7450665831565857,1,0.5
bdbfc4ae-65bf-4fc1-afc4-a93ebb295848.jpg,0.10720276832580566,0,0.5
bdcac4ea-251e-4f18-9bb7-75d8a3edb5f7.jpg,3.6334975447971374e-05,0,0.5
bdcaee40-bc44-4d3e-a2db-a48fceaf7203.jpg,0.6826393008232117,1,0.5
bdcecf75-5d0d-4a53-8f16-447ffe9badeb.jpg,2.229295660072239e-06,0,0.5
bdd0953d-a93e-4ba4-8531-976177d03ed9.jpg,0.004310723394155502,0,0.5
bdd82fd6-dfdd-4d92-9da4-a52caa608571.jpg,2.647811925271526e-08,0,0.5
bdda4882-9a6b-4b9a-ac80-641691a7646d.jpg,1.3499600299837766e-06,0,0.5
bdda6aab-a75f-4812-8c00-b0836a7956de.jpg,0.06620799750089645,0,0.5
bdde7df8-6fb0-477d-92df-f9d5cfcf5e5c.jpg,0.2576020658016205,0,0.5
bde7448f-6442-4257-8514-dbc58c43d8c1.jpg,0.013189650140702724,0,0.5
bdeb6e76-5a18-47aa-9582-a9398fb594db.jpg,1.3313167528394843e-06,0,0.5
bdf59a6b-4259-470b-afd8-01d64d127de0.jpg,0.29618507623672485,0,0.5
bdfa73bd-c670-4a4a-b0be-f80f487351dc.jpg,1.6794077737358748e-06,0,0.5
bdfbbc6b-0f9c-4cd9-8ea8-486dd5cae490.jpg,1.0988108201104296e-08,0,0.5
bdff386a-aeb8-4652-bbf8-d6b0d0c684e2.jpg,0.00038342096377164125,0,0.5
be0eb6d0-ff64-4eda-990e-fb0b3547d4bc.jpg,5.268494841781379e-12,0,0.5
be1518ac-baff-4fc3-ac2e-f262c8a756d1.jpg,0.06665398180484772,0,0.5
be320080-3e70-4eea-92ae-1470a1ef5ce3.jpg,0.01294039934873581,0,0.5
be367264-5203-401c-ab69-352439c7c9c7.jpg,1.288076987293607e-06,0,0.5
be389499-3a70-4a30-9bc1-be6ca5e88a39.jpg,0.0285321157425642,0,0.5
be4084b5-dadd-41c5-af81-467ccc8a2f09.jpg,6.325294066300557e-08,0,0.5
be4253df-3da6-444e-9f0f-4bcb7dd94ff7.jpg,0.002881961641833186,0,0.5
be42c153-d521-4f59-8579-38c986d0ae9b.jpg,0.0009762442787177861,0,0.5
be53fbf0-8686-48cf-85c2-da2b313c4954.jpg,0.0029428463894873857,0,0.5
be5646e6-8963-4793-a9ca-0ebec09c3dd0.jpg,0.0032342933118343353,0,0.5
be615e53-c069-49c0-9d99-c637a3bf36eb.jpg,1.2206162303129986e-08,0,0.5
be6a5df4-ebff-4710-a0ac-0ba619ebfb11.jpg,0.00021165981888771057,0,0.5
be6aa225-87b2-4095-9fc9-5fda3cf8bce9.jpg,1.1486284812178837e-08,0,0.5
be77266e-07a9-43ce-9635-db0ce030bef7.jpg,4.939172182361062e-09,0,0.5
be817c2a-bfc6-4d32-b35d-8cd4f9699f14.jpg,4.5343480792325863e-07,0,0.5
be84529f-e237-4d61-8bbc-561a4e6020d6.jpg,6.56297913792514e-08,0,0.5
be9399b5-d407-479e-a624-48e25bc71ae5.jpg,0.010981814935803413,0,0.5
be9a1062-1079-4549-90d8-60e572f91847.jpg,3.2308724939866806e-07,0,0.5
be9af2ec-891d-4b83-a2c9-db934e27fe60.jpg,1.0348595244624725e-11,0,0.5
be9c0d53-a997-4ec4-9375-cd58ff927ba0.jpg,0.07414137572050095,0,0.5
be9d59dc-31c8-4e8f-9c86-5d1ecce1301f.jpg,0.000938151846639812,0,0.5
bea0abae-e279-4f1d-bbdb-8e8d25c3bcb2.jpg,0.10293354839086533,0,0.5
bea5c1dd-84e6-4e7f-a23c-d75a2db19a49.jpg,5.011178018321516e-06,0,0.5
bea6d94b-f89f-4f1f-9e9f-50ecfd9bf444.jpg,0.0034356964752078056,0,0.5
beaf0401-c45c-4243-b257-c3c704fd3be2.jpg,0.09640559554100037,0,0.5
beb00b5f-3f2c-4bb6-be7a-34d6c55aa5c2.jpg,0.016424017027020454,0,0.5
beb2b2ad-f837-46fb-9b6b-603ad086e158.jpg,0.3915225565433502,0,0.5
beba54b7-c76b-497c-a41c-b2f2345e173b.jpg,0.00024863064754754305,0,0.5
bece089e-2c8e-4c4c-9da7-3a00c3cc142b.jpg,6.815922688474529e-07,0,0.5
bedfbebc-bf06-43c8-abe6-fed7ec0f2a18.jpg,0.00207907916046679,0,0.5
bee452ae-6bb9-4ceb-b60b-9cf30b16f81d.jpg,1.3917459682488698e-06,0,0.5
bee641b5-5262-4284-b101-676a287259ec.jpg,0.0021260990761220455,0,0.5
beef2b39-7b06-4a77-859d-7f380ca18ab5.jpg,0.0001885720412246883,0,0.5
befd0356-8b87-4cfe-b44b-7487f40c6750.jpg,0.08278793096542358,0,0.5
beff2b7f-3e7c-4d48-a1f3-5f687bd2028e.jpg,3.0057742606004467e-07,0,0.5
bf035a18-2a87-467c-87d2-53930c0ed60e.jpg,0.0003580272023100406,0,0.5
bf081ecc-8bdb-4081-a6e0-53fca85f0a94.jpg,3.036313273696578e-06,0,0.5
bf101d8b-1bee-4432-b8f3-14c6b242351c.jpg,1.454630728403572e-05,0,0.5
bf12d2b3-ee6e-4e00-8393-3775804fa5e8.jpg,0.9322060346603394,1,0.5
bf19ae3f-c919-4d52-8512-aa0bab71a5d9.jpg,5.06124297317001e-06,0,0.5
bf1e090f-358b-40da-a6ba-6ab78ed24471.jpg,2.0190602523229018e-09,0,0.5
bf28aa0b-aee4-4ca9-b9cf-543cef0d117a.jpg,0.1741916686296463,0,0.5
bf2bde21-a747-4269-9634-b3b4126562a7.jpg,0.012060482054948807,0,0.5
bf31d11c-bf5b-42f9-b506-e13d2e6fd874.jpg,2.7924448886551545e-07,0,0.5
bf35a38e-cb76-4ecf-93c2-c6cf7e85f7ff.jpg,3.104437200818211e-05,0,0.5
bf3bbe04-0f90-4b46-b9f9-38ccb3e86056.jpg,6.586356903426349e-05,0,0.5
bf3f9a22-f60f-48fa-ac08-dea2dc672558.jpg,0.26516538858413696,0,0.5
bf44762d-05e1-4350-b983-385a05bddc39.jpg,0.00039896220550872386,0,0.5
bf47f912-e5b3-4abc-914f-9a9cc07261f9.jpg,0.0069459886290133,0,0.5
bf4874e3-0d41-441b-aad7-b9efa0ef4f30.jpg,2.0070651807202466e-09,0,0.5
bf4aadac-3683-47eb-a3da-4770e22cdb31.jpg,0.0006884466856718063,0,0.5
bf5586ec-399a-4f5a-8d4a-adc944228c61.jpg,0.010340354405343533,0,0.5
bf5b95d9-30be-42d1-a300-e1538ab986db.jpg,0.00013217386731412262,0,0.5
bf65b583-3a38-41dc-85d2-10352460c27b.jpg,0.00710440194234252,0,0.5
bf6634b1-81ef-42be-9e91-fb469103fd9a.jpg,2.3587294890603516e-06,0,0.5
bf6a1d82-9389-4f9f-9b18-f326151af9e5.jpg,0.8914944529533386,1,0.5
bf802965-bb98-4dba-8c84-ec2fbca84f2b.jpg,1.286527663069137e-06,0,0.5
bf94c785-5ccb-4fd4-bfc3-3337cb2c5bfe.jpg,0.0020394925959408283,0,0.5
bf976410-928f-4ecb-ad84-6a25ebe55261.jpg,0.0013675959780812263,0,0.5
bf97aa9b-f05e-4982-8576-0d294181250d.jpg,1.874086365205585e-06,0,0.5
bf98c331-a7f5-4a14-91fd-b835b944a6f7.jpg,0.0003740031970664859,0,0.5
bf9d5b08-6a75-4cc3-ba70-548c8b98389c.jpg,6.319119165709708e-07,0,0.5
bfaf1911-1b2a-4cbe-8d22-75e195ef6e1f.jpg,0.00012856662215199322,0,0.5
bfb06440-e597-430b-a49a-72f772c5afee.jpg,0.02641196735203266,0,0.5
bfb2baa6-13db-4bb5-89c4-1521759cb5ff.jpg,1.6259944459307007e-05,0,0.5
bfb3aa00-f68e-4290-b810-94aeef6333b7.jpg,0.00022111617727205157,0,0.5
bfbbefaa-0845-4f0f-abbd-93ef6c56da57.jpg,0.0012248987331986427,0,0.5
bfc8f8d8-1e81-495b-9c84-5a8668cb1956.jpg,0.00021687979460693896,0,0.5
bfc911cc-8321-4347-a41d-eb289aaa2850.jpg,0.01978112757205963,0,0.5
bfcc4f4e-1e0c-4a6b-a3dd-97599991ae70.jpg,0.5822489261627197,1,0.5
bfd13e05-a53b-41c7-865c-706f54dfae2b.jpg,0.00038736124406568706,0,0.5
bfd3f033-6b1a-4177-a24e-23900ce82e81.jpg,8.169730447704637e-10,0,0.5
bfd4ad16-d326-4257-949a-92f0de06e96c.jpg,0.00010841676703421399,0,0.5
bfe7d69f-41bd-4b9d-ac20-2c634f7adad1.jpg,0.05310488119721413,0,0.5
bfe8148f-68bf-4d21-8754-fb8de6a1c99a.jpg,4.547426215140149e-05,0,0.5
bff0e3be-dcff-48c1-af94-ee967dc9eec5.jpg,6.248518275242532e-06,0,0.5
bff8dca1-27ab-4fc7-a3dd-a8c511a71d7b.jpg,4.3864747567567974e-07,0,0.5
bff9a684-44dd-41ee-b13f-b1147f702422.jpg,0.00029126284061931074,0,0.5
c0038b8f-55b9-4e9a-8435-306d13ce0a26.jpg,1.712802804831881e-05,0,0.5
c0043aa5-9608-485b-9d11-aca7a3bacacb.jpg,2.6113653461834474e-07,0,0.5
c004acaf-16d6-4899-881b-cb8c6bc3532a.jpg,4.471530701266602e-05,0,0.5
c0097d90-b664-4a33-a9c8-09e4b06c93db.jpg,2.377866803726647e-05,0,0.5
c009b9d8-1f39-42d3-b41e-9f93622a1917.jpg,7.747893716577095e-14,0,0.5
c00cbad6-a0a8-47de-817f-874c9675092e.jpg,4.162008959696095e-09,0,0.5
c00dec50-270b-47ef-8959-614d6c766a87.jpg,0.4000803232192993,0,0.5
c0106a9f-7f09-493b-a7dc-1f7448c27b24.jpg,0.0018112605903297663,0,0.5
c01a5ecb-660e-43bd-9a99-5560462daf6f.jpg,5.866780128371829e-08,0,0.5
c02a7e1d-92a4-41a5-829a-562cda56bbd8.jpg,0.008266150951385498,0,0.5
c03223c9-0c5f-49d5-81ec-6faa811acfe8.jpg,9.948365686796024e-09,0,0.5
c03352bf-81f9-4fa1-b445-a49aa15ffbe5.jpg,0.4222765266895294,0,0.5
c0389d09-ebd8-4dba-8f38-2ac314f4b6bf.jpg,0.002806013682857156,0,0.5
c03a0151-8142-4f39-839c-c0e2cfbf8040.jpg,9.294657502323389e-06,0,0.5
c03d6e95-286a-4a13-bc7e-d8abbde2f503.jpg,0.07149713486433029,0,0.5
c03ec0c6-c4bd-4107-b777-72efd3c967e6.jpg,1.848679289651045e-07,0,0.5
c0456ccc-46bf-4c72-afab-9837bfa03fb9.jpg,0.0018525206251069903,0,0.5
c0458afc-3b9b-4d79-b5a3-52d8ca0b186f.jpg,0.0009304681443609297,0,0.5
c04824d7-48a7-4a0d-b843-5f60a6d0bba6.jpg,4.37660929719641e-07,0,0.5
c0517da9-f497-461e-9ac1-db98176a9654.jpg,4.6176332944014575e-06,0,0.5
c05fe427-2454-4a8d-9789-a2a8df9d35bd.jpg,0.5466393232345581,1,0.5
c064f35d-22cd-48f3-8c77-103438a09f19.jpg,0.004187176004052162,0,0.5
c079a547-71b7-40dc-902a-faddfef6dbf6.jpg,3.472703014040235e-09,0,0.5
c079c3ef-eb16-4f21-97f2-2a6e36b70c13.jpg,3.440840430357639e-07,0,0.5
c07d7206-43df-4d1d-8d09-005bebcbe810.jpg,0.009059055708348751,0,0.5
c07eb7d5-645d-4580-bb0f-8c703ec543a8.jpg,9.805750596569851e-05,0,0.5
c07f1539-bb77-48e8-ad02-5fde27963215.jpg,8.732777496334165e-05,0,0.5
c091ea23-97c4-4339-ae02-e75d0f324226.jpg,0.12602795660495758,0,0.5
c09ed252-6685-4349-a35a-686560287c6c.jpg,0.00028547790134325624,0,0.5
c0a22fba-f71b-4100-953f-0556c563a434.jpg,0.18778815865516663,0,0.5
c0a3d344-3bcc-4403-a84a-f869fe1fb7d3.jpg,3.862187458736344e-09,0,0.5
c0b2c692-9b85-41dc-9163-059909e3e6c4.jpg,0.039802439510822296,0,0.5
c0b42966-0038-48f5-9234-e0be82eebb9c.jpg,0.007170272991061211,0,0.5
c0b843f3-af44-4f4d-b5ca-781992694c9a.jpg,0.17178890109062195,0,0.5
c0baad78-e0d8-4658-9fb8-c135008ca7d6.jpg,9.636707545723766e-05,0,0.5
c0c091e8-50bb-4aae-bd9e-39cbea57ee4e.jpg,0.00011241307947784662,0,0.5
c0c271e0-b7b6-4b2a-9696-ef6482505eb6.jpg,0.00031064750510267913,0,0.5
c0cb920b-f8ca-47b4-8122-31124c3a58a3.jpg,0.016488926485180855,0,0.5
c0ddf8bf-a715-4d26-b0aa-79099a6514cd.jpg,3.5146359778082115e-07,0,0.5
c0df0e62-2ff9-4d44-b573-805b52fdf9a8.jpg,0.0013942404184490442,0,0.5
c0e02c17-0ec4-4169-a4dd-129f7c5f2bb0.jpg,0.008651250042021275,0,0.5
c0eddd88-0381-4b82-b7a7-fc0af7603db8.jpg,3.480025407043286e-05,0,0.5
c0f29df6-8a06-47da-a5da-34689d3cb264.jpg,0.18009117245674133,0,0.5
c0f6c0bd-f95b-499d-88ef-488be9af1adf.jpg,0.0003167628892697394,0,0.5
c0f7b52a-7f97-4c8d-bcb6-6b0b015b1b76.jpg,1.11149818238232e-08,0,0.5
c0fb561f-b20e-431c-a8cd-4356908a2d09.jpg,0.004791202489286661,0,0.5
c0fc24d8-ad90-4e23-9939-b4b2aa68186a.jpg,3.826938336715102e-05,0,0.5
c10078e6-a50e-4b88-9ed8-e89768c198ae.jpg,0.0025764242745935917,0,0.5
c1008212-9f76-4185-915a-8b6f79bcff4a.jpg,0.00011682997137540951,0,0.5
c10e1133-36c4-419d-8819-36a37a9695df.jpg,0.0013402987970039248,0,0.5
c10f8d45-e2a8-486b-adcd-12a1f46085bf.jpg,1.2507192082011898e-07,0,0.5
c11ff953-4628-4d55-964b-0346c0737ba0.jpg,2.2556268675089086e-07,0,0.5
c1202d59-9679-42dc-9abc-691efe34a8ab.jpg,0.009766415692865849,0,0.5
c12f2798-9de5-4a2c-bf83-8b4497d3cc84.jpg,0.002778548514470458,0,0.5
c130521d-b9e1-41c5-9d07-84daf4c3e8d4.jpg,6.509642116725445e-05,0,0.5
c13b566e-2d65-493b-a6f1-16ebd67ee1f7.jpg,1.4321827279673016e-07,0,0.5
c13bda00-8145-41ab-ada1-0230584a98df.jpg,1.0970078179184384e-08,0,0.5
c1437e6a-37cb-462a-aefb-2941d19ef6e1.jpg,0.0009659003699198365,0,0.5
c1444305-0c56-4561-a5d0-09b8869c599a.jpg,1.3075630704406649e-05,0,0.5
c14645ef-e6da-4446-8c95-b516df0ae278.jpg,0.44823405146598816,0,0.5
c14e7e60-7d7e-4972-b9b1-2d396a90393b.jpg,6.056260644982103e-06,0,0.5
c1505d54-7ef8-4337-8067-ffb166ffbc30.jpg,7.960622497193981e-06,0,0.5
c15499d2-826f-4fb1-9f1f-77c87857354c.jpg,4.794294454768533e-06,0,0.5
c15bd3a9-58fa-416c-8080-a9f81f5ac4c8.jpg,0.00013067344843875617,0,0.5
c161fe9b-6c72-4a94-bc6f-1c6ff22c3b0a.jpg,1.199012999997251e-09,0,0.5
c16877ee-3118-4c64-adfd-4efe9755f674.jpg,0.061901506036520004,0,0.5
c16a1102-df26-4181-a375-a6af84826839.jpg,2.5085961752324692e-08,0,0.5
c173041c-0dc8-42ab-85d8-301e1d571f80.jpg,4.258443368598819e-05,0,0.5
c17577ae-254b-450b-a233-0c5d4faa0d8b.jpg,7.007821523075108e-08,0,0.5
c1785dfc-e4b5-470f-8ec8-cdc65627d197.jpg,0.0002181060117436573,0,0.5
c17e8899-8aa2-4464-8ad5-f2cf1647bab7.jpg,1.4084010047099582e-07,0,0.5
c1860fd9-a51a-405f-b78a-9f528f35ea44.jpg,1.4986710084485821e-05,0,0.5
c189edab-e6c8-48da-9729-9fdf6fbea0ce.jpg,1.2795610928151291e-05,0,0.5
c18ad771-f7f4-48a9-b6ea-2454a1d61c58.jpg,7.337815688401861e-09,0,0.5
c1913d8d-e5aa-4e36-8cf1-bda527e6d7c1.jpg,1.2788281367193122e-07,0,0.5
c1987d05-ca5f-4940-9072-6c445fad4db9.jpg,1.7000347725115716e-05,0,0.5
c19e25d4-5fa7-48f9-b02e-db0af57dc630.jpg,0.009590605273842812,0,0.5
c19e816b-8f6a-41d3-95e5-f270cd1c0d6c.jpg,1.8215690943179652e-05,0,0.5
c1a42132-c733-4084-92eb-af9904d38e52.jpg,0.33227476477622986,0,0.5
c1ae7fff-def5-4ae1-81cb-0812c03b5c1f.jpg,1.20229117328563e-07,0,0.5
c1b3fd89-5b7b-4710-88bd-06ea518b7641.jpg,4.9579330152482726e-06,0,0.5
c1b8f588-807d-41f5-986a-8dc08bf4ca6a.jpg,1.340889497214448e-07,0,0.5
c1c042e9-a25a-4a28-90b3-a386ee9ebd4e.jpg,2.1753185919237694e-09,0,0.5
c1c147e0-8cfb-4463-b038-28c423438c84.jpg,0.0027777820359915495,0,0.5
c1ce9b7a-565a-400e-bad3-fca477b33f6b.jpg,0.00018401288252789527,0,0.5
c1d0519a-ed74-4a27-9c9a-0db2054769fd.jpg,1.6606212511760532e-06,0,0.5
c1d59df4-7afc-4f41-91ca-a2425c4d9542.jpg,0.9965324401855469,1,0.5
c1de981e-ace5-41a0-9dc8-3f0c19d7740b.jpg,3.3677886676741764e-05,0,0.5
c1def700-5fea-4b48-b097-4b290a737c04.jpg,0.026856714859604836,0,0.5
c1e09f5f-8f9a-4fb2-8ddd-5d836c4bb8e5.jpg,0.000262481247773394,0,0.5
c1f37c5b-e772-49dd-9a11-2c454161a5a7.jpg,7.76172953464993e-07,0,0.5
c210f5c6-0901-420d-ab49-39f4a725d62a.jpg,1.8758601072477177e-06,0,0.5
c21498a2-981f-40b0-83d6-693fbb01f5b6.jpg,0.01771112158894539,0,0.5
c2166a69-0b08-46da-8d29-8fcd80ca5936.jpg,0.0002518414403311908,0,0.5
c22b444e-20a0-4b3e-837f-5ecbca486faf.jpg,0.00012039841385558248,0,0.5
c230ffd0-4e1a-4a16-a35d-c74957606ab7.jpg,0.0002623634063638747,0,0.5
c23fb7b0-f48d-4b84-b36f-662d58754bea.jpg,0.35430940985679626,0,0.5
c246e942-8d65-482c-a209-a3d14c086349.jpg,0.004674229770898819,0,0.5
c2564343-d6c4-4156-9a3f-21196dbf44eb.jpg,0.0013922328362241387,0,0.5
c2573bd6-cb70-442b-a774-14d3b7d28c9c.jpg,0.04072503745555878,0,0.5
c259ee62-19fa-4c22-96b6-2b9a0aa84d29.jpg,0.4186808168888092,0,0.5
c25e7325-124d-4056-b2c6-7a26f7bbfc3a.jpg,0.0007947770645841956,0,0.5
c261032f-b994-46f6-88b2-b5e88716a3e3.jpg,4.4229153672858956e-07,0,0.5
c27480d0-e38a-4c10-9bf1-2e8e52e66447.jpg,1.992199258893379e-06,0,0.5
c2848c6d-b3e0-4718-8166-8bd494122371.jpg,4.005816511831739e-10,0,0.5
c290999e-8a7a-461c-9b44-daceb773dd0e.jpg,0.002481820760294795,0,0.5
c29493ed-388d-4c92-b1f8-f08098e54b8b.jpg,0.0005743590299971402,0,0.5
c294ba17-455c-4cbb-9197-d72e70800f98.jpg,0.0015799918910488486,0,0.5
c299fb75-b59f-4dbe-9723-dc648a13d2d5.jpg,0.00019493706349749118,0,0.5
c29deefa-2515-410a-9f94-f381d2833dad.jpg,0.0020638147834688425,0,0.5
c2a37dcb-52dd-474d-b31f-9ebcf63f0d9e.jpg,5.290848548611393e-06,0,0.5
c2a856e4-a2f7-4e7f-a82b-36934e2e1a08.jpg,8.970148996922944e-07,0,0.5
c2a8f05e-0234-498b-a262-ba4d020268cf.jpg,0.00021563954942394048,0,0.5
c2b68b1c-0264-4c05-b7fa-585d0fcb5eaa.jpg,6.321608907455811e-07,0,0.5
c2be2d72-db07-401c-b07c-7feee5b2ae38.jpg,7.024429038438029e-08,0,0.5
c2c462ad-6014-4ed7-8c4f-33ae7f217d26.jpg,2.21599680116924e-06,0,0.5
c2cdec9a-d74a-46f3-8bf9-be5b1a6afbb7.jpg,0.002893939148634672,0,0.5
c2d01b58-2a40-4a42-afc9-d2369ad23576.jpg,6.043825884205489e-09,0,0.5
c2d3c21f-b23b-4c9d-b511-f728976b0d3a.jpg,0.0008144648163579404,0,0.5
c2d540be-ea7b-4002-9ad8-0faa3953a34e.jpg,1.9791968952631578e-05,0,0.5
c2d856c6-9bf0-46e1-9c81-57e9efc724e2.jpg,3.1836370908422396e-06,0,0.5
c2dbd689-8a1e-47d6-9a36-8e7bdb7f6ef7.jpg,0.03766046464443207,0,0.5
c2dd7d11-88e3-434f-a501-451a7745e73e.jpg,1.0711924005590845e-05,0,0.5
c2e35be9-773a-4d8a-87fa-94302cf8b3e8.jpg,1.207135574077256e-05,0,0.5
c2e66da6-2162-4fd1-99dd-095abcb14796.jpg,1.899291923734836e-08,0,0.5
c2edb27a-d20d-4643-a8f2-3a5af978b065.jpg,0.7278369665145874,1,0.5
c2f245fa-b3ec-4403-b22a-fb04cbc9e2fe.jpg,0.0007207996095530689,0,0.5
c2f83180-2d77-428f-833b-b28131bcbc77.jpg,3.592911525629461e-05,0,0.5
c2fd0661-0540-41b9-bf29-2a8477b2e413.jpg,9.493865604781604e-07,0,0.5
c2fd6823-ac96-467e-b7f6-fbefd56f16ee.jpg,1.4470364249064005e-06,0,0.5
c311ba7e-177d-4fd6-8c13-d52b4eff8571.jpg,0.001176200108602643,0,0.5
c321731a-fdc4-48a8-ad58-965db108ce98.jpg,0.21671617031097412,0,0.5
c324e59c-e441-4a54-859f-91e5ac584910.jpg,0.000880352861713618,0,0.5
c3362608-32d4-4270-b2b0-c8e2c7ff2f2c.jpg,2.081308139167959e-06,0,0.5
c33ad3c5-9b61-4168-862a-9fd019eed42f.jpg,1.1456163520051632e-05,0,0.5
c341087d-8fe2-482e-bff4-e1f4c72a7ad7.jpg,3.364058648003265e-05,0,0.5
c341c2ef-e9c4-494a-b873-db21aab3e407.jpg,7.382067997241393e-05,0,0.5
c342c1d4-d886-4d8e-bf2b-9d509e4bf4e7.jpg,1.5278036471499945e-06,0,0.5
c3474f77-8edf-48ac-98a7-b812f66cb487.jpg,2.0180357296339935e-07,0,0.5
c34d8564-f475-4f30-bab7-5a86e060f3d5.jpg,1.3276298886921722e-05,0,0.5
c356c8b1-b001-48e6-9023-786740fde395.jpg,2.0981858597224345e-06,0,0.5
c35ddc3b-77e1-4da0-908d-26bfa7aba055.jpg,3.4098768537660362e-06,0,0.5
c365c9cd-fd84-43bc-ab86-345b1f95d3a7.jpg,3.702955808648767e-08,0,0.5
c36fb5c4-c1c7-47cd-a4f2-97543f3ed2c0.jpg,0.03389178216457367,0,0.5
c3715cc4-e198-4552-b2f2-c966fdad7a6e.jpg,6.643380743298621e-07,0,0.5
c379ef78-d255-467d-bb6f-5fdb9f7f7151.jpg,8.671794660131127e-08,0,0.5
c390b0a6-9f96-4bed-ba43-0453173fea1b.jpg,1.283897836401593e-05,0,0.5
c391b2a2-3c7f-450e-bbb4-757e916175c1.jpg,0.0013387129874899983,0,0.5
c396a1df-d786-462e-87ab-b531f5c987ac.jpg,0.0009387679165229201,0,0.5
c3c22cac-4d56-4e26-8699-cbef0c231fac.jpg,0.010046557523310184,0,0.5
c3cc2c16-5dcc-4f8d-85b1-b6fe81885426.jpg,0.0003368488687556237,0,0.5
c3d49dbe-ac30-49fd-966b-57f3671810fa.jpg,0.006892969366163015,0,0.5
c3d54687-308c-49a7-b277-8fb35b06fbcf.jpg,1.7606688516025315e-06,0,0.5
c3d62557-3638-4c55-bb43-a88b71ab0b8e.jpg,1.5706980605045828e-07,0,0.5
c3d6601c-19db-4b37-afd9-babbc4127272.jpg,2.257285450468771e-05,0,0.5
c3e01bc2-36f2-4662-8111-441048adbecf.jpg,0.0015320735983550549,0,0.5
c3e62b28-b2df-4db5-8e59-442df8a2dfb9.jpg,0.0006760329124517739,0,0.5
c3ec9a3f-1b49-4d85-bff3-8faea952d85a.jpg,0.00011490740143926814,0,0.5
c3efa8e6-773b-43b6-96fe-54e7157b8da8.jpg,0.004174287896603346,0,0.5
c3f17c58-55b9-4602-8806-394cbc4e1426.jpg,0.005251144524663687,0,0.5
c3f7d985-f8e4-40a8-ab9d-dd93179a8c0a.jpg,7.994752377271652e-05,0,0.5
c4013a8c-42f0-45fc-8e73-1ba0937e61a8.jpg,3.9721044231555425e-06,0,0.5
c4026928-cc00-4cd1-98db-4f121f8020fc.jpg,0.9625494480133057,1,0.5
c408b81d-3de1-40b4-89f3-e8d993997d04.jpg,0.0007477393955923617,0,0.5
c40a2a63-6ccc-48e1-bab9-18368c7ad095.jpg,6.126535367911856e-08,0,0.5
c40ff246-bcc6-470b-a030-6485e942f96d.jpg,1.389847238897346e-05,0,0.5
c41173c7-3eac-414b-929c-0b9b4f55088f.jpg,0.001059586531482637,0,0.5
c415ee48-4295-4be7-9d88-7ce9e6e87dc6.jpg,6.912056505825603e-06,0,0.5
c41646f5-1961-4bc7-84b4-2b7b76da129c.jpg,0.14436417818069458,0,0.5
c41b93fa-25e4-4ce0-ac6e-4f0469b54ac6.jpg,0.013840909115970135,0,0.5
c41d8f01-7a83-4ec9-99e3-832204e46b92.jpg,4.4087082642363384e-06,0,0.5
c42afdd7-5e4e-4798-a096-78bad0e57887.jpg,0.00011373096640454605,0,0.5
c42da0ff-6394-48c1-8594-9be1d93b19c3.jpg,1.7756194292672944e-09,0,0.5
c43759fd-0351-48fe-b7bf-3bdca3a2c37d.jpg,3.4166791351708525e-07,0,0.5
c44dff06-07da-42a3-8265-2bf4a00a532c.jpg,0.496481329202652,0,0.5
c451bcaa-19c0-47f9-9d4e-ecadbe0fba12.jpg,0.00826291088014841,0,0.5
c45a7405-c5c9-41ca-8c9e-286f6066feea.jpg,0.0031706022564321756,0,0.5
c45cd1f1-9431-441c-b28e-d47fed2b5993.jpg,0.004041519481688738,0,0.5
c45e0d7f-75a0-47d2-8f0e-94d4c7929066.jpg,0.012042406015098095,0,0.5
c46248b0-81ea-4d32-9c99-8328acc18309.jpg,2.601224480258679e-07,0,0.5
c46c1648-762e-4726-8bb8-be66a93ca8a0.jpg,0.00018922510207630694,0,0.5
c480f662-2199-4144-bca9-35f0f9d06f4a.jpg,0.0045209419913589954,0,0.5
c4853208-e2e5-4125-aa50-46753f9fade1.jpg,0.9203119277954102,1,0.5
c48c7f84-fd10-41a8-b191-e3bdd92526bf.jpg,1.1098553613919648e-06,0,0.5
c491583f-a6f6-4794-8d4b-827c10dad2a5.jpg,0.0018082390306517482,0,0.5
c4aba341-d595-4a1f-a485-db23c820fc2a.jpg,4.5593802497023717e-05,0,0.5
c4b8e703-175b-4db5-91ef-009d484fe99f.jpg,5.695764571100881e-07,0,0.5
c4be91e9-0e4f-48f9-b07f-8ff3cce26f91.jpg,0.5800256133079529,1,0.5
c4cf2057-6172-42e3-9c79-6962819976f1.jpg,6.818729580970739e-09,0,0.5
c4d57488-1f17-403a-840c-09795a5d2ed8.jpg,3.811453836988221e-07,0,0.5
c4e7290d-bc2f-4536-a011-3b05db924b48.jpg,2.2812043880549027e-06,0,0.5
c4f1ba52-cae6-4edb-b8f4-1dcf377ac660.jpg,0.05040053278207779,0,0.5
c4f1ed65-0707-403f-9b50-17d4525aa2b7.jpg,0.011128706857562065,0,0.5
c4f252e6-905e-4d47-9f17-3eb69ab5f402.jpg,1.1046419785998296e-05,0,0.5
c4f3a06a-137f-4a6b-8818-e42c7dcb303e.jpg,0.3859415352344513,0,0.5
c4f3a82e-76dd-4212-9457-a5ca70965d15.jpg,0.002786606317386031,0,0.5
c4f528d3-759a-420b-8e1f-1220e83d5585.jpg,6.898527526999487e-09,0,0.5
c4fc18c5-0533-4610-b6da-217097798b26.jpg,0.17088915407657623,0,0.5
c4fdbc1e-5c10-446c-bf19-8a2270bd1b9a.jpg,1.999425694521051e-05,0,0.5
c4fe2dbf-b50b-4d0e-9cc8-7dafad5bbac5.jpg,5.153921733835887e-07,0,0.5
c5065cfe-a125-4674-a21e-ee808a15a91e.jpg,2.0919062535540434e-06,0,0.5
c506e8f9-3581-4960-8cda-d0f0c00d3eda.jpg,0.11011997610330582,0,0.5
c5087ce2-2c60-4ecd-b616-459f05b75af8.jpg,1.36471021505713e-06,0,0.5
c50a0b32-51e6-4cd3-a023-374fa5e9dccc.jpg,0.010085438378155231,0,0.5
c50a8022-bddd-4737-8991-d47ed4678fe2.jpg,8.975302080216352e-06,0,0.5
c50cc876-4a2a-4d25-8a8c-05a630a1ef6a.jpg,0.0021159208845347166,0,0.5
c50de78d-00f7-40ff-b119-9a3eef64c3a7.jpg,0.015954816713929176,0,0.5
c512cd04-1b53-4455-90e7-33cec479e727.jpg,0.00021934144024271518,0,0.5
c5142653-71a2-4663-9f8c-26e783acf8e7.jpg,1.4729952226844034e-06,0,0.5
c51eeb02-1f3a-49cd-bb53-4e271a994527.jpg,4.015186732431175e-06,0,0.5
c51f2834-5899-4efe-9d23-0e385c6ebeb9.jpg,0.0001706667972030118,0,0.5
c525f39a-e871-4f55-8d26-d1512952a7e5.jpg,0.00021543771435972303,0,0.5
c5299435-3573-459c-a4c6-0f8209c940f5.jpg,5.450750541058369e-05,0,0.5
c537913d-71d0-42a3-b1c4-759a2dde7145.jpg,2.75717320619151e-06,0,0.5
c53a00c2-32bd-4bc3-bba7-43779d005f7d.jpg,0.000146232865517959,0,0.5
c54173b9-8896-473a-a202-bbbd1019814c.jpg,1.723533529229826e-07,0,0.5
c5440a56-831e-4cb9-8a8f-f43cbb2df978.jpg,8.518599315721076e-06,0,0.5
c5464fe0-2151-4c03-9f1b-5b5ceee9bebc.jpg,1.986308689083671e-06,0,0.5
c5466c2c-c02d-4607-8c91-f3594209d037.jpg,2.512063474569004e-06,0,0.5
c55183de-2c0f-4246-9d55-44179f699bd2.jpg,5.106055687065236e-05,0,0.5
c55d5912-4094-443b-8f42-054a8e68a1c4.jpg,0.000842649897094816,0,0.5
c55fe580-117b-46c7-9522-c91e81a6e342.jpg,0.0034894179552793503,0,0.5
c561fa3b-d9ec-4143-9b8b-488d638c1bba.jpg,0.01973792165517807,0,0.5
c5697619-00dc-405d-b4fb-12493b88bd16.jpg,2.155214451349252e-09,0,0.5
c56d57f4-8676-4df6-a063-af9650d8aa15.jpg,1.3206788635790334e-13,0,0.5
c57c5238-c023-43b7-bf2d-e45c0a7dd919.jpg,0.00013592236791737378,0,0.5
c57e744f-8519-4826-9254-a3bf891d6cad.jpg,8.882492693373933e-05,0,0.5
c57ecea6-039b-43cc-938f-3de98b98037d.jpg,6.960230530239642e-05,0,0.5
c580d4d7-7d0c-43f2-ae5f-4820c1b8a257.jpg,0.000561567663680762,0,0.5
c583ada7-48c1-4c1e-ab63-cfd9f8a3be7a.jpg,7.471579738194123e-05,0,0.5
c583bf2d-19ee-44f5-96ff-e479dfb74ec0.jpg,0.002303551184013486,0,0.5
c58682d8-e14f-41e4-97fc-b24c0391baf6.jpg,2.5233571676608335e-08,0,0.5
c5884577-bbe9-4367-ba83-dbb60fa190fa.jpg,1.4731588393601669e-08,0,0.5
c58d6494-877a-47b6-b404-79ad04efbafa.jpg,0.000976846436969936,0,0.5
c59b8369-4edf-47a3-b67c-ae8709b5f401.jpg,0.9059110879898071,1,0.5
c5a1d1df-0f53-4ee5-a197-b0813c1ff425.jpg,2.0469724404392764e-05,0,0.5
c5a4e3ca-fc72-4a4d-8515-02da2ed52413.jpg,4.346577406977303e-05,0,0.5
c5b978a3-d61d-4f5f-a634-c41337d112e9.jpg,0.0004165770660620183,0,0.5
c5ba2753-1ab8-4f3b-87bc-5f8c0240886e.jpg,1.2880105941803777e-06,0,0.5
c5c1de06-ccfe-49c2-84cc-12b45bb801be.jpg,1.4694828678329941e-05,0,0.5
c5c6b76d-9a28-4cfc-9418-a87f7b893caa.jpg,8.194910333259031e-05,0,0.5
c5d79362-772d-4955-b44d-cb0e741509c3.jpg,1.2463160601328127e-05,0,0.5
c5de7e2e-770d-4c54-9569-874917f741a3.jpg,3.0056820921053884e-10,0,0.5
c5df6859-d93f-4983-bc84-a44a011c89ef.jpg,3.204439417459071e-05,0,0.5
c5ea1af4-7c61-43b2-941e-3b7b480a778d.jpg,0.0001344432239420712,0,0.5
c5eef5ca-344d-49c8-bf30-8868f755ecec.jpg,0.0003417254483792931,0,0.5
c5f1fbc6-77b2-4112-83ac-decd4491280a.jpg,9.518688059984015e-09,0,0.5
c5f25983-0cee-453b-917b-7f5e4f46ec8a.jpg,6.9428888309630565e-06,0,0.5
c5fc5f53-cd3e-41b7-9000-04ba822b6e7a.jpg,0.026827825233340263,0,0.5
c6060cd2-462a-4216-bddf-d9d05684d493.jpg,2.4102035240503028e-05,0,0.5
c6075441-83bc-4061-9e63-db8dfc48d44f.jpg,2.3177162802312523e-06,0,0.5
c61252be-8c24-4060-acb3-19d9d9c11c7f.jpg,2.8871656176931992e-09,0,0.5
c61b5775-bc69-4569-bc3a-72c7464a8f12.jpg,0.0009623536607250571,0,0.5
c627f23e-e23e-4cbe-b2f1-745c34ca22c2.jpg,4.2293439150853374e-07,0,0.5
c62ef55b-91f1-4ffe-83dd-62232402608d.jpg,3.3404852729290724e-05,0,0.5
c637aeed-e851-4c14-9be2-a991ee248916.jpg,5.4297495807986706e-05,0,0.5
c64110f5-d902-45ac-8016-9b8ab8ab4fca.jpg,1.0304204806743655e-05,0,0.5
c6419ef3-763d-4826-8073-0bd5b3f8683c.jpg,0.011140168644487858,0,0.5
c643ecac-839e-40b7-be27-bafec475148b.jpg,2.9337632440729067e-05,0,0.5
c64f0824-b548-4cda-9959-96cb6dede797.jpg,8.729342582114441e-09,0,0.5
c65006e6-93f1-4907-ba70-d358cc5ae829.jpg,0.000572498538531363,0,0.5
c650c1cf-524f-4b1f-8a70-869ee959ac6e.jpg,2.2475412606581813e-06,0,0.5
c65117ee-1e05-474a-a076-e04461737c97.jpg,0.02004087157547474,0,0.5
c654bba9-45c4-4c8e-b299-5acc177cdeb5.jpg,4.7032553993631154e-05,0,0.5
c659cddd-0aa0-42a7-ae85-b66dde55e757.jpg,0.05192200466990471,0,0.5
c65af0d0-6498-44f7-aaf5-cda1504d4eb7.jpg,0.00302120391279459,0,0.5
c65c4de1-b963-41d6-a8af-094af731b361.jpg,0.030551893636584282,0,0.5
c65e3c94-d9a7-4a69-8d06-7d0d05e6b048.jpg,2.0647854537259036e-09,0,0.5
c66ca7e4-ef37-4eb5-9114-1b3bad600e2a.jpg,0.0003917055728379637,0,0.5
c66d70e0-c046-4b66-b58c-9d4f5c886a39.jpg,0.000936028198339045,0,0.5
c67086a7-a1ec-4aec-a9c4-7b394a8ca3c5.jpg,0.001724950852803886,0,0.5
c671cd25-1c13-48d8-ba72-30794fcca5e4.jpg,1.0074574674945325e-05,0,0.5
c675f16f-5fe6-4031-aa72-d10306366f69.jpg,2.3950227912017397e-10,0,0.5
c68047df-e237-4e25-9d71-49823c8169e2.jpg,0.020614052191376686,0,0.5
c682576e-5f58-4c9a-8cb7-844a3f6ea216.jpg,0.00012168533430667594,0,0.5
c695d27c-ff1f-4d87-9bdb-37f5fb007271.jpg,0.059996820986270905,0,0.5
c69d519f-0e93-4aea-af6c-fb3fab319e4a.jpg,0.0012613607104867697,0,0.5
c6a17767-93be-4880-9071-2270592a8687.jpg,0.7168592810630798,1,0.5
c6a41beb-8f86-4fd6-af09-0200b1f1969f.jpg,3.5715197554964107e-06,0,0.5
c6adc0dc-db9f-46ea-a5d3-c644a6a98a21.jpg,4.371418617665768e-05,0,0.5
c6b9f5ec-a672-4378-a1a7-62692665c729.jpg,9.458646673010662e-05,0,0.5
c6bcba5e-4e95-4c2b-95ff-2042ffa2123e.jpg,9.666723599366378e-07,0,0.5
c6bd900a-ad26-4dad-9bc3-b9f9096953fe.jpg,0.05115729570388794,0,0.5
c6cc1058-5b51-47ff-bdc6-84b58a0239c6.jpg,6.823727289884118e-07,0,0.5
c6cfd1ce-cf4d-44b9-90f7-f7d557c49928.jpg,0.006719338241964579,0,0.5
c6d112fe-52af-4b94-bbc2-760a871dda30.jpg,8.221289249377151e-07,0,0.5
c6d38b91-7694-49b5-9249-9772086e4f08.jpg,0.04466686770319939,0,0.5
c6de9689-bc5b-4a69-93aa-6e386565896a.jpg,6.245703843887895e-05,0,0.5
c6e1b5bb-053a-4323-b0b7-7df07990a2b9.jpg,2.5766038902474975e-07,0,0.5
c6e61656-f14e-4cd2-b4b2-c5f12456227a.jpg,0.09652286022901535,0,0.5
c6e7d456-59a6-4c38-b40e-0c8ab05f7492.jpg,0.003624053904786706,0,0.5
c6f1a7f0-98eb-4c54-99aa-32e2a00c6339.jpg,0.47751155495643616,0,0.5
c7056254-46aa-4715-9a2d-341d011527b6.jpg,4.7314847506640945e-07,0,0.5
c708ff82-d561-4ddf-9b2d-b1dbb0931946.jpg,0.7677589654922485,1,0.5
c71c7dbb-31c2-4697-8bf8-ed841f0553b8.jpg,0.14829479157924652,0,0.5
c71d807a-9c7e-4f8f-be8c-8f7190e152f5.jpg,1.5998544711237628e-07,0,0.5
c71e7873-d4ab-4314-a3dc-62c85b3d9e14.jpg,0.038247235119342804,0,0.5
c725e122-c104-488e-9c5d-b8e6c7fbc1c8.jpg,8.110720955301076e-06,0,0.5
c72706ea-ab13-4710-aefe-56334bee0208.jpg,2.1366642499742738e-07,0,0.5
c7308b57-e03f-46a9-bf67-8cad71f6d1fc.jpg,8.209147495108482e-08,0,0.5
c732c796-cad6-43dc-bf60-d7422e9db382.jpg,3.768536407733336e-05,0,0.5
c733de1d-40a0-482b-b1d7-d64f0c76a184.jpg,5.7593184465076774e-05,0,0.5
c73a1bef-7484-46de-8c4d-eab004837ffc.jpg,2.1958976503810845e-05,0,0.5
c742dd5d-2ba5-41cb-89ad-02b05eccff06.jpg,6.23624655418098e-05,0,0.5
c74d91df-ffe2-4b2f-98b6-a787065c13d4.jpg,1.6785687648734893e-06,0,0.5
c76c8f21-1add-4731-922a-b3c4ada53541.jpg,8.689134119777009e-05,0,0.5
c76dbd96-1f20-48e0-a7e2-2434f240ab7a.jpg,0.008808211423456669,0,0.5
c77643ac-99ca-4fdf-8975-165fb995e1b5.jpg,8.423362305620685e-05,0,0.5
c778e04d-74de-4b39-b65c-013f77057349.jpg,0.0488588884472847,0,0.5
c77fe8ef-0f18-4c3d-89b3-b9a4620355a7.jpg,0.002528844168409705,0,0.5
c7850869-8343-4dd7-aa0e-088a116c3b57.jpg,5.519986734725535e-05,0,0.5
c78d67a3-f015-46bf-bf48-207dcc1c5c2e.jpg,5.113016413815785e-06,0,0.5
c7919ecd-8df9-40d8-a9db-88e99fb5ba9a.jpg,0.03385532274842262,0,0.5
c795189f-31b7-4b52-b0fd-f17765c0c6d3.jpg,0.04520735889673233,0,0.5
c7958c4e-9aa9-447d-be56-520d059eabb7.jpg,0.1299740970134735,0,0.5
c797cd5a-57e8-40f6-902b-e41d29f417a3.jpg,7.651877240277827e-06,0,0.5
c79823c4-0076-402f-b618-4914eb0a7393.jpg,0.0005431353347375989,0,0.5
c7a7fed2-dd13-4175-9607-6b997b9f5bc9.jpg,9.179874177789316e-05,0,0.5
c7a81c24-924f-41c7-937a-7636524b25e2.jpg,4.042709633722552e-08,0,0.5
c7acfe87-eb6f-47b4-9646-0e90c50a1c29.jpg,0.2808414101600647,0,0.5
c7ae295e-c5ab-42cb-b948-729ad87ce6ab.jpg,0.578082263469696,1,0.5
c7ae3bd7-baab-4a20-bc05-781000864503.jpg,0.9847286343574524,1,0.5
c7c65576-4aee-41d0-8a4c-99aeff1db5bf.jpg,1.4934094849650137e-08,0,0.5
c7c7e1dd-7355-4748-9fc0-430dded1bc6d.jpg,6.528502183300589e-10,0,0.5
c7cc0f4b-d06a-48c4-9ab2-1056ec3c24c6.jpg,0.000977584975771606,0,0.5
c7ed36b4-591c-4f79-9bdc-256b956aac21.jpg,0.00018465441826265305,0,0.5
c7f1db16-75b3-41b8-81d0-f57a8d43a149.jpg,4.770034138346091e-05,0,0.5
c7f3118f-21f8-482a-a7a8-0bd2f6386baa.jpg,0.2922337055206299,0,0.5
c7f48dbf-e376-42cc-8f9e-629e1bf8af3d.jpg,0.004358235280960798,0,0.5
c7fb6678-bcc7-441a-b30a-28a469bdb12c.jpg,1.6195606633573334e-07,0,0.5
c8062892-1135-40cd-8c6d-68eeea2f34b9.jpg,7.011604452600295e-08,0,0.5
c806eae5-808f-404e-9e25-e6b0b227bdf5.jpg,3.418320557102561e-05,0,0.5
c829f145-532e-4d37-adb8-ba826a85dab9.jpg,0.00032069455482997,0,0.5
c82a8462-ef19-4767-9501-9f409d9b13d7.jpg,0.00021062283485662192,0,0.5
c8339ba9-1f15-4d8a-8184-e04d897c0973.jpg,0.016340773552656174,0,0.5
c84294cb-7366-4476-aa37-87c12ee45fb0.jpg,3.616251706262119e-05,0,0.5
c8453859-ebcc-477a-ae44-9a96005716b3.jpg,0.0004743996250908822,0,0.5
c84e37b6-c910-4700-97bc-327555125be3.jpg,0.010227042250335217,0,0.5
c8526a79-18f3-4601-9aaa-ab5e24880d1c.jpg,1.359444127047027e-06,0,0.5
c85769cc-fbc1-4cfe-a5c1-fbbb49c8e559.jpg,6.163046462059896e-11,0,0.5
c86333ac-0dfb-46ff-a8c8-41c2d542efdd.jpg,8.565593816456385e-06,0,0.5
c866212f-3cc2-4a0d-a790-1da20d20fde0.jpg,1.5970694278166775e-07,0,0.5
c8690105-4c65-4267-8e07-f2ff4f25570a.jpg,3.716011179322187e-11,0,0.5
c87190b8-e001-48a3-9e1a-ce6d39a30a5b.jpg,0.00017674986156634986,0,0.5
c87ef4b3-c33f-4bd3-9613-0e68b158cc31.jpg,8.76735575729981e-05,0,0.5
c880c3ea-c84a-4722-b0f8-0a2ab93835fe.jpg,5.1780051357752654e-09,0,0.5
c885fc5e-ae54-4c7e-b56a-3748fab85e6a.jpg,0.05648297071456909,0,0.5
c8881643-a4d9-4c4b-81d5-7ad505b9e39a.jpg,0.0035950096789747477,0,0.5
c894a302-335a-471d-b6e4-91bf606b2692.jpg,6.007951014908031e-06,0,0.5
c8953415-c05f-429a-bf5b-9b657dfd99fb.jpg,0.0003347812162246555,0,0.5
c8985aa8-bc98-4c58-ab05-b26ed0788a2e.jpg,0.0005845620762556791,0,0.5
c89b573b-a68f-4f29-b6e3-0a147b8a1808.jpg,5.7705725339474156e-05,0,0.5
c8b9faa6-a99a-4b75-9e9e-8667bc02e607.jpg,2.064495845388592e-07,0,0.5
c8c0b4d3-eeca-428e-88bd-b3ffdb7b618c.jpg,0.07027038186788559,0,0.5
c8cf568f-630b-4175-9ebe-8fa25332b0e6.jpg,3.9096686776929346e-08,0,0.5
c8d1a893-4b6a-4741-94a5-a488c55db38a.jpg,0.0013821824686601758,0,0.5
c8d68916-db31-4927-8712-1d8aa1b37429.jpg,0.00012000113929389045,0,0.5
c8e30ee0-449c-43d9-8144-1c5ecab73ed8.jpg,0.05598592013120651,0,0.5
c8e45b84-8cd9-4ad1-88ef-d00ddc4fab58.jpg,0.0004946173867210746,0,0.5
c8e56b76-28d3-4cd9-86f6-2f3a3fa06473.jpg,0.1914314329624176,0,0.5
c8e8ce6b-738f-4dba-a9f3-09fbdd62d841.jpg,7.568265118607087e-06,0,0.5
c8ea57d6-7e90-4bbf-90bf-d0ed46fd2242.jpg,0.00020444004621822387,0,0.5
c8ebca7d-961c-4555-86cc-6cbdf9bab330.jpg,2.7262622097623535e-06,0,0.5
c8ed578a-37ea-4aa8-a83c-6fc10d615f04.jpg,0.003472985466942191,0,0.5
c8f245d9-9c3d-4b79-8141-40a3c385e620.jpg,5.1103565823495956e-08,0,0.5
c8f8490c-724a-459a-9523-7b66138fcfc8.jpg,0.40279367566108704,0,0.5
c8f8e9c5-c968-402a-9335-92da000ead6e.jpg,1.1917278470718884e-06,0,0.5
c8ffcdc9-a465-45fe-956a-29f75bd9762d.jpg,1.9492710634949617e-05,0,0.5
c9023c2c-e91b-448c-91af-ebbd345f646b.jpg,0.008986502885818481,0,0.5
c918f44e-e150-4bc0-883d-320eeedbbe06.jpg,6.666526815024554e-07,0,0.5
c91b425d-0ae6-46f8-b2fa-b30cd0478540.jpg,3.061676034121774e-05,0,0.5
c91d584e-7212-4b0c-b58f-e1f7b9fd09ab.jpg,0.00352585525251925,0,0.5
c921794a-6aed-4ba6-86a0-ae549f46314b.jpg,0.007268081419169903,0,0.5
c9262f94-8530-4d87-a813-7d4a266f02cf.jpg,1.0925497917924076e-05,0,0.5
c934b219-f918-4be8-9284-c35ca2841bbc.jpg,2.9875502605136717e-07,0,0.5
c9353476-6dfb-48f9-aec6-88d41a72af4e.jpg,1.6752323062974028e-05,0,0.5
c949f9ca-e554-4225-8d2f-21dd9723e03a.jpg,0.000143908298923634,0,0.5
c94b9240-1ea5-44aa-acd3-86e3d144c888.jpg,0.35767021775245667,0,0.5
c94f501f-d17c-4d60-96ef-29447a118334.jpg,9.326886356575415e-05,0,0.5
c957e978-8fcc-462b-902c-558012b82aae.jpg,0.0004265393072273582,0,0.5
c9594bde-f68d-46f0-bc03-c5a05a02dd7f.jpg,1.7066717816760502e-07,0,0.5
c95ae380-82be-4986-9455-3866d46d3d04.jpg,2.4354525507419567e-08,0,0.5
c964d88a-8833-4948-bbb8-0e5161acb6d4.jpg,0.00035116163780912757,0,0.5
c96f68d6-ef5b-493f-bf8e-8e7cb2af1098.jpg,2.514136895115371e-06,0,0.5
c975f811-9c9d-4fce-9156-ccb8ed80b252.jpg,0.40320685505867004,0,0.5
c97d08a6-ece4-441c-b18d-73ab64c56e29.jpg,2.785451513886983e-08,0,0.5
c97df06b-22c5-463b-a752-0d433790bac2.jpg,0.35166308283805847,0,0.5
c97eb788-12d0-446c-9f82-e2afcef9a595.jpg,0.007645652629435062,0,0.5
c97fc865-3cf2-4fbe-a2cf-28845f60fc98.jpg,1.6309017780713475e-07,0,0.5
c9826bc9-ba92-4d8b-815f-0024b1c750b1.jpg,0.0014106796588748693,0,0.5
c9853406-cb86-4ce6-b40c-54eecab62829.jpg,0.00034628561115823686,0,0.5
c98ec59b-643d-4244-9d43-4e5dfbba1976.jpg,0.027741631492972374,0,0.5
c98f2436-80a2-4143-9165-f9457ecaa6c5.jpg,0.0003107384836766869,0,0.5
c991b560-2acb-40a5-bebf-4952afc08d02.jpg,4.185746092844056e-06,0,0.5
c99e0555-05a0-4e17-8fc0-ee3dff356cfb.jpg,2.3079048332874663e-05,0,0.5
c9a0c983-f3c3-4c9c-b23b-c75e8d900c1a.jpg,0.041244782507419586,0,0.5
c9a38d6f-dca6-49eb-88b8-0b290c23e8ed.jpg,1.4240670225262875e-06,0,0.5
c9a51589-8936-4512-aab5-b94e15ff6441.jpg,8.413723548983398e-07,0,0.5
c9a867eb-4e81-4d82-a07d-dab8a807236b.jpg,6.1488218960903396e-09,0,0.5
c9ac9a58-6f73-470e-9f02-07aff565b073.jpg,2.3072479038432903e-08,0,0.5
c9b02e02-ff9d-49f6-9e71-ee25424b1ffd.jpg,0.5211120843887329,1,0.5
c9b6a09c-d5b4-4e35-8915-60bb456c729f.jpg,5.8398259561442956e-09,0,0.5
c9b96016-02bd-4a4c-9656-e27820236b70.jpg,0.0030841086991131306,0,0.5
c9bb24e0-60d0-45ae-bdb3-6604e8ab1a84.jpg,0.0012545932549983263,0,0.5
c9c1e5f6-3d79-463d-900a-c1b46ec19d66.jpg,2.071749077003915e-05,0,0.5
c9c8d33e-38cb-4a56-a016-b3518f56f7a0.jpg,1.93789020386248e-08,0,0.5
c9cf6649-47e9-4958-8dcd-8bcbb00cac28.jpg,0.0015793662751093507,0,0.5
c9d45946-941d-4490-9be7-b1ab45154974.jpg,2.9591332349809818e-05,0,0.5
c9d577b8-3524-4093-9810-30e22d3edd68.jpg,0.00034423041506670415,0,0.5
c9e09e83-9947-4cba-8157-211372dfd8d8.jpg,0.0037773342337459326,0,0.5
c9e21750-da24-4cc4-96c5-6a693ef10a1b.jpg,2.529545497509389e-07,0,0.5
c9e2a427-75fe-44d5-8bc0-01182fcf16e0.jpg,2.0224554475589684e-07,0,0.5
c9fbe45e-90fa-4d06-9643-82f221e243ba.jpg,1.3413333022072038e-07,0,0.5
c9fd4c42-f524-4562-b7d0-75e156b8f3e1.jpg,2.9748353114200654e-08,0,0.5
c9fe5c72-eba4-42bf-a94f-877a34ace876.jpg,1.1067869536418584e-06,0,0.5
ca162453-1c6b-4b85-923a-e6bb732c6744.jpg,2.2209334815670445e-08,0,0.5
ca1af84c-4af3-49ee-aaec-54728a02cadd.jpg,0.0011090792249888182,0,0.5
ca21d0b7-eebb-4e56-8164-d9f56723cfba.jpg,3.4904718631878495e-05,0,0.5
ca268702-7fb5-486a-9fea-1b8eac7f7304.jpg,1.7709416511024756e-07,0,0.5
ca2ef6d5-fb6a-4e50-a2a8-aaf2bdd4f79e.jpg,0.00021360140817705542,0,0.5
ca31d1af-2d28-4331-8b31-6a09bd01733a.jpg,0.06326982378959656,0,0.5
ca35572c-9d14-428a-ac39-1a53fdf06ce7.jpg,0.00023531347687821835,0,0.5
ca3cea45-6696-49b6-be67-7297a8571eb6.jpg,1.2351218174444512e-05,0,0.5
ca41d670-faad-461c-9586-c58d5dab7a0b.jpg,0.0005397098138928413,0,0.5
ca49871c-4f82-42a7-b10b-924cfe489a52.jpg,0.0017646856140345335,0,0.5
ca4db48d-036f-42c4-8a1e-f2f0e0b13f1d.jpg,0.00034054226125590503,0,0.5
ca4e2646-d3e0-4cb9-9fce-5fa32d8fa840.jpg,0.46020346879959106,0,0.5
ca4f11e3-4879-4e4e-a5c4-5bd206bb24bf.jpg,0.0012730961898341775,0,0.5
ca52ceaa-5634-4f23-bee6-217affab147a.jpg,0.002088210778310895,0,0.5
ca57b17d-0876-4d0a-b610-cf5b2b1d09fc.jpg,0.8385189175605774,1,0.5
ca6c422b-8e61-44a0-af01-5a52f967a6e2.jpg,0.00011018892837455496,0,0.5
ca6fc114-beaf-45de-a303-d06eb82820ad.jpg,0.002323074033483863,0,0.5
ca7211d6-c9d3-4355-b761-71025f0c2c4a.jpg,0.0017717487644404173,0,0.5
ca74cdb3-b178-401f-b4a5-8c756da9621e.jpg,2.3116669467526663e-07,0,0.5
ca7bc875-1f5e-4932-8117-e3f66cb81166.jpg,8.419387086178176e-06,0,0.5
ca8350bb-3414-4329-8278-90814246cd02.jpg,0.015101615339517593,0,0.5
ca8936ad-6271-4f63-9414-2aa17996c1f6.jpg,0.008715198375284672,0,0.5
ca9e2a2e-fd82-4c59-8b40-cadca2f00682.jpg,4.190810432191938e-05,0,0.5
caa2ad83-fa1f-4a7c-b484-f8c0b3addedc.jpg,3.975585194382347e-09,0,0.5
caa61914-7a0c-4811-b9e1-2fea114ea7f3.jpg,7.546760025434196e-05,0,0.5
caa6de4d-e24c-4cd7-942c-085e7aed7750.jpg,0.0019210614264011383,0,0.5
caa7522b-2982-4c04-ad29-33dbaff59996.jpg,0.0017522356938570738,0,0.5
caa8c75a-5466-444b-a6cf-be2f2072862c.jpg,0.0009321696707047522,0,0.5
caaa298b-0a09-4400-ab2c-1898d1f2865a.jpg,3.202752299480416e-12,0,0.5
caaeedbb-b38f-46b9-81b5-7a41fbd8a185.jpg,3.4640322610357543e-08,0,0.5
cab55596-83b2-4485-ad62-03cde79a60da.jpg,4.350297604105435e-05,0,0.5
cab5a2f9-d35b-4b32-830f-edeb0582edef.jpg,6.923671358460837e-11,0,0.5
cab73aa7-db69-4fcc-ac7e-d078a97bed87.jpg,1.3741443183334923e-07,0,0.5
cab7fe43-9b40-4751-8d38-cd7a53c70f67.jpg,7.200903695547822e-08,0,0.5
cacd535d-fa7f-43da-ae3e-86d05dca6417.jpg,2.9600814741570503e-05,0,0.5
cace4f78-444b-43d1-a7ba-8710a5d03e3b.jpg,7.055665079969131e-11,0,0.5
cace9130-52ca-490c-af25-4e406f7b75df.jpg,0.0008443446713499725,0,0.5
cadaeed8-afee-4f72-9f77-866cd1e3f77a.jpg,0.9544675350189209,1,0.5
cade80a7-c19b-4baa-a137-34206e65745f.jpg,3.1349070923170075e-05,0,0.5
cae13772-a6db-4682-9574-15437409c042.jpg,2.601915627398199e-10,0,0.5
caeeaa89-117a-44c9-98c5-5ce3d38e91eb.jpg,4.562321365142452e-08,0,0.5
caf1d66c-e61c-4eab-9f47-7f72866cc806.jpg,0.0123233487829566,0,0.5
caf6db7c-44da-4566-85de-bfba8e7c45f3.jpg,0.005194318480789661,0,0.5
cb09d2b3-faa4-4c3e-bd43-8aea1a493253.jpg,0.008235214278101921,0,0.5
cb0dd833-c0c8-46f5-b5ef-6236dad85d33.jpg,2.0696322877711282e-08,0,0.5
cb15d47d-c3a8-4944-90a2-beadb7f762ef.jpg,1.662367139942944e-05,0,0.5
cb17e122-95f4-4938-9302-4a5750525ead.jpg,6.623783519899007e-06,0,0.5
cb1c5429-dd8a-40a6-ae51-7b356e722625.jpg,0.0005890765460208058,0,0.5
cb1c7035-e566-4eaf-94f1-bdd79b92cc31.jpg,0.022322922945022583,0,0.5
cb3e9b77-9eaf-406a-b543-a15db21b235f.jpg,0.07946105301380157,0,0.5
cb432579-8d42-4b0d-944e-46b4fdcfba55.jpg,0.00010991324961651117,0,0.5
cb54e06e-2458-416d-8f12-d4d3ff59d8a4.jpg,2.074570602417225e-06,0,0.5
cb54fde4-9bfc-4ee6-b1b9-cbf96149bb4d.jpg,0.0029943762347102165,0,0.5
cb5cfd0f-1d67-448a-9739-d2d9c64f6a61.jpg,0.0002781446964945644,0,0.5
cb600e43-f629-46da-84e6-251abcd5b4f5.jpg,1.2664236237469595e-06,0,0.5
cb62960d-7331-4139-ad96-8abcf60cb382.jpg,4.592649816004268e-09,0,0.5
cb648aea-c4d9-46b3-a53c-c36566919b1a.jpg,1.827902906370582e-06,0,0.5
cb665052-9b35-420f-92a7-eaea8a520856.jpg,0.005603509489446878,0,0.5
cb6e0ce2-02fd-49f4-ae19-b6ef47cd3f71.jpg,0.006084115710109472,0,0.5
cb6f755f-5916-431f-896a-de6255a456ed.jpg,0.0004893544828519225,0,0.5
cb77f7e3-823d-45eb-b8e2-e72a92326dfb.jpg,0.0017499285750091076,0,0.5
cb78017d-db2c-472c-a7c0-413fe0b76546.jpg,3.2509295124327764e-05,0,0.5
cb810da9-75e9-48bd-bbbf-cb62992c6845.jpg,7.648501195944846e-05,0,0.5
cb830454-0fca-4b2f-b212-cb9c9301c23a.jpg,0.6240768432617188,1,0.5
cb98a3c2-1a8b-4fee-8a13-50b90c34f721.jpg,2.7429477995610796e-06,0,0.5
cb9aaaa8-2b31-4a69-ab5b-4a686bcc837f.jpg,3.398606713744812e-05,0,0.5
cb9e2a35-08a9-4291-a774-fe9ed3ce22d7.jpg,5.171351062926988e-07,0,0.5
cba223a0-8217-4919-8e12-b9dd21005212.jpg,0.01424324605613947,0,0.5
cbb33cb6-e959-4296-bea8-05a0c5771174.jpg,5.284565759211546e-06,0,0.5
cbb80640-4d79-4c70-8063-21bb06f1c69a.jpg,3.0875898460180906e-07,0,0.5
cbbc1b32-ce8f-4642-a5b8-c243748e105d.jpg,0.00014529454347211868,0,0.5
cbbd9bc8-390a-41a8-9dce-c6034a55f5ad.jpg,2.9587099561467767e-05,0,0.5
cbc46be4-9e9d-4e91-a3a8-8519edbe4550.jpg,0.0008517344249412417,0,0.5
cbc5605b-a237-4f23-b250-228368e13409.jpg,0.0005624961922876537,0,0.5
cbc7ccc9-7099-4e71-9a1e-a7740fad0241.jpg,4.197209818812553e-06,0,0.5
cbcf1faf-05a9-454a-a516-8105baaa3499.jpg,0.000204241689061746,0,0.5
cbd0a0ea-6595-43f7-86fd-f38c56933c02.jpg,0.009495463222265244,0,0.5
cbd134c0-6992-423a-8e4b-bb4bfdbca5b6.jpg,0.0007588652078993618,0,0.5
cbd51fe7-228c-4ef7-9282-5d08e54ed35a.jpg,0.07565458118915558,0,0.5
cbd87735-91f5-4894-842b-bd22e8278948.jpg,0.016578393056988716,0,0.5
cbe428f1-60f2-4fa6-9c80-c7dab7750821.jpg,0.08411320298910141,0,0.5
cbe5acf2-7a61-4ca2-8080-56f017c5aa2c.jpg,6.635695172008127e-05,0,0.5
cbe85cf2-9de2-41c3-99db-2e0d6b56b9a2.jpg,0.49046042561531067,0,0.5
cbf0ecc8-fcab-4447-8226-1e4d534458a8.jpg,4.4710217750321135e-09,0,0.5
cbf45f76-d507-45d7-80eb-6f4e6b8dac6e.jpg,6.64450851672882e-07,0,0.5
cbf6fdf8-2062-45cb-8a14-10757c62e997.jpg,9.22438569972428e-09,0,0.5
cbf9a89c-cae9-432e-9958-be24b3be3b1a.jpg,2.9117488864471852e-08,0,0.5
cbfb6961-3aa4-434a-8869-06d8520c5a8c.jpg,0.44905129075050354,0,0.5
cbfed9a8-2ab5-4b08-8d63-180897f6055e.jpg,0.0012405432062223554,0,0.5
cbff6e85-307f-4d43-9cc1-3e79c1ff6dec.jpg,1.4594914318877272e-05,0,0.5
cbffadfb-5540-4a8d-abbf-82083be7b7ae.jpg,7.850887584481825e-08,0,0.5
cbffae76-4e50-48eb-ab1d-79c0fa6c8509.jpg,0.7636684775352478,1,0.5
cc04d147-be1d-4ff4-b905-f060238f0712.jpg,0.0007154884515330195,0,0.5
cc056c68-0246-42ed-a8bf-4ef49cbfe96d.jpg,8.30563367344439e-05,0,0.5
cc0a2a0b-653e-4839-a556-8b30a4b3fd4b.jpg,1.5607012926466268e-07,0,0.5
cc1635c5-e95e-476e-92f3-8e6192333829.jpg,0.0001369554956909269,0,0.5
cc1b96fd-bfe1-4bd1-ab15-0a6c427362b3.jpg,0.0012480298755690455,0,0.5
cc204720-620f-45bb-bbff-258d8a955d9a.jpg,0.271291047334671,0,0.5
cc22d2cc-0dba-4c44-b3c4-431fa737a7e2.jpg,0.00013549778668675572,0,0.5
cc283fda-9e74-4db0-9d3c-fa4d76ab9456.jpg,6.979252066230401e-05,0,0.5
cc33bac1-5c21-4686-ae09-88bda0790d15.jpg,0.00010548628779361024,0,0.5
cc349593-97f2-450a-83d8-8953693fb287.jpg,0.12020547688007355,0,0.5
cc34f3e8-98d5-480a-88c4-36105374e6c2.jpg,0.0018516258569434285,0,0.5
cc4d6ecd-7e4b-4e01-9548-e27bbde15058.jpg,2.1411672150861705e-06,0,0.5
cc4e05d7-9b63-4501-b1b1-ad7cf2738702.jpg,2.4565586898006586e-08,0,0.5
cc4e8e4a-ecfb-4414-bb79-2084cdc9503e.jpg,4.417575109982863e-05,0,0.5
cc57ae05-30e3-4bb0-8f8c-1af3df32474a.jpg,0.007587288040667772,0,0.5
cc60a99c-b0c9-4ab8-b5aa-2b32764d37e3.jpg,6.716130883432925e-06,0,0.5
cc6c8d43-8d35-4cf7-8670-58651358c23a.jpg,0.0001565548445796594,0,0.5
cc706dce-e6a4-40d3-bf4e-60831d815448.jpg,0.05795858055353165,0,0.5
cc74532a-a982-4c19-b761-71e1bb0e7675.jpg,9.948842034646077e-07,0,0.5
cc761403-008a-4f2c-b35a-b36f1ead4ef2.jpg,0.00025001243920996785,0,0.5
cc7e4d5a-5c65-44a3-a43f-5474a34c8646.jpg,2.959408185176926e-08,0,0.5
cc83572f-d4f9-4d91-bcec-02ad72c34363.jpg,2.078406168948277e-06,0,0.5
cc87f9f3-c7fd-412d-ac11-6da476a60d33.jpg,0.03063683584332466,0,0.5
cc8bdf3e-3a42-4276-a2a2-4448b7de3f2a.jpg,0.0010076425969600677,0,0.5
cc925e34-624f-451c-b0f9-1cf671af077a.jpg,0.5706923007965088,1,0.5
cc962f4f-1a2a-4486-8c8c-6ee3b46b52a8.jpg,2.3701362295014405e-07,0,0.5
cca11758-5983-43a9-b2c6-9df22c72b978.jpg,0.002266173716634512,0,0.5
cca411dd-7e0c-4c46-a6e9-af391a689338.jpg,0.3803013265132904,0,0.5
ccab188b-1f41-4a78-b716-e489a5d33fc1.jpg,8.842012175591663e-05,0,0.5
ccaee6d5-e3f8-44d4-b773-63d919503927.jpg,0.0008503979188390076,0,0.5
ccb0d64b-9e6f-4125-bac9-d5cb66ba3aa3.jpg,0.08529504388570786,0,0.5
ccc068f4-6741-4fb7-b56f-9b546b85c80e.jpg,5.347908427211223e-06,0,0.5
ccd894ce-fa4b-4cc3-8bc7-170707806943.jpg,2.4231738393609703e-08,0,0.5
ccda0e5e-62d3-431f-9387-d252289b0bed.jpg,1.2883447197964415e-06,0,0.5
ccdfe67d-131f-4441-8128-c60c6d5f1212.jpg,1.5158307178353425e-05,0,0.5
cce24710-6200-40bb-9b30-9b31f14863dc.jpg,1.081604295904981e-05,0,0.5
cce8052c-c804-419e-9bef-e61f9394e5d2.jpg,6.302707244998373e-10,0,0.5
cce90a25-77fc-4ee4-8d0c-d37e505a448b.jpg,3.27080641682187e-07,0,0.5
ccf16e9b-89a1-4830-8e54-ce5619d10e79.jpg,0.00020911125466227531,0,0.5
ccfac9d7-a287-431c-8d1f-9dfbd326a840.jpg,2.3579939352202928e-06,0,0.5
cd0e13d3-9483-4cd6-b9a5-2518f466f04c.jpg,3.583172656362876e-05,0,0.5
cd10d4e9-8d3d-4a9d-8b25-9056ff2d562b.jpg,0.001221965649165213,0,0.5
cd16c028-6d27-4bb4-a56c-85499e2a4941.jpg,0.0015995990252122283,0,0.5
cd1a624a-659d-4823-9de2-82989b3758cb.jpg,5.883038625142945e-07,0,0.5
cd2305fa-d6f3-4510-af48-43a7104f5f08.jpg,7.680068847548682e-06,0,0.5
cd2a69cc-23a4-46f6-8864-470d9ce83617.jpg,0.011481828056275845,0,0.5
cd2d328b-8b5e-44e6-9550-75fcbf2c7ef3.jpg,0.16039079427719116,0,0.5
cd3203b7-b03a-4e92-96a9-20e2544873bb.jpg,1.2005050109564763e-07,0,0.5
cd42fa3d-3cb3-4d75-8056-84d52df77b0a.jpg,3.523943632899318e-06,0,0.5
cd50188a-6afc-404c-bf3d-9b1d39db374a.jpg,0.010517308488488197,0,0.5
cd55d913-1661-4cd8-9981-7ccbf694d8d8.jpg,0.056295718997716904,0,0.5
cd59c469-8468-47fd-a3d3-6f205e10033a.jpg,0.0024358900263905525,0,0.5
cd603e79-b883-4871-8302-20bb74faa417.jpg,0.5794367790222168,1,0.5
cd62115a-f279-44cd-9894-d4d10ff18bf5.jpg,5.830152076669037e-07,0,0.5
cd6cb221-005d-4e23-8b4d-5ff499c300fd.jpg,0.00045970125938765705,0,0.5
cd6d6bfe-f81d-40cd-8056-7cac3deec6a2.jpg,0.00015721004456281662,0,0.5
cd6edd11-94dc-4ca6-852e-0ca34cb68b1c.jpg,0.02207331545650959,0,0.5
cd72053d-1937-42b5-a5f2-fe30c2a8942d.jpg,1.3019655398238683e-07,0,0.5
cd73efef-621c-444d-b156-a90bd742fa16.jpg,0.006311559118330479,0,0.5
cd74c34c-3777-4df0-a1bd-1210791ca93b.jpg,1.0658864084689412e-05,0,0.5
cd767e59-d189-4b7e-bb4a-56acb7c322dc.jpg,4.1421262721996754e-05,0,0.5
cd797114-2bc4-4b2a-9777-e166ba080b27.jpg,0.01076705101877451,0,0.5
cd7bc5ea-b0da-4005-bc28-d894599b42de.jpg,0.0010858254972845316,0,0.5
cd89a92e-56ad-490b-a26b-3d00eb6b9240.jpg,1.5993708757378045e-06,0,0.5
cda4d26a-baae-4126-bd5b-e32d05b2a68e.jpg,0.004470056388527155,0,0.5
cdb10f39-0dc3-43c7-b258-5b44400c83ed.jpg,0.005538359750062227,0,0.5
cdba1b75-54ca-433f-88e8-a66fc05387bf.jpg,0.0033547428902238607,0,0.5
cdba8ddf-ffc0-4b19-a95f-44fa0dd4a3c3.jpg,0.00021871367061976343,0,0.5
cdc6290d-1cfd-488a-b803-8180639af10c.jpg,2.0219657415054826e-07,0,0.5
cdc6e914-5fc4-4ff3-aee4-367465509a96.jpg,1.671633799560368e-05,0,0.5
cdda1f18-8469-47a4-8f4a-1ab63fa72d78.jpg,0.09297662228345871,0,0.5
cde1760c-8643-4038-8355-7f12f4a943a8.jpg,0.0021217805333435535,0,0.5
cde411b3-443e-43ac-88c9-262088c56c9d.jpg,0.00014982582069933414,0,0.5
cde7940c-c0c8-4654-bb61-60abafda3f01.jpg,0.08150237798690796,0,0.5
cdf8d85b-b4cd-4e32-ad26-dafcb4f9f97f.jpg,0.0017704775091260672,0,0.5
cdfea767-26e1-42d7-8962-1d934430d41c.jpg,0.0064708152785897255,0,0.5
ce041a53-646a-4a01-931a-5ca0ef66c354.jpg,9.643440535000991e-06,0,0.5
ce0b7b0b-f3da-4951-9427-4989e6e1853a.jpg,8.222921475675715e-12,0,0.5
ce0d0b2c-5b40-497a-a126-6c44a17844ae.jpg,0.0008397830533795059,0,0.5
ce13cb78-0282-457d-968c-7a53dc29c673.jpg,0.11986571550369263,0,0.5
ce13d4da-9f1c-483d-8c6e-ad3e360c3918.jpg,1.6241530342853139e-09,0,0.5
ce159b7e-383e-434b-9d18-32ecf19fc2cb.jpg,2.0289446922561183e-07,0,0.5
ce189acc-90f4-4201-a454-389ce08011b0.jpg,0.5529417395591736,1,0.5
ce23be29-cf08-4fab-882c-060b0bcc5dcf.jpg,0.08187554031610489,0,0.5
ce298c0d-b2f5-4c1e-9f3a-3f82dfa64d48.jpg,0.003809872781857848,0,0.5
ce2dd0b7-6ee1-4e41-afca-e33d5d1ec9a2.jpg,4.7277407588808273e-07,0,0.5
ce36ce18-6dcf-41b3-ae02-04fb79895208.jpg,0.00017243338515982032,0,0.5
ce3bc7b0-702a-4cc1-a206-4d3f8fe1c95d.jpg,0.0029840630013495684,0,0.5
ce3d63ba-7466-4d6b-aadf-a8670ec867bb.jpg,0.00027300178771838546,0,0.5
ce404496-1a68-4e05-8997-776f39f918b0.jpg,0.0541703924536705,0,0.5
ce447387-7add-4ab6-8664-5bbe4831dfc0.jpg,8.888671345630428e-07,0,0.5
ce4b1edb-310a-42c7-8d1f-4e00d7901bef.jpg,1.2299242371227592e-05,0,0.5
ce529270-7abf-4c7d-ae5d-63b776f37591.jpg,0.11080986261367798,0,0.5
ce53d4f8-e6b8-42ae-a712-ffa29e2b4bb1.jpg,0.04918549954891205,0,0.5
ce5d1453-500c-42c2-827b-f0402a7b6231.jpg,0.06632371246814728,0,0.5
ce67d5a2-6f48-4162-9095-6de454d50e5b.jpg,6.0575371207960416e-06,0,0.5
ce67eada-cc08-4e62-9368-e7fbc9d09070.jpg,0.0008596635889261961,0,0.5
ce6fd25b-7865-4f90-a53a-1e411721ca9d.jpg,0.0008747585816308856,0,0.5
ce6fdc42-9d79-47ff-a3e3-5a146a484b26.jpg,0.0001807555672712624,0,0.5
ce75a076-9169-4f4e-b40e-b243ffcfd7df.jpg,3.0153951229294762e-05,0,0.5
ce7aa88b-573d-465e-b91d-ee4ca229b57a.jpg,2.749145460256841e-05,0,0.5
ce808f27-3a9c-4879-a059-74278e7f68a0.jpg,0.028299719095230103,0,0.5
ce985b0f-b6bd-44cb-a502-5e35194604c5.jpg,4.1658870031824335e-05,0,0.5
ce98b876-9ba5-4746-9fa9-98e92dd9828a.jpg,5.904177702298341e-10,0,0.5
cea5f614-e91b-4b84-aeda-7379086aa124.jpg,1.0523989457666971e-09,0,0.5
ceb84a9e-8444-403b-95e8-a54e10683152.jpg,0.002202088013291359,0,0.5
ceba4693-bd25-4e2c-8345-ee875ded506e.jpg,0.004391812719404697,0,0.5
cebd46fc-138e-4912-be45-b1e1ea5a06e4.jpg,0.010372169315814972,0,0.5
cebf0dac-03cc-4eab-926e-326f2821936c.jpg,4.073252171110653e-07,0,0.5
cebf4e60-a5ae-4580-8f17-181bbe0458e8.jpg,0.32979145646095276,0,0.5
cec1ee9f-e698-4b4c-b55f-552e11c19652.jpg,0.1963193565607071,0,0.5
cec22f1c-b2ac-4b9e-b9c8-6ae8cdb58393.jpg,0.00025895843282341957,0,0.5
cec3bbd6-847a-4508-9ac9-b005ecb48e15.jpg,0.14117565751075745,0,0.5
cecf586a-27af-4498-a432-c7f4524a2208.jpg,2.2873914531373885e-06,0,0.5
ced410ed-fbc0-4587-b561-01daf45ec027.jpg,0.391018807888031,0,0.5
ced7322d-d19a-4a30-bebb-2c30728d16eb.jpg,1.0821765954460716e-06,0,0.5
cedc73bf-b50f-4dda-b009-6126a02f8311.jpg,0.011261888779699802,0,0.5
cedde51b-4609-419a-abcb-e1945f0818c0.jpg,0.00016454324941150844,0,0.5
cedeab40-a3d4-4797-bd28-3011ef019554.jpg,9.92179338688004e-10,0,0.5
cee13188-310b-4805-b591-e950e06ffd7c.jpg,5.627736391033977e-05,0,0.5
cef200e5-199e-45fc-adfe-8c6155439306.jpg,0.0019183187978342175,0,0.5
cef238ab-cffe-4d53-b6d1-3e99481b239d.jpg,0.0004987043794244528,0,0.5
cf076017-c0e2-4695-ac05-87b60a4bab7b.jpg,0.594904899597168,1,0.5
cf0994eb-9298-477a-95af-190e62560adb.jpg,0.00012482691090554,0,0.5
cf0a1689-0de3-4d02-b675-995a5d477e50.jpg,0.0005510316113941371,0,0.5
cf0db9ef-ca38-4ba9-b777-38d8fbc7b346.jpg,5.114257533023192e-07,0,0.5
cf115766-347b-4131-a5ba-8f74f72261c1.jpg,1.9380529465706786e-06,0,0.5
cf1adc4c-b995-4177-91b7-b1c33b2302c6.jpg,7.943437594803981e-06,0,0.5
cf35ce41-92b7-4585-9fa2-f4a2c899335c.jpg,5.678970182998455e-09,0,0.5
cf368c09-0149-4de1-8280-97160c18cbfb.jpg,0.013462385162711143,0,0.5
cf3daa48-da33-4918-b617-a2a1ee5a6cea.jpg,0.20310130715370178,0,0.5
cf42c340-82a6-4d4a-8cfa-d492f5c5ca0a.jpg,7.464351074304432e-05,0,0.5
cf42c829-d77d-4504-825e-67b700bc1320.jpg,6.963398391235387e-06,0,0.5
cf462420-7d6d-4c0f-9909-ce7f25d034ae.jpg,5.833055150006317e-10,0,0.5
cf47f767-25eb-457b-8ebb-b2e95bd687c4.jpg,3.926778845197987e-06,0,0.5
cf48d80a-176f-4d06-a8ed-26d6b25fc34e.jpg,0.22105558216571808,0,0.5
cf4e241f-189f-4a95-b4d4-8b15ad842984.jpg,0.5959653258323669,1,0.5
cf5f171f-8f6c-4300-b7df-47518f9e5e04.jpg,0.00023156937095336616,0,0.5
cf6331f4-331b-4e5f-b6a7-25e91cc1ab57.jpg,2.148560582782011e-07,0,0.5
cf6ef0b3-d79e-4b68-be3b-1569c73b72df.jpg,0.22074544429779053,0,0.5
cf7195b7-4107-46ef-9f5c-2d685ffdd7ec.jpg,3.120781286725105e-07,0,0.5
cf7ac5a6-b19b-45c1-a9e4-c2c50a02edac.jpg,4.034082579096321e-08,0,0.5
cf7e0081-fe6c-4fc5-a2ac-2fc5834c97c5.jpg,0.0006514470442198217,0,0.5
cf7ef5ae-d8d8-4ee5-8338-15745b4cd207.jpg,0.00010781457967823371,0,0.5
cf7f6958-c7c8-4f8f-9a07-7016f48e57b9.jpg,0.0005164876347407699,0,0.5
cf83dc8a-9ddf-4d0b-b62e-9afa3ade841a.jpg,0.0010650220792740583,0,0.5
cf906534-387a-4439-96f7-17bd94eeb3a1.jpg,0.00011612534581217915,0,0.5
cf95df80-a3bb-48bb-93a4-9c448706d457.jpg,0.00012474563845898956,0,0.5
cf9610df-0666-4989-91ab-d5389b8c0a8c.jpg,6.944263220010072e-11,0,0.5
cf9718a3-1ee4-49b1-8842-6af3cb69cf86.jpg,0.00023290324315894395,0,0.5
cf9d0933-ee97-49fc-bad1-b893f1f48c95.jpg,0.9553529024124146,1,0.5
cfa09587-5cf1-42d4-9f75-444a078b2cb8.jpg,0.9992713332176208,1,0.5
cfa98783-ee65-4e56-966e-5e4992d8a1f9.jpg,0.006055573467165232,0,0.5
cfb82e47-6e57-408e-ba03-54a9094033c9.jpg,1.6315952962031588e-06,0,0.5
cfba16bb-7939-41a4-baf6-cc33c3b66638.jpg,4.21483491663821e-06,0,0.5
cfba401f-936f-4057-b22b-eadaf1c8c2f2.jpg,0.0007910071290098131,0,0.5
cfbe6c6b-4928-4a17-83fc-e7d47ee54157.jpg,0.314952552318573,0,0.5
cfc07c0a-5b71-4f62-97c6-92aaed9253cd.jpg,0.00015895372780505568,0,0.5
cfc2231f-b7d3-410f-9c5f-0b527420dee3.jpg,0.002828228520229459,0,0.5
cfc7055b-d465-4b59-b772-a2557a9981e3.jpg,0.06249045953154564,0,0.5
cfd0b07e-3b97-411e-8f55-7af3bb291def.jpg,4.983856706530787e-05,0,0.5
cfd333e6-f48d-494f-81a7-a6c200418c0e.jpg,0.00043888718937523663,0,0.5
cfe4c1fd-fd5c-4b1c-bd47-2ffeffc19247.jpg,1.514573888528048e-08,0,0.5
cfeb14be-165e-421a-9251-62ac66254553.jpg,3.974409776980048e-13,0,0.5
cff60544-a9d8-4898-8bef-ab7a495e5b2b.jpg,3.730718890437856e-05,0,0.5
d025200c-f5d8-430c-b44d-7d6efe7010dc.jpg,0.0002371147129451856,0,0.5
d0305d2d-959d-49e8-8794-cbc3d0f81058.jpg,3.090709412845172e-07,0,0.5
d039abe7-d896-4084-b7ca-73d0ec36bf1b.jpg,0.00041810335824266076,0,0.5
d0418af6-0f1f-4e25-b976-05ad7f0c9f73.jpg,6.22980878688395e-05,0,0.5
d043c48f-5513-4f8b-a17d-e41e7df271f2.jpg,0.340130478143692,0,0.5
d044a699-b963-43eb-b441-6b6301e25169.jpg,2.4399128051300067e-06,0,0.5
d044f052-4f25-410d-9b7a-84c140e7a65d.jpg,0.05071884021162987,0,0.5
d045efcd-542c-4280-8ed4-f8eebdf96a76.jpg,2.3349821276497096e-05,0,0.5
d050c189-add4-475b-8a3d-f51618b5d64c.jpg,0.03825018182396889,0,0.5
d05226b0-cf6c-4578-be03-deec837865e5.jpg,8.062120855356625e-07,0,0.5
d05589f9-571c-4427-b870-ac1771a520c4.jpg,1.14906197268283e-05,0,0.5
d059e0d2-4e06-490b-b608-57fb15421042.jpg,9.033627890175921e-08,0,0.5
d05afc77-3dc7-40f8-a510-1ad2ef366415.jpg,0.0023729526437819004,0,0.5
d05b0db5-e655-4af7-8307-ce1759ef633f.jpg,0.08098826557397842,0,0.5
d05b42b3-023a-42c1-bd80-4d4797a363d2.jpg,2.8779894023500674e-09,0,0.5
d0679397-8c09-4169-98e5-2bde5fd850ef.jpg,0.004883952438831329,0,0.5
d068b85c-ec15-4456-97be-8ff527bcc6a5.jpg,9.014536672680151e-09,0,0.5
d06ae389-daf8-4b09-9b13-b9d34a34bf8b.jpg,3.763267523027025e-05,0,0.5
d0735cc3-0ccb-4a9d-9186-a0f184039ae6.jpg,0.002770407125353813,0,0.5
d079f550-1d9a-4c49-bdd8-529ecf50363b.jpg,0.0003804281586781144,0,0.5
d07d59f3-6bf0-4cae-8add-55338113daad.jpg,3.608962799717119e-07,0,0.5
d07da363-4426-44b0-93c0-f32e451ad359.jpg,0.004529046826064587,0,0.5
d0a139e2-5356-493b-b6b0-ba3adbfb244a.jpg,5.2808511100010946e-05,0,0.5
d0a4150c-6de1-4c0f-9ef0-bc6ba7092a10.jpg,0.0001318663271376863,0,0.5
d0ad40c8-bfdb-4f10-8ff1-b69c3713baf7.jpg,0.003121407702565193,0,0.5
d0b476f7-2f43-473e-a539-44a1990a1a85.jpg,0.0008451946778222919,0,0.5
d0b6c753-6e31-4967-8efe-b5398f6e8eac.jpg,2.210232378274668e-05,0,0.5
d0b891f7-d52c-43fa-992c-6a700affa7e6.jpg,1.8582557459012605e-05,0,0.5
d0c32527-5aee-4248-89c0-7b45f9231527.jpg,1.4094765901973005e-05,0,0.5
d0c97f64-5a4a-4bb8-8659-829057d5671b.jpg,0.00038974371273070574,0,0.5
d0d05d6d-8d29-4892-8612-7a8822323af1.jpg,2.9721527425863314e-06,0,0.5
d0d3484d-2d19-40fe-9ca3-173119f5d288.jpg,0.00011747296957764775,0,0.5
d0f82f62-3836-467b-b7df-27608d4a52fc.jpg,0.002080159727483988,0,0.5
d0fb97cc-b7b0-4ecb-aa3d-ed5ef35f71f4.jpg,3.0913511182006914e-06,0,0.5
d0fe613a-017b-4f51-8d1c-8a918d2c8fcd.jpg,6.867440970381722e-05,0,0.5
d102d518-5780-4188-baf5-98bd04a540af.jpg,0.0010334019316360354,0,0.5
d107156e-6be1-453e-8d3a-da57f10920c7.jpg,0.003655349602922797,0,0.5
d1074f77-7251-4eec-bace-e518bbba0b43.jpg,2.1504749383893795e-05,0,0.5
d1079a61-095e-4562-ad50-73083a120a33.jpg,0.022205941379070282,0,0.5
d107a66f-d563-4364-b0b0-175d37718579.jpg,0.6973440051078796,1,0.5
d10a1052-95b2-489c-8dbd-506e5b1612f3.jpg,4.918135800835444e-06,0,0.5
d1130186-2965-441d-9a67-09025399f804.jpg,9.354754183732439e-06,0,0.5
d11379ac-a3fe-45dd-be59-034c9f380774.jpg,0.0009339284733869135,0,0.5
d1141638-35b6-4cd9-85bd-16877b69a719.jpg,7.025527537507514e-08,0,0.5
d1184c89-161d-4a5f-8553-65a3104e2dbb.jpg,0.00025835298583842814,0,0.5
d121756b-1f8f-4ad9-b1f4-2528847e624f.jpg,7.051193733786931e-06,0,0.5
d1226724-eb37-4864-80b4-497b89fdb617.jpg,0.023331182077527046,0,0.5
d127683e-e13e-4b22-a762-2b1bf0cc6ae6.jpg,2.82751244640167e-07,0,0.5
d1330593-101f-4bd7-92d3-82c592d26d50.jpg,1.0072147915707319e-07,0,0.5
d1427f0e-7a7e-418b-9d2e-f11caf6c809d.jpg,0.002767969621345401,0,0.5
d146618f-4afb-4f66-887b-ba19ad416ed3.jpg,0.0001063640447682701,0,0.5
d1468c56-1e81-4b5e-aa23-984f69b1cbf0.jpg,0.018911289051175117,0,0.5
d149a179-56a7-403f-9d5e-71ad7b9f6ff2.jpg,1.9401819884024007e-07,0,0.5
d14c60db-12ce-46ca-b77e-c950d3f42476.jpg,4.0247300603368785e-07,0,0.5
d155434d-e53c-43c2-aa7a-2742b048a4c2.jpg,0.6246575117111206,1,0.5
d15595ab-3f3e-4b9d-adfd-c9cba1b17b0d.jpg,0.0003593364672269672,0,0.5
d160f59f-6d3d-4f98-926a-df5d49630acd.jpg,0.0025315326638519764,0,0.5
d168481b-6ecd-4aba-892a-3980e4160e5f.jpg,3.299299322634397e-08,0,0.5
d16ea268-7148-43c7-905f-545d26d86144.jpg,7.459326297976077e-06,0,0.5
d171aafe-7790-4887-8f04-0ddd432aaf91.jpg,0.002352845622226596,0,0.5
d1739cd1-4a02-4b49-b66e-ac8d6ba908a2.jpg,0.9330211281776428,1,0.5
d17c72bd-666f-4040-98e9-ec7dd88c6c3e.jpg,2.2990677734924247e-06,0,0.5
d17ce0cd-302d-49c7-a0e4-a688027f38c0.jpg,0.0006239752401597798,0,0.5
d183028b-f247-4277-8543-7f67374c59cb.jpg,1.6107640021800762e-07,0,0.5
d18614f9-e323-4452-b79d-c82d68a51c5c.jpg,9.648487093727454e-07,0,0.5
d1876c39-3a89-4b62-aaff-ac7d726b983a.jpg,0.08240598440170288,0,0.5
d19ba609-fea7-4c7f-9fc4-5a9d64fb9916.jpg,0.000157603295519948,0,0.5
d19d7569-3e56-4ea5-9646-b399df52db96.jpg,0.0036047419998794794,0,0.5
d19dad93-f8af-483d-a32b-75c4eebac3e6.jpg,0.9237518310546875,1,0.5
d1a37234-30ed-4a0a-ad19-6d437c1bf2d4.jpg,0.0006433979142457247,0,0.5
d1a44b08-60f2-439c-89e6-4f0ae901c543.jpg,0.965657651424408,1,0.5
d1ab0d2d-858f-44b0-b732-b710fcc5d875.jpg,9.606650564819574e-06,0,0.5
d1ab8eec-352a-497f-ba1b-9945f7337e31.jpg,1.6376657185901422e-06,0,0.5
d1abf2aa-b6ac-4966-b302-042b7d6167c4.jpg,7.166744353526155e-07,0,0.5
d1bdd159-a1a0-434c-ac26-fbd711b00d4f.jpg,0.00025731732603162527,0,0.5
d1c05545-232f-4ddd-9f69-327177ae2bc3.jpg,2.1489463541968234e-09,0,0.5
d1c5f175-5bf0-4b45-b7eb-3869e7eca536.jpg,0.003575903130695224,0,0.5
d1cea7c9-6a9b-409f-8b82-54e278e489e5.jpg,4.471382553106196e-08,0,0.5
d1d38a23-a96e-4fcc-a053-1f07d8bbd445.jpg,0.4123607873916626,0,0.5
d1d93702-9009-4d63-a674-a946102c3422.jpg,0.0010204765712842345,0,0.5
d1da26c1-28fd-4ad2-bf64-49e8a5f7a955.jpg,0.00013152853352949023,0,0.5
d1e5ad67-05b4-40f3-aee9-d19287dc6fa1.jpg,0.004373458214104176,0,0.5
d1e6cece-0bd2-4547-8f00-cb6da5746a33.jpg,6.753039633622393e-05,0,0.5
d1f39bd3-a04f-44c7-9944-7022f1e7ebe1.jpg,7.140397648153218e-12,0,0.5
d1fc7efe-ea0d-4488-a3e7-5e696cfaa125.jpg,1.7036926314162315e-09,0,0.5
d1fd485e-8b97-4bef-87d7-bf53d45c0cbc.jpg,1.6999796571326442e-05,0,0.5
d1fdbbd8-61df-4ebd-a8f2-ff6515e36f3c.jpg,0.00014250303502194583,0,0.5
d205629a-d40f-47dc-80c6-5ca8c08dc9b5.jpg,0.002866095397621393,0,0.5
d20d7e22-8fd4-48e6-b47b-2a093178c036.jpg,6.911656237207353e-05,0,0.5
d20ea35d-c27b-4f6b-a2b2-37d0bbac09ec.jpg,0.0034578945487737656,0,0.5
d21b0c2f-efdb-4c11-81b1-7a8aaf73a98e.jpg,1.1669837540750905e-08,0,0.5
d21da262-f438-4360-887d-dd4f7ad63da9.jpg,0.48735377192497253,0,0.5
d21fa8dd-ecf6-4dbf-af91-8e341f57c9cb.jpg,5.147745014255634e-06,0,0.5
d226c74e-5dfc-4d6c-80cf-25fc94dd43bf.jpg,0.02903033420443535,0,0.5
d22ba19a-1a13-41ad-942a-6b416c084ebc.jpg,9.465694894572607e-09,0,0.5
d22fd323-2318-47ae-b461-22d32f36aad1.jpg,0.00014600492431782186,0,0.5
d234ed62-9ece-4ca4-9905-7d507cc46da6.jpg,7.394379162792286e-13,0,0.5
d23a7ec4-806b-4a86-b0d3-ac3e95c0d637.jpg,7.940193609101698e-05,0,0.5
d242e859-1c10-4d03-be20-6c70c8a7e81e.jpg,0.00026841272483579814,0,0.5
d2482b92-f833-4b7e-8cd6-5a88ea31d4fa.jpg,0.5798980593681335,1,0.5
d25152dd-ecc8-4798-ae4a-2a1c87cede4b.jpg,7.715280662523583e-05,0,0.5
d2625da4-683f-4ee1-bbab-5696b094eba2.jpg,0.0005741225904785097,0,0.5
d26abe1d-e0da-4a80-8766-b79194b72f15.jpg,0.005499537568539381,0,0.5
d286fe1b-1319-4d1b-813d-f469d6bddd77.jpg,1.954738877429918e-07,0,0.5
d291ddb3-f0d3-4d4e-b00e-4cad9d03601d.jpg,0.07720839232206345,0,0.5
d293633b-c961-494f-aa14-ad4e78285013.jpg,2.6505481143246357e-10,0,0.5
d29bcae9-e2f0-4591-b3e6-c4bbea522a9b.jpg,9.193414363117824e-10,0,0.5
d29cf47e-e1d4-4c4c-8b91-abf2fe439a45.jpg,1.1762178786511868e-07,0,0.5
d2a0c920-d9db-4ece-b594-af4017e58730.jpg,0.0019974035676568747,0,0.5
d2b74720-653b-4a04-ac13-132651dfa7f4.jpg,0.01724737510085106,0,0.5
d2b8cb6c-3e3c-4323-8f8c-4714345f443c.jpg,0.10848286747932434,0,0.5
d2ba7215-3259-4a94-9e10-36e8cb5a4a42.jpg,0.00020460500672925264,0,0.5
d2bd0d46-8834-4ae4-afb3-b0c0f057a640.jpg,0.7826939821243286,1,0.5
d2c29b92-f4b4-422e-ac42-0e72f55f80a5.jpg,2.089986494979712e-08,0,0.5
d2cdfadf-1e52-49c8-821e-e04a63717f38.jpg,0.051277317106723785,0,0.5
d2cdfefb-58dc-4d6e-9091-74897be1f34e.jpg,0.607418954372406,1,0.5
d2d150a3-46d5-4c48-84ab-268271d35f56.jpg,0.054805461317300797,0,0.5
d2d2de17-5503-4272-ab1b-9d9215201636.jpg,6.282165122684091e-05,0,0.5
d2d4cc41-8c38-44ae-bc5a-d52bfeb43369.jpg,3.7200610677246004e-05,0,0.5
d2ea2f5a-4113-4fb4-9a14-c5e669180b44.jpg,8.580453014772615e-11,0,0.5
d2f787db-f2f2-47e1-8201-313ae9f9cec4.jpg,0.17865346372127533,0,0.5
d2fa3f83-625c-4b48-a980-7e507d80363d.jpg,1.4281048606790137e-05,0,0.5
d303e9de-5f22-4f40-b8da-f405d3814f6f.jpg,0.03557033836841583,0,0.5
d30b293d-bded-4888-bd8a-165be10b9182.jpg,0.0019806730560958385,0,0.5
d31773da-09a7-4b8d-80d2-1eb420abad89.jpg,2.5448014806528363e-09,0,0.5
d321650f-10ad-4bf6-9d3f-9e845c95ae9d.jpg,7.059808382336996e-08,0,0.5
d329ad23-6492-4a2a-9ded-325f04fc79c3.jpg,1.7473122397859697e-06,0,0.5
d32d2f4d-f535-460b-894f-2ec194898b25.jpg,0.0010968496790155768,0,0.5
d334d2c2-3065-4ebe-a18e-8afb64f13367.jpg,1.886212339741178e-05,0,0.5
d3381b09-0617-41b5-ba10-5dbb17dba5ca.jpg,0.02971658855676651,0,0.5
d33f9ff8-5a07-4d77-8947-681126d039c5.jpg,0.0003293419722467661,0,0.5
d34a6291-3e18-43f6-bdbb-213ee16106b2.jpg,3.844909952022135e-05,0,0.5
d356e08f-b98c-44d5-83cf-ed1afae76fcb.jpg,5.55755059394869e-06,0,0.5
d3588124-41ea-4ecc-9757-1611adbc8191.jpg,8.834149048198014e-05,0,0.5
d369ae39-1eaa-4d28-b580-94d2e0953661.jpg,2.5001108383548853e-07,0,0.5
d36d59e8-dd36-42fe-8705-fa887c805a2f.jpg,0.025914061814546585,0,0.5
d3727417-e31e-4ab7-8e6e-4da040c8411f.jpg,1.9264880393166095e-06,0,0.5
d372e8cf-d266-4999-97ab-677c4dc8c89f.jpg,0.0001433645375072956,0,0.5
d381bb33-3ed4-4817-92ab-3652012200eb.jpg,5.9308054915163666e-05,0,0.5
d391794e-bf76-4e38-9b42-d84425bde2bd.jpg,0.14483781158924103,0,0.5
d39495af-a43e-495c-b480-8fa7f39d1793.jpg,0.006553846877068281,0,0.5
d39e98e3-3e1f-4771-bdf6-3963d53cd578.jpg,5.202638817536354e-07,0,0.5
d39fdc9d-5e22-4387-b110-b5d8a75d5493.jpg,9.883816346700769e-06,0,0.5
d3a7536f-cc18-4e37-86ce-ef81bde1ce63.jpg,0.028573347255587578,0,0.5
d3acdc56-a138-4af0-a5e6-ab2e8ea57566.jpg,0.0073223598301410675,0,0.5
d3b00f92-e3fb-4fc3-a6d2-ccc89e42cf3f.jpg,0.0019611564930528402,0,0.5
d3b730e3-b063-4cba-8d38-6ccfd77da1a6.jpg,3.3976155577875033e-07,0,0.5
d3becdb4-4017-451f-8542-74a3e9d7af5d.jpg,0.001899328432045877,0,0.5
d3c28bf6-0a46-418c-a2d8-1707df08f007.jpg,0.010752753354609013,0,0.5
d3c2e348-4074-4c67-81d1-3f22ff09fabd.jpg,4.961353852195316e-07,0,0.5
d3c9208e-caff-46b1-9882-c482c5ef4396.jpg,0.000372084992704913,0,0.5
d3dc1eb3-68f2-4454-af88-40f784478fc2.jpg,0.0013142925454303622,0,0.5
d3de26c1-38c2-451d-ad04-09802774b1d7.jpg,0.001265691826120019,0,0.5
d3f7201c-a5b0-4ca9-bcd8-afdd9e8e32af.jpg,4.1405899537494406e-05,0,0.5
d4049ffa-09b0-485c-902e-447bcb7711c1.jpg,9.70554247032851e-05,0,0.5
d405bda8-140b-45d6-9a89-27b2d1ac86f9.jpg,0.002370258793234825,0,0.5
d40cca2e-0b83-4f3b-a25f-57d34b96dd7d.jpg,0.0001391554542351514,0,0.5
d411c1d6-2867-4b79-baca-9bc5bbe6cbf4.jpg,1.1705812141826755e-07,0,0.5
d413390c-f9a7-4017-8d45-b8bcc597d125.jpg,9.78794844654074e-13,0,0.5
d41577bf-00cb-4f44-ba52-f3d015dcd59c.jpg,2.5946243113139644e-05,0,0.5
d41647b9-f758-490d-bc6b-7b55d3d43ed4.jpg,0.00018818800162989646,0,0.5
d416f839-76dc-4738-904e-5ca8bb28f696.jpg,0.01916925050318241,0,0.5
d41804b0-c7d0-4ec4-9666-67d972d5af22.jpg,0.0002114998351316899,0,0.5
d41c631b-575b-42c0-9c69-f57830fc1273.jpg,3.109055768391045e-08,0,0.5
d424f1c7-3ddb-44a1-b450-1c2d76f02ad2.jpg,0.006891223601996899,0,0.5
d42a10ce-17fe-4b19-998c-e590172c25bb.jpg,3.1670028874941636e-06,0,0.5
d431cf4e-3e58-4763-8e5d-804c66445174.jpg,0.0011599494609981775,0,0.5
d4344711-9262-429a-809e-0411cddb6d00.jpg,9.137922916124808e-07,0,0.5
d435c5b8-6812-4050-829b-7f673be92f9f.jpg,2.0014555047964677e-05,0,0.5
d454deb4-5158-4189-b998-9412a5268b3b.jpg,2.7890241227623846e-08,0,0.5
d4618ba5-da76-4e2c-89f5-dd65ec9fc6a8.jpg,2.6560549031273695e-06,0,0.5
d465c275-6807-4d46-9e2f-ee3c62390925.jpg,0.0002974875969812274,0,0.5
d47c984b-2e73-44c1-b4c6-11f1bbe4dfc8.jpg,1.8186026863986626e-05,0,0.5
d47ead2b-2ca5-48c1-8256-6a9d7ef6cb09.jpg,1.572886674239271e-07,0,0.5
d481917e-84ad-40e6-826d-d6f99d8a3c63.jpg,0.0021559554152190685,0,0.5
d484a603-c69f-4439-a772-6e03eca1cfbd.jpg,0.03647565841674805,0,0.5
d4881a52-bb26-4887-99e1-26aabd494842.jpg,5.687905613172006e-08,0,0.5
d48b1a64-7f1a-4208-a5e3-8cef276a0a0b.jpg,0.014752021059393883,0,0.5
d49411dd-5381-44d4-b7b9-fd18591f5913.jpg,7.058918782831825e-08,0,0.5
d494ffb6-1080-48ef-afb7-995704f7d7a5.jpg,6.821010174462572e-05,0,0.5
d4955a70-cb9f-442c-9bfa-e4cb4e3be5ad.jpg,4.8206798965111375e-05,0,0.5
d4a7f0b8-fecd-4044-9e89-b02d4e5b7e47.jpg,0.005718815140426159,0,0.5
d4aeef22-49e7-4a69-9819-d805dcc10f1a.jpg,9.60692523221951e-06,0,0.5
d4b4c9ca-eefe-4910-9183-bb0b64ff60ab.jpg,0.23013219237327576,0,0.5
d4bb55bc-1e39-45e2-9e4f-3017a833cd8e.jpg,0.005681172478944063,0,0.5
d4bbea71-3a4d-4e1d-a6ae-d811f15a0029.jpg,4.690391051553888e-06,0,0.5
d4c57706-dfe8-4c6c-9561-92183cfc7f98.jpg,0.00013966922415420413,0,0.5
d4c961eb-3f0f-4a42-a0f8-54c6a7fe08ad.jpg,3.2331954571418464e-05,0,0.5
d4d5b1a6-57b5-4047-a08a-2a6a9cc54cbd.jpg,1.4350239325722214e-06,0,0.5
d4e094ab-c249-4d0c-9c4d-c18222a422d9.jpg,0.00038390778354369104,0,0.5
d4eb7f03-9144-4318-b78c-b4ffef219f23.jpg,2.3338677692663623e-06,0,0.5
d4f31f0b-4c6d-4603-8397-7b563f9e209b.jpg,7.756870146202743e-10,0,0.5
d4fd9a33-fb87-425c-9438-c7b056c84ca3.jpg,0.016566477715969086,0,0.5
d4fe6903-1db8-4cb7-ad0d-032ca0e5b597.jpg,5.7019871746888384e-05,0,0.5
d4feefbe-dd0b-4cfb-8c70-0481ac53fe4b.jpg,7.874905350035988e-06,0,0.5
d5025e0f-8405-4cc0-b16a-35b3a6eed9a4.jpg,0.00021093976101838052,0,0.5
d505b029-a048-419e-ba5a-ad3b154c9690.jpg,3.580904740374535e-05,0,0.5
d506a028-20a6-4cba-a916-c67c8f70beb6.jpg,0.37249743938446045,0,0.5
d50a1657-a28f-488d-9902-242af92999ec.jpg,0.0003618031623773277,0,0.5
d50f6911-c2f7-42cf-84e1-9930f6669a38.jpg,9.845656313700601e-05,0,0.5
d51163ae-6746-4742-a0f8-356bf07a9ddb.jpg,0.31955212354660034,0,0.5
d51369f6-ea28-4b52-b8f5-b69cf01e578e.jpg,1.078653277808428e-09,0,0.5
d515da5b-9373-4b4a-a82e-65effc649f8e.jpg,0.0003680171794258058,0,0.5
d515de84-4d30-4e82-bdb2-499847eb9b51.jpg,3.281724730186397e-06,0,0.5
d51ea330-9bac-4e50-9381-7511085da4f7.jpg,0.06791380047798157,0,0.5
d52c179d-9bfd-46cf-9b71-d5cc5333e802.jpg,0.017312243580818176,0,0.5
d52edc44-70c1-474c-8d22-4b216d664b61.jpg,4.822849587071687e-05,0,0.5
d532602d-bdc4-4557-acf8-2183206207cd.jpg,3.4065030831698095e-06,0,0.5
d532c0af-510d-4306-be1b-51ec671d03bb.jpg,0.0005261364276520908,0,0.5
d533d006-e4ae-4781-a09c-ae75b61eb594.jpg,6.009353819536045e-05,0,0.5
d5369e7a-c0fc-4801-8b6c-407882f16959.jpg,7.050923886708915e-05,0,0.5
d53758d5-a385-4f45-80a3-868f6ac1117a.jpg,5.640759991365485e-05,0,0.5
d555d478-519e-4915-b2da-87d527a54eb2.jpg,2.1533558083319804e-06,0,0.5
d5675790-b291-4422-9f53-d53daf95475e.jpg,1.0509366710209633e-09,0,0.5
d5694e0a-f0ed-44b2-877a-29c531626b86.jpg,1.0387537940914626e-06,0,0.5
d56c9bc2-312e-444b-acb6-05c678ecfaf4.jpg,7.351659547794043e-08,0,0.5
d56fe86f-8a3a-4e57-a9b2-da8972b393a0.jpg,0.000228523465921171,0,0.5
d5786d51-bba1-438e-8a3d-d34fae22aa1a.jpg,2.8367510822135955e-05,0,0.5
d578a6b8-2f26-4d3e-a941-9a71ec6f070f.jpg,1.694263301033061e-05,0,0.5
d57bf44e-8937-467e-985c-2d35445d5d88.jpg,0.019537033513188362,0,0.5
d5960f52-d317-45db-b76f-229cfa49e5ef.jpg,0.0004586558206938207,0,0.5
d5a4ea0a-fb7a-4db5-ba53-88deffe06da5.jpg,0.014040010049939156,0,0.5
d5a70a89-d6ca-4d5d-82ec-e6c4cd694cf2.jpg,0.0012143019121140242,0,0.5
d5c450f1-1b94-44f7-8967-c97874def50d.jpg,3.6539115626510466e-06,0,0.5
d5c97824-cff1-452b-8ada-deaaa8710927.jpg,2.2528239274066664e-09,0,0.5
d5cd2e91-5ff0-49dd-b0b3-a9d3c2c2ec65.jpg,9.222696462529711e-06,0,0.5
d5d08392-054e-4e29-a5a4-a8c6909b20cb.jpg,0.012345772236585617,0,0.5
d5d72bdb-acdb-4cd4-ad96-986cade13c7b.jpg,0.00023079350648913532,0,0.5
d5e546a9-4179-4dbb-956b-29b1ebc56ad4.jpg,2.7843470888910815e-06,0,0.5
d5e7c4f3-0a59-4cdc-8cba-8ec5c79f4b91.jpg,0.22707457840442657,0,0.5
d5e7fefb-e5ff-49d7-b0dc-a2f76259ce42.jpg,2.3439328288077377e-05,0,0.5
d5f173ac-c47f-4b0d-bde6-c8ceb723177c.jpg,3.8260941437329166e-07,0,0.5
d5ff105b-d01c-4a13-8240-12161586086c.jpg,0.02989340014755726,0,0.5
d604cd42-a559-4e53-bcdd-00f01a1ae307.jpg,2.8823178581660613e-05,0,0.5
d6054a43-7dae-4831-8b0f-5b7b79a7f8d0.jpg,0.02979249507188797,0,0.5
d60dc983-8fd8-4024-b174-28f9dcb8faae.jpg,0.00012010862701572478,0,0.5
d61e74bf-8b9a-44bf-bcc0-2c38a5a79d01.jpg,2.065145565666171e-07,0,0.5
d626e930-b585-4425-960a-5f654381e8d0.jpg,0.9870408177375793,1,0.5
d62db373-dca6-406f-874c-539b9114b34b.jpg,3.782158142229264e-09,0,0.5
d6375aaa-5757-4951-955f-82cf8059b517.jpg,4.116510899621062e-05,0,0.5
d63f0fcb-c5ba-4500-97e5-647c7c157430.jpg,0.0011834162287414074,0,0.5
d645fed3-d08e-49c9-adf9-f8999e101e90.jpg,0.06455002725124359,0,0.5
d648482b-9042-4347-b72c-0c9133a25c67.jpg,3.834763265331276e-05,0,0.5
d649dd03-d083-4c20-b3f2-9f57b788e932.jpg,0.0017818468622863293,0,0.5
d64ab102-8187-45c8-97f6-44c81d52b193.jpg,0.01686626486480236,0,0.5
d650b101-e0c1-48a6-a0c2-4d78fa2d359d.jpg,0.0007627978338859975,0,0.5
d65101af-f84b-49f1-8b56-edb34334df0f.jpg,0.0264121200889349,0,0.5
d652a0e7-cdc0-4d52-9ef4-9219e641edcc.jpg,1.8435553528206583e-08,0,0.5
d6787096-f081-4bba-8df3-8f23deb34b4d.jpg,0.00012853868247475475,0,0.5
d6789ca8-ec7c-42d7-933b-cd3496154913.jpg,0.05917419120669365,0,0.5
d67afad8-c8c5-487b-80f8-54630d06eb81.jpg,0.012532345950603485,0,0.5
d68ac6eb-c9d4-4fc5-a0e0-272219dc0f66.jpg,0.28923094272613525,0,0.5
d68da8f5-e333-456e-a9de-0f1932dc87fc.jpg,1.9397860739900352e-07,0,0.5
d68ebb61-e6df-4f47-a0b0-31caa2f79f51.jpg,0.10479889065027237,0,0.5
d693522e-b0fa-4c87-bc57-f06e828c75d1.jpg,5.784218956250697e-06,0,0.5
d69c726f-f0a8-4661-904b-216fdaa0158e.jpg,0.005432494916021824,0,0.5
d6a0fa8b-2f18-40c9-8bd9-8fa700b99b45.jpg,0.0023786667734384537,0,0.5
d6a29b13-73a4-4238-a6b1-790710417c75.jpg,2.078397329796644e-07,0,0.5
d6a2db57-5b72-4ced-bb45-13f5706c370c.jpg,1.8490879938326543e-06,0,0.5
d6b30feb-a54b-4ba8-a67a-18fd54465bda.jpg,6.078092701500282e-05,0,0.5
d6b609c3-2a88-4681-aa54-71a55e1adb2e.jpg,0.0037474550772458315,0,0.5
d6c50ae6-5598-4054-98ad-b005a16478e4.jpg,1.339245159215352e-06,0,0.5
d6c5dbfd-0f61-4f68-9794-e60a4d2472af.jpg,2.0651948773320328e-07,0,0.5
d6ce3ff9-c3ba-4c41-bf88-2485586582a4.jpg,1.6509007139120513e-07,0,0.5
d6d28f6f-c7f9-423a-9243-e786db32f4ae.jpg,3.650491635198705e-05,0,0.5
d6e092bd-2518-4272-880b-f85841039d24.jpg,5.541222591887163e-08,0,0.5
d6e5b941-4957-4b35-9600-a3556f2b4614.jpg,2.3200814780466317e-07,0,0.5
d6f1fa68-063d-4ff4-ac0b-9412c7519557.jpg,2.1028427263369842e-11,0,0.5
d708d4f5-802e-46ea-9273-2bc8dada22a5.jpg,5.483752829604782e-05,0,0.5
d70a5b70-685a-4047-959e-346244b118d6.jpg,0.0008888901211321354,0,0.5
d70eccf6-fba4-45c9-ad8f-9bbc90cd8c94.jpg,2.3601853627042146e-06,0,0.5
d7158736-4c5b-42c6-8f12-84d7a7b3f5f0.jpg,6.279880782056324e-11,0,0.5
d71f4bf6-7e28-4c3b-a731-4d5ca1bebd26.jpg,0.0008297694730572402,0,0.5
d72496f3-7bed-4be4-b972-6ce865ca3fba.jpg,1.0500740188490454e-07,0,0.5
d724da7c-bda9-48a2-8e47-7a9048642ae9.jpg,0.03027997724711895,0,0.5
d726a4d1-83f3-4666-94ed-8772af11f13e.jpg,0.0046844943426549435,0,0.5
d72bfc66-2dcb-49b5-bc7a-f3560aceaf35.jpg,2.8302499686105875e-06,0,0.5
d72df95d-3635-482f-ad41-cc15459682d4.jpg,0.001259057316929102,0,0.5
d72e573a-06a7-4db6-a8bc-527fc2c3481e.jpg,5.030180091902814e-11,0,0.5
d72eadcc-1b50-440d-aa04-7c951d1f8a55.jpg,5.475298166857101e-05,0,0.5
d7422075-ff82-4cb7-8730-fa98826a8045.jpg,2.1474784450692397e-10,0,0.5
d748e938-a9e4-42b3-b53c-08ede805384b.jpg,0.0019873089622706175,0,0.5
d74cbbd6-7a23-4522-8b95-9d5a977a4ecc.jpg,3.3162691579491366e-06,0,0.5
d7561df5-a93d-44fd-b297-602909466aed.jpg,1.909199454530608e-05,0,0.5
d7593d0b-ee7d-404a-bc86-9894fb90eaef.jpg,0.00016190110181923956,0,0.5
d75a483f-0996-4442-bba0-00af764eafb8.jpg,0.0276838056743145,0,0.5
d761649d-26c2-42d2-84ee-8e68bad16ee1.jpg,5.232351668382762e-06,0,0.5
d762bdcf-95fa-444c-89c5-ded048696416.jpg,1.303874199720667e-07,0,0.5
d764262d-9780-4a78-af38-e8b4784a7a82.jpg,4.0172983517550165e-07,0,0.5
d7674564-0cb9-487b-9a07-5bee2392f204.jpg,5.791372586827492e-06,0,0.5
d76aa897-e368-4785-9180-db83344cb191.jpg,0.0003438289859332144,0,0.5
d76e82a7-e6cf-4977-a1ce-2d4356ff3c79.jpg,0.00029575428925454617,0,0.5
d7775b92-90df-42f8-a77f-2c3ab4aeb5fd.jpg,3.070728382681409e-07,0,0.5
d779a246-a4a5-4a01-8555-6c84450804d8.jpg,0.06938355416059494,0,0.5
d77fa5e1-ed81-4d28-9724-6910ef9910cd.jpg,1.5958324439679927e-08,0,0.5
d782b6ff-2994-4919-a3cc-b9756f4584fc.jpg,0.26744070649147034,0,0.5
d786179e-8803-400e-baaf-f08e7f00255b.jpg,7.269513298524544e-05,0,0.5
d786bb6e-5e2c-4e4c-8c93-acad559e56b7.jpg,0.00010662521526683122,0,0.5
d786f149-c12d-478e-b9ab-c62bdfa54df8.jpg,0.000785159645602107,0,0.5
d7a2be00-cd47-4476-85e5-716087b20afa.jpg,0.00018139283929485828,0,0.5
d7a4b08c-3d28-4ef1-ae3a-b69a31ecda6e.jpg,5.867497020517476e-05,0,0.5
d7a6f8c9-1bc4-43a9-b837-b718f0471985.jpg,1.3143993783160113e-05,0,0.5
d7b441f5-184e-49db-bb53-abcd17ec65d2.jpg,1.7160493825940648e-06,0,0.5
d7bc4be0-592e-4d49-9a50-2af45b9f5fe2.jpg,1.71418193417594e-07,0,0.5
d7c8a26b-cb98-4c5a-8438-df322fa1f61d.jpg,0.0010825074277818203,0,0.5
d7ca7f3e-b8e8-4ed7-9c86-b0cfc10117ee.jpg,7.142882532207295e-05,0,0.5
d7d33c90-6679-4523-87d2-ae0653ec726c.jpg,1.3416049569059396e-06,0,0.5
d7db80ed-c31d-4643-9c48-f7a765249c74.jpg,6.582452624570578e-05,0,0.5
d7e4ab4e-bcfd-4de9-905e-a44daf26b575.jpg,0.013315478339791298,0,0.5
d7e81cde-21ec-4582-bb3e-20102753e56f.jpg,6.68421052978374e-05,0,0.5
d7ef871f-dc60-4305-a5c5-83e30cbdf8a1.jpg,0.014121823012828827,0,0.5
d7eff6c4-56c3-4d3b-a053-a88a5a1677bb.jpg,9.013350791065022e-06,0,0.5
d7f6ece1-6668-48ef-8f7a-5e964283455c.jpg,1.9977859722075664e-07,0,0.5
d7f733a6-d43f-4d2e-85bc-45d745cd3f36.jpg,0.002910669194534421,0,0.5
d7ff03af-07a1-441d-b8de-130e74c2bb51.jpg,8.701157639734447e-05,0,0.5
d7ff37f9-28f5-4d85-993f-622586865eac.jpg,3.0495261427176956e-08,0,0.5
d802e320-de30-436c-b229-153f070f6074.jpg,1.3845151158875524e-07,0,0.5
d8077890-8e39-493a-b818-d954db0526f0.jpg,0.05325177311897278,0,0.5
d808f298-f563-4b91-8693-adb023f46cdc.jpg,8.486273941343825e-07,0,0.5
d80c468c-6547-4494-affe-e3f4f5af9c6b.jpg,1.1685662002491881e-06,0,0.5
d81204eb-9e5a-43c4-b114-ea1fdc2e1263.jpg,1.8992810879581157e-08,0,0.5
d8143b6d-2f97-4d30-accb-ec4032bb5860.jpg,2.1209275655187376e-12,0,0.5
d8226b64-b3f9-4215-bb48-3a11016bea31.jpg,4.3351064960006624e-05,0,0.5
d8269f7e-dc5b-4a55-8d9a-229c980c84e4.jpg,1.476505584463439e-09,0,0.5
d82d108f-8c70-4106-bbd1-de7a356c36f0.jpg,0.00012906432675663382,0,0.5
d8318e2f-67bf-4dc4-8f60-a28ee71bde7d.jpg,0.0012505727354437113,0,0.5
d836af3a-8c87-4948-826d-a041cb99075e.jpg,9.235724292011582e-07,0,0.5
d83de725-f4f1-4352-b1f3-6505a412c8bc.jpg,4.513427853680696e-08,0,0.5
d83ecaf0-8d84-4423-ac44-0ffb4c61c62d.jpg,2.5212559648934985e-06,0,0.5
d8426aaf-f7d8-49d6-b07d-da369c0d13c1.jpg,0.00021997537987772375,0,0.5
d845a62b-c1d2-4cf0-b3b2-069e0ad418a2.jpg,0.0036713439039885998,0,0.5
d8476a4f-4cb0-455e-9beb-315fce61c98a.jpg,0.0001148096052929759,0,0.5
d84c8d6b-3a74-4297-bed0-c85f14596cac.jpg,0.0025632958859205246,0,0.5
d85904ad-b1b3-45dd-9ad7-53054e6cf7a1.jpg,1.6695885562967305e-07,0,0.5
d86952cb-6426-415e-98ed-0c97ed5c5b6e.jpg,4.2806535930139944e-05,0,0.5
d86e0913-9ce0-42a5-9ee3-21f7c3fc02c7.jpg,6.341556854749797e-06,0,0.5
d8762ff8-0777-44f5-9796-a04ac54527d7.jpg,4.189364062767709e-06,0,0.5
d879892d-a996-46b0-a422-bdd7af07871d.jpg,0.45244792103767395,0,0.5
d894a69b-6c8e-4faa-9839-cccb624c13bf.jpg,0.0009359911782667041,0,0.5
d899e91f-fcc9-4be1-b6b6-bf19b27616fe.jpg,0.1305897831916809,0,0.5
d8c17d97-838b-4a80-826b-a22b738fdf88.jpg,2.1953617761028e-05,0,0.5
d8c51b10-657c-4fe4-a5bf-e2640be580d3.jpg,0.39103683829307556,0,0.5
d8c7c8c8-c98c-4a4e-8a64-459c62630070.jpg,0.7751859426498413,1,0.5
d8cf5c7d-f28f-4fef-8e63-eb6f5c27f9a6.jpg,7.226223260659026e-06,0,0.5
d8d20f31-ced8-442d-bcfa-653f19bbf8ff.jpg,0.001883933786302805,0,0.5
d8dab4e1-293b-4814-b491-6580fc0d9b60.jpg,5.965422133158427e-06,0,0.5
d8dcd2cb-b019-4c97-b829-aa6fad1fd975.jpg,0.013304187916219234,0,0.5
d8dfc1aa-b9a3-4131-9797-d6ed6832755a.jpg,0.00014492399350274354,0,0.5
d8ec3458-88c8-4424-a565-e6a755186ba4.jpg,0.001948259538039565,0,0.5
d8fa9983-ac3e-49d8-9e26-3e9b2d936f0d.jpg,0.0012290768790990114,0,0.5
d9010882-4fbb-400c-aee9-b30d13b2f8db.jpg,1.2532450121074956e-12,0,0.5
d90231be-2dac-4ea1-93ed-6aa5ad1228e1.jpg,0.00012095951387891546,0,0.5
d9039f8b-5468-419c-8d9c-735b43fc382b.jpg,6.603498547974596e-08,0,0.5
d90fc1ce-10eb-4ca7-beca-80db87c36d5c.jpg,2.4755037884460762e-05,0,0.5
d91d2b1c-2262-415a-81a7-af708a54e765.jpg,1.3431953327369683e-08,0,0.5
d922e92e-87da-4149-9608-9c6028868845.jpg,7.029674634395633e-06,0,0.5
d9284c24-f576-428f-9be4-141703c20279.jpg,0.04767637327313423,0,0.5
d92cae60-cfd2-4c2f-8ac4-91f87652f885.jpg,0.002419334603473544,0,0.5
d936a46e-9b50-408a-a8e9-17da6eede3fc.jpg,0.005555504467338324,0,0.5
d93d4f51-6d4d-417d-9050-a6be927ae0bf.jpg,1.798539273067945e-08,0,0.5
d94879cd-76bf-46d9-91e6-25eb71a1115c.jpg,4.311437805881724e-05,0,0.5
d9533bd4-d886-47ec-aec3-92ecf50272a4.jpg,2.3512651381452088e-08,0,0.5
d95ee01a-85bc-4464-a128-18b0d2f70341.jpg,0.6621686220169067,1,0.5
d96559f6-3c7c-4f41-bf89-af73c2b7eac2.jpg,0.7303354740142822,1,0.5
d971f80c-3d63-473b-ba80-43c70e2e85ff.jpg,0.0018490877700969577,0,0.5
d974cd57-776d-4a50-9954-c6eedfc87f0e.jpg,4.2306801333324984e-05,0,0.5
d977d3b6-c5a9-45d6-8f7d-8627021f31fe.jpg,0.0005822153761982918,0,0.5
d987e748-5c63-4200-baad-2905cc601740.jpg,7.76700375126893e-08,0,0.5
d98dab53-2b1c-4a93-825d-aedf7fca7653.jpg,0.10564544051885605,0,0.5
d9909297-b5c8-4b92-8cc7-704ee48335e2.jpg,5.390489604906179e-06,0,0.5
d9956585-e840-46b7-bfcb-7c0ab90260d8.jpg,3.291141183581203e-05,0,0.5
d9994863-fe5b-4bea-a36b-506e336a3f4e.jpg,1.9780665752477944e-05,0,0.5
d99f993a-bda9-4167-9b89-f0f33798c54c.jpg,2.7313988539390266e-05,0,0.5
d99f9ecf-4e99-4c76-a15e-9eceac9b2cff.jpg,0.19884154200553894,0,0.5
d9a0bf62-5144-4348-8945-b411deb797bc.jpg,9.083956683753058e-06,0,0.5
d9a801ec-ee5f-4387-9333-0e6edec81c54.jpg,0.00042549276258796453,0,0.5
d9af1b74-e0d6-4f4f-93c1-44b0ed1fd43a.jpg,2.458216386003187e-07,0,0.5
d9b081a2-8f3b-42bf-80c7-309cc6ee84de.jpg,1.1302108759991825e-07,0,0.5
d9c2532f-bd15-4a9d-919f-d8c1593c65c7.jpg,0.005101294256746769,0,0.5
d9c53ebf-cda8-421f-b9eb-46dab8ac62a0.jpg,2.4168224754816947e-08,0,0.5
d9c82448-90b9-4c07-bbaf-eb6f5282f695.jpg,9.26881227769627e-07,0,0.5
d9caec6e-a4c1-43c1-a59b-e7375eaf32ae.jpg,0.579873263835907,1,0.5
d9d6448c-cf33-4220-a1f8-f4b42c959daa.jpg,3.725636188445236e-10,0,0.5
d9d7cfc7-010c-4874-afa0-77e1774ebb43.jpg,0.00259329448454082,0,0.5
d9e25c0e-d428-475c-a3b2-0021798c875e.jpg,0.0026648053899407387,0,0.5
d9fa8eb3-9d4d-493e-91ba-8458eb0b982b.jpg,1.249653332202616e-11,0,0.5
da057315-14aa-4983-b93d-b4c45344ec25.jpg,0.0018688463605940342,0,0.5
da0e24e9-a1aa-46a5-98e1-1380b824b44b.jpg,7.872222909099946e-07,0,0.5
da121a75-afb8-4b31-af35-8020577dccfe.jpg,1.3538273378799204e-05,0,0.5
da141256-c85b-4e4d-8ba7-07535af283d5.jpg,2.2363428797689267e-05,0,0.5
da15b110-b113-4f73-99f8-507f85de508c.jpg,0.0009641259093768895,0,0.5
da1aa23b-28f1-4351-896d-50a90b9edbf0.jpg,0.00043310225009918213,0,0.5
da26f69f-ffe5-4001-9356-0d4fccebecdc.jpg,2.8745880626956932e-05,0,0.5
da2a47cf-19c3-48d3-b937-2444569565e5.jpg,0.0002679507015272975,0,0.5
da3468e5-538e-4169-9204-5d594ba6d2d4.jpg,0.06770754605531693,0,0.5
da3d3077-b6db-4cba-82a0-b8a455f2cf4d.jpg,5.5858522252094645e-09,0,0.5
da43a55b-244b-4381-903b-1abc84732ebf.jpg,0.17471663653850555,0,0.5
da534c73-7bbb-44d5-8fbb-2a8310adb825.jpg,1.5639028788427822e-05,0,0.5
da622bd2-d437-4e5f-8c33-7f4f3911eea4.jpg,0.0005200079758651555,0,0.5
da6c8294-ab6b-4ce8-961a-f4cee4fde278.jpg,7.330432367780304e-07,0,0.5
da77a2b3-ab09-4580-ada7-a75f9417e286.jpg,0.0022777088452130556,0,0.5
da7f6c18-23d3-445d-885c-e2139c5b40dc.jpg,7.30364081391599e-06,0,0.5
da8d1998-26dd-4a48-a36f-6fd90096ebb9.jpg,0.06195885315537453,0,0.5
da964a0c-a183-41c1-817e-1b0161ffdc2e.jpg,0.00016195110219996423,0,0.5
da96c1e1-54ae-416e-8e99-83a00e6e7ddd.jpg,3.3246034814027325e-09,0,0.5
daa4f669-3a32-4147-9934-8aaaaf363790.jpg,2.0876434518868336e-06,0,0.5
daad4697-4935-4adb-ba05-ef1abfcf4fd1.jpg,0.21012942492961884,0,0.5
dab262b3-3343-499b-a327-98e6d1f35384.jpg,0.00014838956121820956,0,0.5
dab44c59-cb72-4b8c-945f-018921f058b9.jpg,1.910461122633933e-07,0,0.5
dab8b394-0c0b-424d-812d-ae4d4b473166.jpg,0.026820294559001923,0,0.5
dac2397e-8379-48c7-9d12-de640ed5c006.jpg,9.49246714299079e-06,0,0.5
dacaa98a-c014-428f-b6f7-4415c327c639.jpg,0.02181936427950859,0,0.5
dacfc470-14c9-4c0f-ac2c-e71c3b4573b0.jpg,3.8217207176671764e-10,0,0.5
dadadaec-23b5-4276-b380-443d585cd3cb.jpg,3.027762613783125e-05,0,0.5
dadd13c5-ac14-4ff6-aec9-3dd2df34f66e.jpg,2.0043557924509514e-06,0,0.5
dadd157f-513b-47de-b273-038bdf096a76.jpg,0.3924255073070526,0,0.5
dae03a4c-ea7d-4806-9cd9-fd0c15b2ab1b.jpg,0.713335394859314,1,0.5
daef3269-7a97-461c-b2c5-452deea135e6.jpg,2.011497417697683e-05,0,0.5
daf333c8-52e2-431f-ae58-8a1fa5feb8c0.jpg,0.012496300041675568,0,0.5
daf4acc9-058b-4ea8-80c3-d5a1d37dd0c6.jpg,2.545902316342108e-05,0,0.5
daf5342d-6c10-4a5c-b1ab-4fe9cefba605.jpg,1.5647243700386837e-12,0,0.5
daf5e07d-b9f0-47f3-9772-32b953c048c9.jpg,4.949196608095008e-09,0,0.5
dafc5b57-7868-4f71-b26e-577cdd88e587.jpg,1.9091419289907208e-06,0,0.5
daff85dc-5e3c-4d12-afcc-413500578268.jpg,7.054649309168326e-09,0,0.5
db06362c-93c6-4d3e-b935-5d460c1887b3.jpg,0.0730595737695694,0,0.5
db0a8116-f683-4236-9429-95dd79d3f9fc.jpg,2.8663259854511125e-07,0,0.5
db0a9f3b-71c6-459a-acd4-f8d769a04167.jpg,4.4438813739944294e-10,0,0.5
db0af9df-dda8-475d-9141-c32ca28debd0.jpg,0.0008246820652857423,0,0.5
db0e6648-0bad-46fc-b0fa-9615dd7137aa.jpg,2.6703602998168208e-05,0,0.5
db0fb00d-80c6-4e3a-8a36-6cab9c54a43c.jpg,1.1696662527427293e-09,0,0.5
db0fb204-b8a2-4a75-bd9a-3c28888ec812.jpg,0.13786950707435608,0,0.5
db11327a-dc90-44f0-8c9d-c8bcf09e7782.jpg,0.034453134983778,0,0.5
db1a54bc-e979-4c88-9ab2-7163b8f32cc6.jpg,2.4626146114314906e-05,0,0.5
db1a889b-3a57-4544-ae11-9338cc4a752d.jpg,6.976838449190836e-06,0,0.5
db1d3689-bdcb-4bc7-9d50-b87cbb049598.jpg,0.10545618832111359,0,0.5
db1f888f-f2b5-4678-a049-a93bce4e1744.jpg,3.693510564062308e-08,0,0.5
db2193db-e5e9-4886-8466-8731ad16794d.jpg,0.0028043307829648256,0,0.5
db21a735-5921-48cd-8ba8-ddd3ef7fc451.jpg,2.8898862183268648e-06,0,0.5
db22b502-318c-469b-b6fd-f643c20f5afa.jpg,1.5645521216356428e-06,0,0.5
db292cf7-8c37-425c-896f-efff839e1ea2.jpg,0.2803747355937958,0,0.5
db3a8909-4981-4576-9ae9-6b7b95913190.jpg,0.012880264781415462,0,0.5
db4ada47-4e09-4582-a732-398bb6c7786b.jpg,3.1578249036101624e-05,0,0.5
db4dd59a-57d7-4df7-a26c-a094717ca31b.jpg,0.005199053790420294,0,0.5
db4e3743-010c-4643-a9ba-4534792eee07.jpg,0.0019247037125751376,0,0.5
db6abd5a-01ad-4bc3-ae97-163f9bb76516.jpg,6.7351293182582594e-06,0,0.5
db6cc439-19e6-4833-93d8-969efe9b62bd.jpg,7.723798489678302e-07,0,0.5
db6e61ac-fcd9-4802-8f46-d827daf31266.jpg,1.0426540939079132e-05,0,0.5
db712917-ff66-4de5-9e2a-1e8e460fead7.jpg,1.6487183529534377e-05,0,0.5
db749250-e4d6-487f-8e5b-b80b6998144f.jpg,0.014190271496772766,0,0.5
db7a0b1a-7973-4a4a-8fcd-eb1401861cda.jpg,3.324402655380254e-07,0,0.5
db87d4e5-5c14-4e49-9b06-8feb07a38480.jpg,0.002090126508846879,0,0.5
db99e11f-0053-464c-a9ca-c8da00108885.jpg,5.164946742297616e-06,0,0.5
db9d9089-8d83-4e96-8795-df1fb64c6ab0.jpg,5.399504399150601e-09,0,0.5
dba562f7-1ed1-4959-bf4f-1fabb83bb2db.jpg,3.8969866977822676e-07,0,0.5
dbb0ea94-9902-4388-8d95-150301755365.jpg,0.2932994067668915,0,0.5
dbb5832b-6918-4c25-bfff-1b82cc1c048d.jpg,0.00020582127035595477,0,0.5
dbbec718-443e-427e-9e3b-442cfe435b25.jpg,5.246981960027597e-09,0,0.5
dbbfc631-e963-4028-b4aa-d318a465e2b5.jpg,1.7418202332919464e-05,0,0.5
dbc98de8-e317-4374-bb19-ebfccb52b02e.jpg,5.720212081783416e-10,0,0.5
dbd6ef88-7823-47fc-83d9-d407793355d8.jpg,2.2699095936218328e-08,0,0.5
dbdb96b2-acb1-46f7-b410-f78b05de8224.jpg,0.0029277410358190536,0,0.5
dbe3a031-ff9f-41ad-b830-c68cfc2925f8.jpg,1.0112621851021686e-09,0,0.5
dc082f66-4cf3-4fa5-b326-74a3a4af08ce.jpg,0.020538147538900375,0,0.5
dc09baa4-ca25-43b6-89f1-77564d15b48f.jpg,0.00029270705999806523,0,0.5
dc0bec51-51d3-4910-8a62-b043d52893d6.jpg,0.001048626028932631,0,0.5
dc0e03cd-649d-46e2-a047-34da9a154a1d.jpg,0.012396937236189842,0,0.5
dc13f091-d219-42ea-8e0c-56f3b3854d7b.jpg,0.014322495087981224,0,0.5
dc19dca9-6a5e-4900-86bf-b000ca869c68.jpg,2.722606404859107e-05,0,0.5
dc22dd64-ee49-4b45-a19a-2b3ce3118f1e.jpg,1.2891371997669765e-11,0,0.5
dc23e1a7-6f61-49eb-b0b6-001eba8180fe.jpg,0.3497928977012634,0,0.5
dc257a84-2f2c-476b-a045-f77d1ff72b47.jpg,0.38182371854782104,0,0.5
dc2d7f22-a540-44ec-9ddd-19d9ccb11ce2.jpg,0.4776930809020996,0,0.5
dc3910ca-362e-43b4-8a2a-83cdfabb712d.jpg,2.673843664524611e-05,0,0.5
dc4c1f34-dc45-4edb-ad9b-2cf6ef7784b4.jpg,3.936675057047978e-07,0,0.5
dc533164-701b-4ec7-91ca-ecd352e4a9fd.jpg,0.012570819817483425,0,0.5
dc5beba6-8f2a-4ee2-b5db-df5e02566245.jpg,1.3475467408596842e-09,0,0.5
dc67100a-fb71-4912-8a6d-faeb56f44969.jpg,0.00020178110571578145,0,0.5
dc6ce668-112a-40e8-b0ff-4fac38525150.jpg,6.686090792129562e-09,0,0.5
dc748ad9-e4d7-49cb-9b32-c51045abbd8d.jpg,0.035723764449357986,0,0.5
dc78ce19-ad90-44be-8c68-a4d0766f304d.jpg,1.0952342366365997e-09,0,0.5
dc79c8d9-35b0-4e89-9749-80e88ff362f7.jpg,0.006300425622612238,0,0.5
dc878583-847d-4b05-9ea8-29e2dba4b9e4.jpg,0.001113987760618329,0,0.5
dc9a84dd-e8fc-4dfb-8bbe-2fcfc1299834.jpg,0.006591617129743099,0,0.5
dc9d6206-33df-43f0-9273-347204a98a25.jpg,4.793966581928544e-05,0,0.5
dcb41f2f-b395-4f81-96f0-d4692745389d.jpg,9.06642242171074e-07,0,0.5
dcb67a49-eac9-455e-8379-8185368f2f8e.jpg,1.551084642414935e-05,0,0.5
dcc02328-0b15-45ad-9017-075925887c5f.jpg,0.00010730668145697564,0,0.5
dcc15cd7-e016-4fd2-ab14-39496f05a0ef.jpg,0.08852389454841614,0,0.5
dcc5c370-4db6-45ac-9668-af62f58db251.jpg,0.47678858041763306,0,0.5
dccc3f62-992c-41a1-a000-be15a1cc9531.jpg,3.454772740951739e-05,0,0.5
dccde64a-a6bd-4fc9-9089-036a99831711.jpg,0.001065688906237483,0,0.5
dcd10702-fc46-4c35-90e6-0e4f6034b565.jpg,3.953399385636658e-09,0,0.5
dcd23332-f6d2-4b84-9f60-c299542df350.jpg,3.195586396032013e-05,0,0.5
dcd4f877-e258-4667-94ea-6a9c9be3a9c2.jpg,3.664215242338287e-08,0,0.5
dcde9448-c6b5-47d4-b38e-719e76894775.jpg,0.00018691403965931386,0,0.5
dce4f517-2323-42cb-9a4b-ea90f0a72416.jpg,2.4655902208792213e-08,0,0.5
dce53e55-d33b-4d3b-8a79-76bba131c58d.jpg,3.0567239406309454e-08,0,0.5
dce7bd64-f831-41a0-9bf9-382ca09d67bd.jpg,2.3903055534901796e-06,0,0.5
dcea11ce-5b8c-4ea8-bb25-fb58d1575a7e.jpg,1.460630869587476e-06,0,0.5
dcf70fca-65ec-4ba3-99e8-0492033c332f.jpg,2.608308875551302e-07,0,0.5
dcfebbbd-f424-4d80-9828-7230da5dd5ed.jpg,2.1064817701699212e-05,0,0.5
dd0ac802-c55d-4297-9b3e-b11022c8fcf5.jpg,1.3118433344061486e-06,0,0.5
dd0bdb07-ed0b-4821-a7b5-1ba1d1d40906.jpg,3.5289860534248874e-05,0,0.5
dd0ca252-b020-41c8-ba4b-216c372223ef.jpg,0.013267556205391884,0,0.5
dd102a64-677f-4f1f-b382-f01f8a4cd22a.jpg,7.060890766297234e-06,0,0.5
dd127bbb-df7f-44c8-95ac-a6a7689d5d5b.jpg,0.5516944527626038,1,0.5
dd1f6eb5-23a7-47d2-88f3-eab84f9484a5.jpg,0.009657411836087704,0,0.5
dd276dc6-7e32-4469-ab64-d7152ddda9f4.jpg,1.623112325432885e-06,0,0.5
dd38f053-a6c4-4349-a3c3-d4d6cbd9f8ab.jpg,0.010604375042021275,0,0.5
dd45a8b5-2871-413f-9d2f-8630c23e8ddb.jpg,0.0005539488047361374,0,0.5
dd4cee22-732f-4f40-a786-d35dbbccc255.jpg,0.010940726846456528,0,0.5
dd51691d-1edd-4687-a150-9615bab02c1c.jpg,1.4013659122014133e-09,0,0.5
dd56d2c3-d519-493c-9b54-c160fd7b6bdf.jpg,2.349787791899871e-05,0,0.5
dd5ad616-4d24-4131-b854-9e6b36429a57.jpg,2.353528543608263e-05,0,0.5
dd5ee4ae-572f-44da-b5d3-6d1b7ee20068.jpg,0.04142167791724205,0,0.5
dd614ca8-6cb0-4ab5-a44f-0946e9536b37.jpg,0.0012006075121462345,0,0.5
dd6777b3-44f7-4a4a-957b-2e9120d20ef9.jpg,7.22657068734367e-14,0,0.5
dd687d22-fde6-4ff4-b935-524498a63abc.jpg,8.281328518933151e-06,0,0.5
dd69016b-900a-463d-847b-9d274cbd2f90.jpg,4.435105438460596e-08,0,0.5
dd6b0a55-b78c-41b2-aa0c-bceed6a77b97.jpg,0.00016478788165841252,0,0.5
dd6b78c1-3067-4393-99ff-68d30263c74e.jpg,0.0007526231347583234,0,0.5
dd6e7d14-98b2-43d4-9fa8-a1cb7e473b36.jpg,1.1876896905960166e-06,0,0.5
dd705096-0929-41ee-a3b7-5aaa07a473ea.jpg,0.9834164381027222,1,0.5
dd98568c-7c67-46ea-a8ec-1a519a6f3407.jpg,5.589009015238844e-05,0,0.5
dd9d9b70-fc52-481c-b761-cce9df160f41.jpg,4.046165031468263e-06,0,0.5
ddbce272-52dc-4c5b-bc4a-66d77e221efa.jpg,1.0874645340663847e-05,0,0.5
ddc18751-d7b4-489d-abb0-bfa21fe405fd.jpg,2.9587748940684833e-05,0,0.5
ddc4add9-d15b-43dc-b684-9c07826d4e87.jpg,0.009331905283033848,0,0.5
ddd8454a-bbae-4f15-8efa-66a9415ee453.jpg,1.0043430620498839e-07,0,0.5
dde111ae-2711-49a2-9d15-3c3e8778781f.jpg,0.0032076125498861074,0,0.5
dde12629-8ab1-44db-b8aa-2873536ee9b2.jpg,0.1285545527935028,0,0.5
dde2c000-e459-4a76-8057-e2ce4d6d1e6f.jpg,2.540557488828199e-07,0,0.5
dde9815e-df6b-42c8-990c-722f3e4e48a7.jpg,3.073409118314885e-07,0,0.5
dded1449-e0de-4a3d-aead-5f4dbab74295.jpg,0.018014894798398018,0,0.5
ddf1ff64-2ff3-4640-8546-b0b56e83bc6e.jpg,1.3418122080111061e-06,0,0.5
ddf26cad-8850-412c-8bcf-269d079bb4cf.jpg,9.750770191274682e-10,0,0.5
ddf60759-05d2-4ba7-8d45-17705417bb1f.jpg,0.004985916428267956,0,0.5
ddf9407f-85a2-49ac-ab9e-b3a290cebebe.jpg,3.027168204994268e-08,0,0.5
de02b862-ad2e-48aa-926e-cc05d2f192ca.jpg,4.890654599876143e-05,0,0.5
de0589b3-afba-4720-97fd-fbae381605e7.jpg,5.267104370432207e-07,0,0.5
de0800a1-7cb7-45c9-949d-a395872a9000.jpg,3.36012035972999e-08,0,0.5
de2f71ca-3022-4cce-a9b0-e9f6d215eab4.jpg,7.193521014414728e-05,0,0.5
de3c80bb-b48e-48c3-b7fb-eefa645305da.jpg,0.0013084461679682136,0,0.5
de3fe3a7-57ca-4813-9277-09f8d6ab28c7.jpg,0.0013706302270293236,0,0.5
de47c627-8671-4d97-a1f4-a954301c46cb.jpg,4.026690930913901e-06,0,0.5
de4811dd-e880-4bb0-b1d0-3acdc7fb6e33.jpg,0.15485480427742004,0,0.5
de4923d3-90b5-48ea-8313-2bc8113c8ec6.jpg,1.3248497452877928e-05,0,0.5
de499540-711d-497f-97fe-a0b4f73a65fd.jpg,0.02020108699798584,0,0.5
de56df75-0b53-4300-b831-6baa6e1b4efd.jpg,0.0009023232851177454,0,0.5
de5b32d5-1e7c-461e-b8fd-812386abdefd.jpg,0.0012629793491214514,0,0.5
de5b5fe8-022a-4966-8202-cdbec2273708.jpg,0.0006239479989744723,0,0.5
de65c790-6ec0-42a9-94a4-934017e15b0b.jpg,0.00010971783922286704,0,0.5
de6934e8-582d-4284-9023-04725d106fdc.jpg,0.2447458803653717,0,0.5
de739be1-ea80-415c-8081-5d6e4d4e97df.jpg,1.0773544723008399e-08,0,0.5
de7597e0-e7fa-46bf-bf47-ced1cc899ab1.jpg,7.091949250082052e-10,0,0.5
de817229-89b2-43ab-a83e-00a1f1b4eb3c.jpg,6.002150030326447e-07,0,0.5
de85f63b-bcf1-48c7-8cbf-98314d03d317.jpg,0.5581639409065247,1,0.5
de89cdaa-c27d-42c7-b489-3886c94257c8.jpg,0.6181343793869019,1,0.5
de8f1dd3-b08d-4834-bfc3-e2811349a4db.jpg,0.08826225250959396,0,0.5
de954075-81e0-4de8-907a-48694e386db0.jpg,8.663131666253321e-06,0,0.5
de981de0-2639-489d-8e98-50b0c633e988.jpg,0.03531602770090103,0,0.5
de9ad3a6-4ad0-480c-bd4e-0ec59cf82401.jpg,0.060082558542490005,0,0.5
dea6fd4f-d96b-499e-b38f-3c22cf668942.jpg,0.00029934680787846446,0,0.5
deac73ed-3a24-4d65-9e42-fd35d5d23459.jpg,0.021246768534183502,0,0.5
deae728a-097f-4842-8486-b813aad0bc9f.jpg,9.517293619865086e-08,0,0.5
deb1682e-f613-4dc5-9f7b-afb1efff59d1.jpg,1.5664288639527513e-06,0,0.5
deb310a8-5e26-410e-a008-881707a6c2e1.jpg,9.975851753551979e-07,0,0.5
deb48e3f-fc4d-45a3-b2c1-fb4a11fd4cff.jpg,0.0157034732401371,0,0.5
deb85983-b040-4bd2-903f-8eea7992542a.jpg,0.00041709819925017655,0,0.5
decf8098-f22b-4fff-b6de-2857ee93a03b.jpg,1.5318522628149367e-06,0,0.5
ded1e0bc-a6e5-4e54-ab95-92148cd823b4.jpg,8.999434066936374e-05,0,0.5
ded2e550-3def-4bc9-8955-acccb1257d24.jpg,1.0104836967173014e-08,0,0.5
ded5cf06-32b3-454f-b8f3-b862e6b579a5.jpg,7.468959478673654e-11,0,0.5
ded5e897-2e8c-4fd2-a9c3-c93a3e21d923.jpg,0.03332227095961571,0,0.5
ded878dc-5782-4919-b2fe-baf4cade259b.jpg,0.07270292937755585,0,0.5
dedbf621-3e02-45d9-a4b0-b68344526605.jpg,1.5705377970354206e-11,0,0.5
dedd0d7a-9c7d-4818-b3b8-584776a74046.jpg,1.3279286577017047e-05,0,0.5
dee258d1-f565-4a9b-ba10-ae329d07b2cd.jpg,0.0032765762880444527,0,0.5
dee6bac1-1b9b-494d-8ee5-39e8c2bc4b08.jpg,3.386926721304917e-07,0,0.5
deecc050-2347-4da1-ae68-800152fbecf9.jpg,0.04988554120063782,0,0.5
deef086d-68e7-469b-ac0b-bdd9b4c493cb.jpg,0.5210710167884827,1,0.5
def00fce-108d-4d36-927c-1e6952f41326.jpg,0.017868133261799812,0,0.5
defed938-c329-430b-895c-1e39e38ee2e7.jpg,4.948161063111911e-07,0,0.5
df002db9-e8e3-477e-8028-633c0459f66f.jpg,0.03617866337299347,0,0.5
df02c46d-02ea-40ef-aa5f-b40f4f899261.jpg,2.7195452556583177e-09,0,0.5
df07272f-56de-4c31-913a-272bc0410ffd.jpg,0.006882509216666222,0,0.5
df08449e-2f86-4a6f-87fe-0974c619765f.jpg,1.0198473319178447e-06,0,0.5
df250d2d-c98b-4615-b980-e0ee4809ba4d.jpg,2.0160191525064874e-06,0,0.5
df49876f-b57e-47a1-96b4-2c7e599be62d.jpg,1.2095462131878065e-10,0,0.5
df4bd87a-a6f1-4771-aa23-e72016305902.jpg,6.572561233042507e-07,0,0.5
df543b65-1ba5-4f61-9d8f-24cd42af656a.jpg,0.4134235978126526,0,0.5
df63adc8-6b9a-42eb-8a82-f4cfda1eec3b.jpg,0.0009997849119827151,0,0.5
df6e97cd-794b-40b1-92d4-89a6442d44f7.jpg,9.547493107220362e-08,0,0.5
df7263e7-5d50-49c5-ba46-9b3ad1794056.jpg,0.9962949156761169,1,0.5
df734afc-19f3-4c1c-8821-bf54cecda565.jpg,4.315356534334569e-07,0,0.5
df7871f2-9770-4a57-98c4-edac7d2ba73b.jpg,0.0007984518306329846,0,0.5
df7fecf1-fb68-426e-8223-e4d8999d4f73.jpg,0.00013362971367314458,0,0.5
df864673-7fe2-4f97-87a7-89fd95f3239e.jpg,9.965372555598151e-06,0,0.5
df868ab3-e660-470b-9fa6-8ea242d15220.jpg,0.010590330697596073,0,0.5
df89c2ee-9c2e-4974-b68a-60668ef259e0.jpg,0.012542304582893848,0,0.5
df96cd70-a104-4980-b6ab-5a03903428f4.jpg,3.876988046158658e-07,0,0.5
df9969ba-cabd-420f-b7ca-f23b17c27ba3.jpg,0.22203108668327332,0,0.5
df9a4d4c-9096-4c6c-b2da-364bf7cf09c9.jpg,5.540593406294647e-07,0,0.5
dfb066e0-bce6-48d5-a0f4-b16afea3697b.jpg,0.010870493948459625,0,0.5
dfb90b23-ec11-4441-8c6d-cabde89cefc8.jpg,0.0039046956226229668,0,0.5
dfc1e73a-963e-4f68-92c5-ff422d7a8869.jpg,0.00025556335458531976,0,0.5
dfcab6f8-4e3f-4e96-918b-2203361072f4.jpg,1.1640752745734062e-05,0,0.5
dfd16688-9f91-4ded-a6d8-bd3ce940b029.jpg,3.714027479873039e-05,0,0.5
dfd3b4dd-2439-4377-99f6-118023ecf03b.jpg,2.2776112018618733e-06,0,0.5
dfd4e49a-d424-4703-ae89-23a5f305e9d8.jpg,2.6233108130213623e-08,0,0.5
dfe3a03d-5297-48e7-8331-0140a86402f0.jpg,1.513767415417533e-06,0,0.5
dfe3cbe3-86a8-488d-96cf-26c215a9e638.jpg,0.018567534163594246,0,0.5
dfe934a5-7016-4768-b7d3-c9a36ec6c7ba.jpg,0.0008755886810831726,0,0.5
dff0ad9e-630c-444d-a92c-3244b1583a94.jpg,0.09725818783044815,0,0.5
dff48612-df24-4b7b-9fd9-8590230552fb.jpg,8.633697143523023e-05,0,0.5
dff6dc10-3eed-478b-95a8-31c3979ba114.jpg,0.0077981892973184586,0,0.5
dff83156-482d-4504-8609-59c73a8232b8.jpg,8.739631311982521e-07,0,0.5
dff83561-57bb-47c2-82ab-ba5ab40580c0.jpg,0.020041808485984802,0,0.5
dffeed09-77e4-4d41-975c-6487d013f6af.jpg,0.000355487602064386,0,0.5
e0010728-d1a2-4f6e-b9d1-b34683d7042b.jpg,9.427590441646316e-08,0,0.5
e004ba5c-c67c-4d2a-b62e-635902fecb88.jpg,1.5324499447189055e-09,0,0.5
e00efba7-368d-4638-b866-23890c49d24a.jpg,3.554689328666427e-06,0,0.5
e00fa10e-a071-47e1-8400-227c7ae185c3.jpg,0.014936109073460102,0,0.5
e016ea0f-a139-4e9b-a733-4cd59beb3503.jpg,0.054484739899635315,0,0.5
e023385a-6deb-4bfb-b7e9-4e1ae105a2f0.jpg,9.131398428507964e-07,0,0.5
e0327759-a9ee-4d0c-96d1-2b460acf8cd6.jpg,1.2053248610754963e-05,0,0.5
e032b638-11d1-4092-a2a2-169de60ee91b.jpg,0.0019755710382014513,0,0.5
e0382afa-9abc-42fb-a751-79e0f743f999.jpg,0.11546315997838974,0,0.5
e03a207f-6890-4bc5-9f8c-e9800a30dde1.jpg,0.0002946041349787265,0,0.5
e03d27ea-352a-4cef-bd44-d84119f93619.jpg,1.5530459904766758e-06,0,0.5
e03e2f60-99fe-401c-8e1b-348ec36bf934.jpg,0.1988641619682312,0,0.5
e04c57ec-ed82-40ff-80f8-45437e5fced2.jpg,5.571274996896136e-09,0,0.5
e04df90f-9a89-46ef-81da-821aec6c1179.jpg,0.003581030759960413,0,0.5
e04fed14-40a7-40c5-ab7f-8c393bcf7061.jpg,2.577702616690658e-06,0,0.5
e05349a2-ee47-4b37-a3ac-9a07a983d1da.jpg,0.5345366597175598,1,0.5
e0537d5b-a5af-45b3-8818-b10ae1e94e90.jpg,0.001278076902963221,0,0.5
e0626674-71e1-4c55-bceb-dbe2f6b4513b.jpg,6.339942046906799e-06,0,0.5
e067f515-e5d8-4ed5-9ddf-36e644eaa661.jpg,5.676255386788398e-05,0,0.5
e071b332-051d-4e7b-b6e6-86e6258df0f2.jpg,8.952353832206161e-13,0,0.5
e078255e-3735-4d47-9394-7d65147c1c11.jpg,5.275927037473593e-07,0,0.5
e07c448a-2dbb-47d8-8e4a-a141fdc6f734.jpg,0.000421961274696514,0,0.5
e07de850-fd60-4101-9e33-6c3849c812cf.jpg,2.2154085854708683e-07,0,0.5
e081b868-52b2-4ad8-8bd7-acb873bc9089.jpg,0.0002582983288448304,0,0.5
e0900d2b-7019-4122-8232-010d61e9d9b4.jpg,5.573526141233742e-05,0,0.5
e099b4a7-88dc-4396-8e9a-c63b3e46cc4d.jpg,0.0003585403610486537,0,0.5
e0aa3cdd-647a-43b8-80f2-ddb0e862e2b7.jpg,3.303905759821646e-05,0,0.5
e0b23d4c-f674-4b9d-9d3d-84fbbe3ec3b9.jpg,0.9937530159950256,1,0.5
e0bd9ee0-9851-44cc-ba3d-efc8c035b11f.jpg,0.005943195428699255,0,0.5
e0c48b1a-8863-4a09-a049-ece09a116f6c.jpg,0.00186245481017977,0,0.5
e0d3c1de-ed7f-476b-afad-84c5686c6f20.jpg,0.00028493624995462596,0,0.5
e0dac18e-6839-4fe3-8fb3-bc880c90a0b6.jpg,0.006452683359384537,0,0.5
e0e39edf-4b40-4fb5-9af6-f37b5a367474.jpg,0.00042171296081505716,0,0.5
e0e7c0ee-e9ea-47ea-b6c0-cd2a3706c7b1.jpg,1.8753233234747313e-05,0,0.5
e0f562fb-172a-40e2-87df-8a31e4256245.jpg,1.610575600352604e-05,0,0.5
e1125d77-0208-4a50-89fa-c4176f2af4b2.jpg,6.39362178844749e-06,0,0.5
e12a0895-fe88-4c13-9c12-f89b8b3e54c6.jpg,9.429323836229742e-05,0,0.5
e1338613-090a-4250-abbc-a2c05df2fde3.jpg,0.0031955393496900797,0,0.5
e14869c5-d2ce-47f1-82c6-b13b2c137e6d.jpg,1.595608591742348e-05,0,0.5
e150fa16-5e60-42dc-b363-a5f3179187e8.jpg,6.305451279331464e-06,0,0.5
e151bc17-4dc8-495c-b96f-e9fdb5515ccc.jpg,2.756282535543164e-09,0,0.5
e172e554-3887-495e-952f-09c1b170e214.jpg,0.00011450629972387105,0,0.5
e173d77f-c0a8-459b-a113-a76beb5c3d3a.jpg,0.9648998975753784,1,0.5
e17b20a9-3a6a-425d-b4fc-913091382ab6.jpg,0.00014755553274881095,0,0.5
e18d04c2-d96e-4fb4-b111-918063e5d59f.jpg,3.208311341040826e-07,0,0.5
e19c9323-6dfe-4f15-b13a-feab31438a24.jpg,0.02619929611682892,0,0.5
e1ac8b89-892b-4634-9338-622ddb11e258.jpg,3.975609433837235e-05,0,0.5
e1af48d8-9695-4531-befe-5ee623a5b773.jpg,0.00019762829469982535,0,0.5
e1c15c3c-4b17-44a0-b12c-4f2cdc4e2e05.jpg,2.1220948838163167e-06,0,0.5
e1c876af-b2fb-476b-a8b6-52b6ac914edc.jpg,0.08217231184244156,0,0.5
e1c9cb83-29e8-4deb-a5e3-bc2784d7d439.jpg,0.2407434582710266,0,0.5
e1d3d61a-e957-438c-8a51-18474d6208cd.jpg,1.8301865623016056e-07,0,0.5
e1e658e8-165a-4a36-8115-4577f30cacf3.jpg,0.00015725518460385501,0,0.5
e1e6a3ae-fbde-4ba3-b65b-ac8aa1c1626e.jpg,2.951814614959858e-08,0,0.5
e1eb81b9-192e-4aea-93c3-7b626c16ed66.jpg,0.00035270449006929994,0,0.5
e1ee3426-571e-4ca6-8012-611f88d1feeb.jpg,1.0689483076475881e-07,0,0.5
e1eeaaa2-3ff7-471b-ace2-840935c4edcb.jpg,5.106099010276921e-08,0,0.5
e1fdf9fe-678a-4d9d-a234-3166df4128e7.jpg,0.0003657904453575611,0,0.5
e206d792-43d2-463f-8432-5585ee0a90f1.jpg,0.00024179925094358623,0,0.5
e221e6c4-3107-4b3d-9bbc-afb8687b239a.jpg,6.168775144033134e-06,0,0.5
e2233161-0255-457a-9399-7770bd78a86d.jpg,6.500263407360762e-05,0,0.5
e22a2d9d-9388-4d87-89a5-3f1e0c77bd29.jpg,0.0753912553191185,0,0.5
e22a6d8f-9f4c-4868-85f2-f96ed0996fd7.jpg,3.876062692143023e-06,0,0.5
e22e0790-e7b8-4e13-9a1e-88d27738c565.jpg,0.00015342261758632958,0,0.5
e23122be-6323-4c18-afdf-7b71786a3440.jpg,2.788579644974476e-10,0,0.5
e249598e-296d-4bfa-b930-5af9f4a2a1db.jpg,2.0591708960182586e-07,0,0.5
e24971a2-6bee-4d25-a509-b0b9d9dcf337.jpg,0.00010814315464813262,0,0.5
e24dd445-e8c9-4b70-83df-03c4253f8b35.jpg,0.10879220068454742,0,0.5
e260534d-12cd-4cc3-b795-14e8ba77dcb5.jpg,0.0003610227140597999,0,0.5
e26995f1-9b45-4997-a8af-ed223a889925.jpg,1.0184034948679255e-07,0,0.5
e26a8918-cb3f-4874-bee0-ec60f693ec28.jpg,0.8198274970054626,1,0.5
e2726335-8029-41c3-bcd8-117df20705e8.jpg,3.580105840228498e-05,0,0.5
e272ed2f-9c55-4ca4-8159-e0603458d8f4.jpg,6.915664562257007e-05,0,0.5
e2771ea9-d9bf-43b4-8f2e-64ed8f76163d.jpg,0.0013722680741921067,0,0.5
e27fa3de-a695-4c14-99da-3fdb51986aba.jpg,0.03198211267590523,0,0.5
e2847368-8dbd-4d1b-9e87-7cbef7d92c77.jpg,0.48666465282440186,0,0.5
e28887ee-13f2-47f2-8917-58a15b9f91f1.jpg,0.0001123198599088937,0,0.5
e28d0c32-d931-4184-b66d-bd036f1fcd4a.jpg,0.0017026535933837295,0,0.5
e29dba07-d569-47e5-a576-a1a14a919f32.jpg,5.517771342056221e-07,0,0.5
e2a9efa3-1b89-45de-a133-dcf7b72c63f4.jpg,7.101493247319013e-05,0,0.5
e2ae82d2-4e4d-4f6c-b812-7c7feffcc044.jpg,0.0002577856066636741,0,0.5
e2af8881-7f20-4ff7-99af-0db09467d96e.jpg,1.4780850960960379e-06,0,0.5
e2b85b93-25ea-4774-997b-af640cf891e3.jpg,0.0009240980725735426,0,0.5
e2bdaf09-e6d8-4339-b5a3-fe401bd4382f.jpg,0.007768441457301378,0,0.5
e2be82fc-387c-479e-ab26-8728b574dd72.jpg,0.00036222970811650157,0,0.5
e2c5984d-784d-4d3b-8c6f-3c079699778d.jpg,7.090047802194022e-07,0,0.5
e2c7353a-d7b8-4b2b-8294-f0d92614276e.jpg,7.845974536735412e-09,0,0.5
e2cfdfde-45de-48ea-94f8-0af524ab4d1a.jpg,0.5842605233192444,1,0.5
e2d52592-56d4-4e16-b6e7-666ed5858c8b.jpg,0.18534938991069794,0,0.5
e2db6115-2dcb-4786-ad34-3733594b50c3.jpg,6.396059006874566e-07,0,0.5
e2dc94ae-ba98-48cb-83eb-4a7447197640.jpg,0.9158360958099365,1,0.5
e2e29082-40fa-4c65-9cd1-2d358e7525b0.jpg,0.00832961592823267,0,0.5
e2e686cb-52b0-47bf-ad35-79c20a1585e8.jpg,0.000504456867929548,0,0.5
e2e80645-e3ad-4532-8ae8-7dae8ec93a9b.jpg,1.6303354186675278e-06,0,0.5
e2e999a1-4614-4fa4-ab06-c4b3d9e833d3.jpg,0.00040249445009976625,0,0.5
e2ec8605-f364-40b9-a566-a8becdab3b2f.jpg,2.487821859631367e-07,0,0.5
e2f196ee-0414-4a3f-80dd-b72e6f55a43c.jpg,0.4994680881500244,0,0.5
e2f5e28e-bf63-4c83-88a5-bda1dd76f9b8.jpg,1.030925773193303e-06,0,0.5
e2f5e9ed-3cc5-4e4d-991a-d5129970f58c.jpg,4.6117056626826525e-05,0,0.5
e2f97a1d-bbff-420d-8325-f10f0efedd6d.jpg,0.003794613992795348,0,0.5
e2fac043-f902-40e5-a4c8-755413b6721c.jpg,5.048853381595109e-06,0,0.5
e2fbcd12-e9c4-416b-80b5-ab7da7df91d4.jpg,1.6939740817178972e-05,0,0.5
e2fc7407-5078-4b1d-a12b-e5c9726524c3.jpg,0.3096854090690613,0,0.5
e2fde3a8-604a-4723-b189-61e11d3d2317.jpg,0.004566867835819721,0,0.5
e307023c-33e0-4281-a189-c9c4599a0a02.jpg,5.258829696686007e-05,0,0.5
e30d35dd-c19b-4d74-a867-16ac6626e59b.jpg,6.919569568708539e-05,0,0.5
e310e1e5-7500-49bb-95f2-926565d4bd77.jpg,0.012646849267184734,0,0.5
e325a079-9728-4c96-a4f0-3850d28962d1.jpg,0.04382553696632385,0,0.5
e328bf62-dd60-450e-95b7-d3798b7da0ba.jpg,0.00014673598343506455,0,0.5
e32e4013-57fb-4f3b-bebd-a111520c6118.jpg,0.0014164518797770143,0,0.5
e338dec0-f483-4184-91a7-2793e486f96a.jpg,1.5920192026896984e-06,0,0.5
e3399d06-10d3-449b-8acc-7816add7cd8f.jpg,8.533147521916362e-09,0,0.5
e35880ef-08d8-4d08-b32b-2fa504a7e3f9.jpg,0.07060130685567856,0,0.5
e3618e84-69f8-4c9d-8568-b5419dfb1658.jpg,0.03342330828309059,0,0.5
e369464b-7909-42fd-b4cb-bf0786a15473.jpg,8.301357593154535e-05,0,0.5
e36add69-8bef-4c35-9de3-5f9d1cc09632.jpg,0.015517388470470905,0,0.5
e3713cc3-83f4-4578-834e-6643638abd81.jpg,0.004399461671710014,0,0.5
e38c7e4d-60a2-47e9-a0e9-5fb4c1ec336e.jpg,0.03754427656531334,0,0.5
e39e07a8-21d7-45fd-9a5d-bc430ddf48ac.jpg,4.4442887883633375e-05,0,0.5
e3ae842a-cec6-454c-aaa8-b8f5821fbf10.jpg,5.759981718256313e-07,0,0.5
e3b06475-bce7-41f8-9896-4e177d00d36e.jpg,0.008976512588560581,0,0.5
e3b82be9-1a98-4a9e-9318-ab460025f854.jpg,0.021408075466752052,0,0.5
e3b86aec-3e32-430d-9b17-5ab448c5263e.jpg,3.1176418815448415e-06,0,0.5
e3b8d126-2bc9-4f93-aebf-202e3502c1f6.jpg,1.1004477755705011e-06,0,0.5
e3b961b3-a177-4c7c-8709-c9afb6e636fe.jpg,2.3704735951923794e-09,0,0.5
e3ba53ac-b727-4f66-bb3b-dc9fa0fb2ead.jpg,0.0003074310370720923,0,0.5
e3bc9ca9-5f38-4a73-adea-4954dbb21f09.jpg,4.78344327348168e-06,0,0.5
e3c54ca6-0ed7-4f13-8f90-7026ecfb78ee.jpg,0.001821810845285654,0,0.5
e3d07511-2476-4045-86c1-4bac09290691.jpg,1.7741646374247466e-08,0,0.5
e3d40e99-5fc9-4dbd-b6e2-b3ec361db20e.jpg,1.3395373571256641e-05,0,0.5
e3dfd72a-fd81-4a12-965f-1675f95cf2e2.jpg,9.19567269552779e-11,0,0.5
e3e513f0-7c4d-4806-8b9d-4f6cdfdfeea3.jpg,0.0010717593831941485,0,0.5
e3e52b36-46a7-4de2-a748-2ea3bc724de9.jpg,0.6699676513671875,1,0.5
e3e7e7c9-a261-470b-b632-a089b62bd121.jpg,0.00014803596423007548,0,0.5
e3ea3b41-b9d9-4aa1-9bb2-e0374d04c184.jpg,8.580559374138375e-09,0,0.5
e3ec22a9-4ef7-4eb8-9c0f-c568bece968a.jpg,0.026358194649219513,0,0.5
e3ec9099-4adc-49d3-b22e-ec30f4735ed7.jpg,0.0026510946918278933,0,0.5
e3fa5727-1aea-4f6e-93c0-1c6a6afaf5a3.jpg,1.1308102898510697e-07,0,0.5
e3fe7ff4-5fee-4693-b3ac-17e5645986c4.jpg,0.00015742424875497818,0,0.5
e4052c85-6b86-4375-bbeb-5e7e4048362d.jpg,0.0011127075413241982,0,0.5
e418b876-a73f-4730-a263-ef32649fbcdb.jpg,0.0031607632990926504,0,0.5
e419e5e5-f698-499a-a346-83f84ffc39b5.jpg,0.4002807140350342,0,0.5
e41c286c-dd64-4e0f-99a9-0c86dc1a6773.jpg,3.376803215360269e-05,0,0.5
e41e3a90-70e9-4351-8ce5-e2967e58b895.jpg,7.518602069467306e-05,0,0.5
e41ec26d-43d0-4e64-8b58-50cb13516b24.jpg,3.185457899235189e-05,0,0.5
e4218496-34dc-4749-b14a-cdda75fd236a.jpg,0.07286582887172699,0,0.5
e4272da2-1e51-45c5-b833-282caa676291.jpg,0.3661244213581085,0,0.5
e43b8022-80ee-4a9e-9de3-79624ad458f1.jpg,0.06985984742641449,0,0.5
e43ea26f-654b-4e56-b6a2-948a0bc4af81.jpg,4.267540099078815e-09,0,0.5
e447686c-dd9c-4360-9c56-2d50da9e74de.jpg,1.6851073487977875e-12,0,0.5
e44c6581-733e-4e3c-9b26-d5b45cef0988.jpg,0.0025194224435836077,0,0.5
e44f8072-de57-4a03-993a-f89fab46fbdc.jpg,0.00011889133020304143,0,0.5
e4523ea4-6245-49b3-9887-b6333922f651.jpg,0.0001828276290325448,0,0.5
e4697106-36de-46bb-94bb-e106d96cba10.jpg,0.33705806732177734,0,0.5
e46af5cc-2840-4efd-98c5-04cbce986564.jpg,3.401829599170014e-05,0,0.5
e470febd-ca14-47c5-9eaf-f69007dc23a9.jpg,0.0014272057451307774,0,0.5
e47968dd-be1c-4b4d-aa36-30f271b728e9.jpg,1.8144547766496544e-06,0,0.5
e4858e8f-41a6-4f70-a97c-7ebec9264359.jpg,3.5818245578411734e-06,0,0.5
e495f98c-6f92-42ee-b7f5-d541dd2bfec1.jpg,0.01183527335524559,0,0.5
e49658c5-ba5d-4b7e-b9df-734266b95cdb.jpg,0.000230453530093655,0,0.5
e497d2aa-1292-409a-b438-29653a2523b0.jpg,0.006424744613468647,0,0.5
e4a2fcef-0771-42d5-b1a6-4de9299f6464.jpg,1.8585269572213292e-05,0,0.5
e4a3f6ce-f57f-46c4-a8c1-0a01861caa8f.jpg,0.0001790976239135489,0,0.5
e4b57ca9-9d4b-45fb-b940-a7533fb4bc62.jpg,1.1480840385047486e-06,0,0.5
e4b5f4cf-36e8-4078-85bf-32d0a09277b5.jpg,1.8323600969871734e-10,0,0.5
e4b75930-d1ab-4420-9cd5-5ef99b4b0e38.jpg,2.8066991944797337e-05,0,0.5
e4bd67e6-f79f-419b-a85e-576fed706e23.jpg,6.962673796806484e-05,0,0.5
e4c1505f-786c-40ed-a92e-8fa5bbe029da.jpg,6.345638394122943e-05,0,0.5
e4c5a47d-31bc-46e9-9f33-4d5c706356d5.jpg,1.0146988643100485e-05,0,0.5
e4d29f40-9672-40d2-a5de-0a9507fa8c03.jpg,3.0352484259310586e-07,0,0.5
e4dd70a5-303d-4e73-addb-39ece6a8c1ba.jpg,9.421541471965611e-05,0,0.5
e4df1507-90f3-48c1-a910-46e4ce2f566b.jpg,0.00022461116896010935,0,0.5
e4df41e2-a6cb-42f2-9f96-84950a05ba81.jpg,1.8442819964548107e-06,0,0.5
e4e0c765-af80-4ac1-a7a8-cc2e7c3872e7.jpg,6.8015215219929814e-06,0,0.5
e4e1ed69-8722-4bd1-94c9-48d753a0ce69.jpg,4.2627103624681695e-08,0,0.5
e4e86826-3422-4ac9-b9bb-b4bfec096fd6.jpg,0.0002388316352153197,0,0.5
e4e90819-5be0-4503-a3ed-1184cbc0f2d8.jpg,1.0888499673455954e-05,0,0.5
e5055044-7a42-499a-9fce-79ea6b153877.jpg,0.0018075213301926851,0,0.5
e511dfe9-d874-41b0-9e85-ae5e0281df3f.jpg,3.780988117796369e-05,0,0.5
e5145cc5-99cc-40e3-bb34-efc158b8d92f.jpg,0.0006064717890694737,0,0.5
e514e4bd-562d-4ba3-b510-a4b239a6f1f6.jpg,0.0002385141997365281,0,0.5
e5190993-05ce-49e1-aedb-8a652bbd05c6.jpg,0.008218923583626747,0,0.5
e522f40e-bfbe-4e8b-8f40-8fa9038f2153.jpg,0.36847996711730957,0,0.5
e52797e2-6684-41df-aae9-f62ddb490588.jpg,0.001100897672586143,0,0.5
e527b3bd-c29b-4791-9e14-de56d2785813.jpg,0.0018519485602155328,0,0.5
e528719b-b265-46b9-af2d-79d82a0eeaef.jpg,3.610750587412781e-09,0,0.5
e53f5e49-b65e-4d58-ace8-b28c226aad16.jpg,0.001217057928442955,0,0.5
e54312e9-2454-4dc4-914e-4ca6811940c4.jpg,0.0002333587035536766,0,0.5
e54c52f2-d9e3-4fa5-88e1-e3c245604671.jpg,0.0002399699587840587,0,0.5
e54f6b0b-2cf6-4ec4-bb4e-d42172eeb09f.jpg,1.9207398733035556e-14,0,0.5
e555ded0-3652-47d0-9eee-6bbc69598357.jpg,0.002795114414766431,0,0.5
e5598390-3d5d-477b-b882-34bc4259c007.jpg,1.4682298115076264e-06,0,0.5
e55a301c-68db-42db-9f79-6400ec1ce2a5.jpg,0.0007670785998925567,0,0.5
e56f0195-bac3-4620-b4a6-322011e3aa48.jpg,1.6094638340291567e-05,0,0.5
e572ed1d-68e8-43cb-99b4-2581b63702d6.jpg,0.021957892924547195,0,0.5
e58a9fa8-0234-4149-86c8-b611a2271c1f.jpg,0.00876554660499096,0,0.5
e5a614a1-f431-4878-8df3-909c7d8c639b.jpg,7.951835868880153e-06,0,0.5
e5c1c6d0-dabb-4d51-b31e-1d4380f4e6ca.jpg,0.0015080106677487493,0,0.5
e5c44075-f26c-42ec-bd89-5d0883622b56.jpg,2.163198359994567e-06,0,0.5
e5cf92d0-207e-4897-a921-eb7edf5ff31d.jpg,2.2539685232914053e-05,0,0.5
e5d7a6be-5a5a-4edf-b8db-13548cec5f59.jpg,3.6295894290105934e-08,0,0.5
e5dae117-d1c6-40e9-92bf-5fba35ecbdb0.jpg,7.747964769766469e-11,0,0.5
e5db0a23-2594-4bad-a197-bb1caf041fb0.jpg,1.6598027059444576e-06,0,0.5
e5dba1e3-27ee-416b-86da-b78e504ff9f8.jpg,4.474603883863892e-06,0,0.5
e5de2101-645d-4d2d-9c32-381c21535e02.jpg,0.00038735498674213886,0,0.5
e5dfb19e-8db1-4185-ac8e-34a1c60f6bac.jpg,3.4652224712772295e-05,0,0.5
e5ea693d-0d49-48f7-9754-ce75b6dd97ef.jpg,1.9898956452379934e-05,0,0.5
e5ede7b4-de27-4074-b817-de7a942d0a92.jpg,0.05988537147641182,0,0.5
e5ee862f-9aae-4537-b67b-142a7d963110.jpg,0.00020251507521606982,0,0.5
e5f216ea-b557-4b60-9452-983e3ef1b60b.jpg,0.00014233369438443333,0,0.5
e5f30735-a063-4efc-9b4e-7ed9bdb7e938.jpg,0.00013114529429003596,0,0.5
e62b2576-6ee0-44c2-9717-eb82c2024649.jpg,0.0010431294795125723,0,0.5
e62c3603-91b0-479c-91c0-34d4abbee7a4.jpg,0.3434062600135803,0,0.5
e633a448-7755-49bf-925c-97a41119e61b.jpg,1.0120104434463428e-06,0,0.5
e639d660-13ac-455b-a88d-5a5bce28f029.jpg,0.00032491996535100043,0,0.5
e63c7975-c523-45c9-aa1a-0ff2a19a2793.jpg,0.015758248046040535,0,0.5
e645b28c-fbff-4dd3-b046-069fbb5c272c.jpg,1.296196842304198e-05,0,0.5
e65568e5-55f6-43a4-9b9d-da87df8fa806.jpg,0.0001652988576097414,0,0.5
e661738a-8120-4efb-974b-0c00a9664013.jpg,9.813318320084363e-05,0,0.5
e6658c17-7318-435e-9de3-647a75f1f071.jpg,2.0523202692857012e-08,0,0.5
e6686c28-4c7c-4452-a51d-091813d97d09.jpg,3.960635694966186e-06,0,0.5
e668ac49-e658-4378-80cc-7e64dcd10e48.jpg,0.0006643339293077588,0,0.5
e66be8c3-ed67-4674-8242-cbbe6601c4c4.jpg,9.303553760720007e-11,0,0.5
e670ddcf-55a8-41f1-8cff-b20518fcc293.jpg,0.0002461089170537889,0,0.5
e672edc9-e599-485f-ac8e-9e4cfd0ce2fd.jpg,0.0009659832576289773,0,0.5
e672fd56-205b-4854-b32e-ac07221def0e.jpg,1.2851163546656608e-06,0,0.5
e678ec2e-a446-47a2-823f-aebe2b9273c0.jpg,2.0417296582309064e-06,0,0.5
e68427b3-780c-4717-9948-1de147ea97b3.jpg,9.256505109078716e-06,0,0.5
e68a58a7-8455-4640-9693-d4a9625d1fc3.jpg,0.0035659351851791143,0,0.5
e69ae556-610e-4a0d-af5f-de51fa8dd69f.jpg,0.03124789521098137,0,0.5
e69bbb14-ee46-46e2-9035-56010d66aa99.jpg,1.5207909882519743e-06,0,0.5
e69d9f97-f234-4ac8-a9e9-7eaa966a540e.jpg,3.350214399233664e-07,0,0.5
e6ada6b6-e075-41b7-8b9c-20191cd35d07.jpg,6.685877906420501e-06,0,0.5
e6bd23ad-29be-405e-be20-483d7bd0e341.jpg,0.001093869679607451,0,0.5
e6bff593-f2ea-49c4-9c08-c89b65a8839b.jpg,7.499498678953387e-06,0,0.5
e6c00973-f73d-4828-8367-a8e2cd0d6150.jpg,0.00200416287407279,0,0.5
e6c83f37-1be0-46d3-ac6a-d62864ddac69.jpg,0.022395582869648933,0,0.5
e6ce0f7a-8e56-4183-8da9-14efadc39b6d.jpg,7.194009832289794e-09,0,0.5
e6d3423b-73fe-45f6-8f1c-1e3609a15bb8.jpg,0.25588950514793396,0,0.5
e6d89b81-ea45-45c5-9251-4d56550e59d3.jpg,5.266215339361224e-07,0,0.5
e6dc3c74-3661-4a9c-bb3c-ad28e1abbe8c.jpg,0.00011590210488066077,0,0.5
e6de32f7-5d77-4d65-8151-dc2954b6e61a.jpg,0.0552525632083416,0,0.5
e6e362de-a941-4157-bea8-cbde7f1f8d6c.jpg,6.64807445205362e-11,0,0.5
e6e4d607-aad8-48a7-af77-f049012c27d4.jpg,7.699706427999331e-10,0,0.5
e6e73bbf-7c44-4ef3-aa34-136628917b18.jpg,0.0003401279973331839,0,0.5
e6f2ec94-ff72-4df0-8b09-fb7d787c0c84.jpg,1.2242357115610503e-05,0,0.5
e713ce3b-32f3-4d90-a62a-4b6efdfd0bdd.jpg,2.1847695563792513e-07,0,0.5
e723a836-f4b4-437d-bf65-0389aa087126.jpg,0.003572599496692419,0,0.5
e733b023-4d6e-4601-80ee-a15bb2fddcb7.jpg,2.9758057351614298e-08,0,0.5
e733ece4-b52a-4e13-9b4e-58507f0d102c.jpg,0.009589613415300846,0,0.5
e73f115b-add0-47ec-ba67-8ba907db5e25.jpg,0.0016224790597334504,0,0.5
e74644fa-8997-4329-b35a-4d3a8c072de7.jpg,3.514008639626809e-08,0,0.5
e7467d25-1c70-4412-85dc-4717047999e1.jpg,1.3815516695103724e-06,0,0.5
e749a1e2-8b1b-47e0-b7d3-ea5b82aa757b.jpg,0.007156361360102892,0,0.5
e756409d-d9ec-4aae-9633-478c84412d44.jpg,0.00015796480874996632,0,0.5
e75deaa7-9d90-4ccb-a03d-214a4d022ad5.jpg,0.005513797979801893,0,0.5
e75e26a8-ffbe-4b9c-b352-26803d1d343b.jpg,0.13123281300067902,0,0.5
e760bc4b-4381-444c-90ec-fa9c1464ac15.jpg,6.272183782130014e-06,0,0.5
e7671786-4489-4378-ae9e-0907470f1adb.jpg,5.393826995714335e-06,0,0.5
e7686cba-8743-4ca6-96f2-8592c8837de9.jpg,0.0009243759559467435,0,0.5
e76f6cc2-0b45-4f07-891a-a6084c41104c.jpg,1.1417206451369566e-06,0,0.5
e7769251-a93a-4a25-8629-6cc4a9041ec1.jpg,0.1338052600622177,0,0.5
e7791eec-fc29-4639-b54c-02feedcd4c79.jpg,1.3994459550303873e-05,0,0.5
e77c2d4c-493a-4c3d-bf2e-149df0fec1ea.jpg,2.4961233080489365e-09,0,0.5
e77fc232-ece3-43d4-8e60-981dc6b08ec5.jpg,0.00011396622721804306,0,0.5
e78a341e-e24a-48e8-a767-875254dbf28b.jpg,7.2312836891796906e-06,0,0.5
e78b872e-addf-4c04-92ac-780f22f33674.jpg,0.018120452761650085,0,0.5
e78bc1c3-339f-49b6-9b28-3e494c70f2dc.jpg,7.633298992004711e-06,0,0.5
e78bef40-fbf3-4c56-9b26-265aa7e6b319.jpg,2.9686798370676115e-06,0,0.5
e78c5849-0ebb-4cf4-8832-44979b0db813.jpg,5.054655005665154e-08,0,0.5
e78d8a48-d3b4-42bc-8b4f-42a9abadd234.jpg,0.031097879633307457,0,0.5
e795e32f-c02a-4420-a98d-7e7e2ed834db.jpg,0.018100569024682045,0,0.5
e7974a56-1a69-4b4f-857c-5f622afa13eb.jpg,0.012111756950616837,0,0.5
e79b8934-0179-4709-be97-f1be4e1eaaa3.jpg,0.005703067407011986,0,0.5
e7abaada-aaec-4f2c-bbc2-60f48a7e1206.jpg,3.512995006005326e-09,0,0.5
e7b448c8-5fa5-475b-a9ea-02ba68dc6b2f.jpg,0.006979221943765879,0,0.5
e7b94d09-06e3-4e5c-aa57-e7d0ae34504d.jpg,0.00025873014237731695,0,0.5
e7ca814f-50c4-4550-b07a-ec46fa64a139.jpg,0.003044858807697892,0,0.5
e7cd9c04-62d4-4df1-84ab-542c6d11b932.jpg,0.0023149996995925903,0,0.5
e7dcece7-2c4d-4cb2-927f-bbcb8db87657.jpg,8.265141104857321e-08,0,0.5
e7dedffd-b5f8-4f7e-877c-49be74ea4fc3.jpg,0.008435809053480625,0,0.5
e7fb0ef2-2631-486a-bbd4-715a6feec02f.jpg,0.00037459630402736366,0,0.5
e802e991-f91a-4e52-b15f-ddaad2754681.jpg,1.6024809257331185e-09,0,0.5
e80d1d54-6157-4c7e-b521-fab0899931de.jpg,0.0043778489343822,0,0.5
e8123d2e-3aa3-4ac9-8d3d-8bfacad62caa.jpg,0.001797633827663958,0,0.5
e8177cab-cc6e-4f9b-bd62-58048cc33f93.jpg,0.00013839060557074845,0,0.5
e81bb012-3671-4633-9dd4-e854892c8a41.jpg,0.09061003476381302,0,0.5
e81c8e35-3b51-4b84-8b00-d7cf6b08a99c.jpg,0.0016676917439326644,0,0.5
e81f9a57-a114-47bc-88af-bffdaa9c9f9c.jpg,0.0004927479894831777,0,0.5
e8289970-6d1e-41df-ae2c-cbdaba549015.jpg,3.976103016611887e-06,0,0.5
e82a3b56-c6ba-40df-b0ba-a4fd2183cdb5.jpg,0.049882423132658005,0,0.5
e83373bc-6a22-443c-bea3-e4cddb59777e.jpg,6.673961383540927e-09,0,0.5
e83c044d-312f-4a15-8c66-a4182684ab68.jpg,0.00024796678917482495,0,0.5
e83c636e-7b4d-4ee1-9c43-6a01cd565ad7.jpg,1.1928860121912521e-09,0,0.5
e83fd026-c1d3-4e16-8b26-9938a2fca5b8.jpg,1.2652934344714595e-07,0,0.5
e8475955-b2f7-4aca-916d-df6b2a66b8b6.jpg,3.668794157363209e-09,0,0.5
e84b1e60-1dac-4923-bb48-442b70f1dc90.jpg,0.05445379391312599,0,0.5
e857052d-a251-494b-bcfc-d5cf3ce3cfea.jpg,0.00011663293844321743,0,0.5
e85922f8-78ec-4d08-9e48-e9d634027b59.jpg,0.016792448237538338,0,0.5
e85f70b1-bc6b-44d9-ad96-0e601174a27d.jpg,2.6018622065748787e-06,0,0.5
e8612308-072f-48ac-93f1-6d058fda7279.jpg,3.25187261296378e-06,0,0.5
e862283f-3dfe-48a0-96b7-23ae383e8bd4.jpg,2.8468530701222794e-13,0,0.5
e864520a-2bbb-4a16-85de-c96bb514e72d.jpg,0.000187968515092507,0,0.5
e8713348-33ed-435e-bc07-6af6c5082769.jpg,0.034635450690984726,0,0.5
e884ce43-d209-4d31-929d-96cf173cf55d.jpg,4.7194705985020846e-05,0,0.5
e8858da0-e5e5-4fe5-86ef-c6edbdb7b78c.jpg,1.9207867808290757e-05,0,0.5
e88d0f63-9391-402c-8f21-b74dd03bc75a.jpg,0.00044021583744324744,0,0.5
e88d5666-bfc5-4658-9535-1d2dc44530fd.jpg,0.0031143571250140667,0,0.5
e88f614c-b292-4d58-9a22-897f187b6c97.jpg,4.231108352570345e-09,0,0.5
e896afb3-99ee-479c-9411-807aee137ad4.jpg,2.249911631224677e-05,0,0.5
e8a1d318-eacb-4cae-94ae-ad64ccebeddf.jpg,0.0001581352698849514,0,0.5
e8a2b39d-65c8-4072-92d9-f3857f7ea910.jpg,0.003932005260139704,0,0.5
e8a327b2-8dbe-4da7-931b-ec1f1ea4ccd2.jpg,0.01997373439371586,0,0.5
e8a3ee34-600a-45e2-8033-c578c84839f9.jpg,0.004062880761921406,0,0.5
e8ab6f75-401f-4063-a4a4-d84d229d1c40.jpg,2.7169543059812895e-08,0,0.5
e8b0badc-9122-43ce-b7f0-ef537dfeb31a.jpg,0.8958044052124023,1,0.5
e8c0d56e-1c40-47f7-a693-5a9b7666598a.jpg,0.00014152373478282243,0,0.5
e8c2fad6-6bfc-4727-b1c0-324796cedad0.jpg,0.00011945269216084853,0,0.5
e8c3d693-9afc-4a5f-9dad-2700dacdd62b.jpg,0.0003577924508135766,0,0.5
e8c7abda-6a01-461c-bddc-ecd678433d41.jpg,9.104739717713528e-08,0,0.5
e8dc3041-6bc3-4eb3-b7e4-23d52c0f721f.jpg,9.044074249686673e-05,0,0.5
e8f3d6c6-2ed9-4b30-87a3-8e0b040c07a8.jpg,4.5219565869558664e-09,0,0.5
e8f6cd34-5a60-45a9-b8c0-930f11064333.jpg,1.1861249760158898e-09,0,0.5
e8fd0a74-ccf4-47c8-b94f-96f0fd97c708.jpg,4.19869102188386e-05,0,0.5
e8fe8a72-2833-49ce-b5d5-b1ce8a46e355.jpg,0.0148223377764225,0,0.5
e906199a-baf4-40c4-b755-1f58beb1c837.jpg,1.5569265087833628e-05,0,0.5
e906c788-680b-49fb-95bf-c5cf77f81f0c.jpg,8.374870350165431e-13,0,0.5
e90e1b99-817b-4092-8621-49342bd9f53e.jpg,0.00039196148281916976,0,0.5
e919dd8c-04d6-452c-a356-290f9bad7567.jpg,1.5617551980540156e-05,0,0.5
e924b75c-05c3-489e-8719-50637fac77ca.jpg,0.0027436530217528343,0,0.5
e927f8d9-dbe1-4c77-a046-7a5dc14e2fa4.jpg,6.321060368463804e-07,0,0.5
e9391d22-edde-4262-b8c9-f43820f259b0.jpg,0.18982042372226715,0,0.5
e943c514-b676-4b5d-bb08-785434f3afcb.jpg,0.011073444969952106,0,0.5
e946ba04-bce2-4450-8918-08b1101344fb.jpg,0.000639122910797596,0,0.5
e94a2518-d95d-48c3-89d7-073886112f66.jpg,0.135531947016716,0,0.5
e94bd504-3086-4802-a9ed-658adf331b14.jpg,0.0013185179559513927,0,0.5
e94e1809-bc11-4620-b734-3c2086aaef5f.jpg,3.3911928767338395e-05,0,0.5
e954a170-d0e4-487f-8649-814bcb6aa568.jpg,7.117469976947177e-06,0,0.5
e9555ce6-e739-4f98-ac7b-0f9e0e531969.jpg,0.11182554811239243,0,0.5
e95c2fa9-b11e-40f5-8506-f5a1da60f424.jpg,9.806506113818614e-07,0,0.5
e9627d01-73b2-42c0-8bed-7c89a142ecac.jpg,0.0055222478695213795,0,0.5
e97d2fb9-5488-42e7-8e2c-f89880e4188b.jpg,0.00013701347052119672,0,0.5
e97e10e2-cd4c-4ca7-8afa-d8deabf23035.jpg,6.486703085784029e-08,0,0.5
e97f9e15-a906-4fb1-b2ec-ed3c4249bcba.jpg,0.0002852651523426175,0,0.5
e98295f8-bbe4-4c2b-ab5f-7d262f824400.jpg,0.00012675915786530823,0,0.5
e9878e6f-2752-4b42-99cd-e1dffaeec79d.jpg,0.00546893198043108,0,0.5
e9916b43-e132-4411-8f32-c04953ac2d90.jpg,1.362219848033419e-07,0,0.5
e9924f98-ca06-46f8-89f6-0b82f8a31fd6.jpg,0.00013302302977535874,0,0.5
e9927352-b20b-4e70-b168-041f7a768f0d.jpg,1.6519146811333485e-05,0,0.5
e99da98f-6197-4304-9c71-dc6638ddde16.jpg,4.966379947290989e-06,0,0.5
e99de649-955c-4f8b-bf8c-f9ea68039c3a.jpg,0.0002629250520840287,0,0.5
e9b4ac98-0f7f-43bc-ae6f-280c1ff3cff4.jpg,8.403080573771149e-05,0,0.5
e9bcedef-cedf-4fca-96aa-d13a2363e813.jpg,0.00015227952098939568,0,0.5
e9be4f04-0ef7-4f06-91c3-d43f53e08331.jpg,0.0002369741559959948,0,0.5
e9bf1079-526f-4d34-ae99-7c9c3b49b7ea.jpg,2.9996950615895912e-05,0,0.5
e9c218f6-4d9f-4a39-a52b-bb358061c22f.jpg,4.6344766246875224e-07,0,0.5
e9c8000d-2392-4dfc-b635-48447779cb61.jpg,0.00016993055760394782,0,0.5
e9cd3aec-2342-4bd4-9bcd-43bf8f7f6478.jpg,2.1139339878573082e-05,0,0.5
e9d0785f-d443-437f-8ff5-1ce4f7f7491f.jpg,0.1219983771443367,0,0.5
e9d63b41-f62f-4079-ba07-a2140b7463a4.jpg,6.259056384294581e-09,0,0.5
e9da9806-5691-443a-8ad1-8d5f1a33a8a7.jpg,6.637601018155692e-06,0,0.5
e9e6b6d1-42d3-4f2d-b06b-7b6852825b1b.jpg,0.2941342294216156,0,0.5
e9e6e8b0-f609-4a51-b5fb-dc713a07f9ae.jpg,0.00010598194057820365,0,0.5
e9fc5587-c396-42c3-8b0e-71496083e2dc.jpg,2.8602864404092543e-05,0,0.5
e9fd44e4-f429-4b23-9a21-b70644caee78.jpg,0.00017027018475346267,0,0.5
e9fec501-2680-4ff3-9dd9-c1f8724c2eac.jpg,2.2240719772526063e-06,0,0.5
ea0184c3-fa55-4265-8d2a-2fb9a1eb7406.jpg,0.9748338460922241,1,0.5
ea07fd1e-e526-4f13-96af-97c033f41c58.jpg,7.380728561656724e-07,0,0.5
ea0957ae-bfcc-4219-ad6f-74ce96986cf4.jpg,0.3441835939884186,0,0.5
ea0fa357-13bc-41ba-b733-d8387ba72755.jpg,0.03064245916903019,0,0.5
ea174894-ded9-436e-a9f6-2836e953d4c1.jpg,3.5116318031214178e-06,0,0.5
ea280547-c6f0-4189-a765-bba37b9af73c.jpg,0.003705981420353055,0,0.5
ea2821a6-10a4-4045-a150-02421bbfa19a.jpg,4.650540176953655e-06,0,0.5
ea2b1779-8844-43ed-a3e5-217d723358a4.jpg,0.9089908003807068,1,0.5
ea2b47a1-29d7-4c11-9dcf-3058a9e09cf1.jpg,1.2815401078114519e-06,0,0.5
ea2bace7-851b-4c44-acbc-24a2ce91d568.jpg,0.10212536156177521,0,0.5
ea2d724d-900b-486b-8a46-8051b6d4d4d3.jpg,0.00013905277592130005,0,0.5
ea2dbbb6-fa0f-472b-8ddf-d3c5e0d25aae.jpg,5.9418875935079996e-06,0,0.5
ea2fdc28-7384-41a1-9476-581512366b9e.jpg,0.00030963157769292593,0,0.5
ea3607cf-d95f-4665-8e91-cbcb6a8da9e8.jpg,4.645371021183564e-08,0,0.5
ea39a602-3526-477d-a616-787fd464e8ed.jpg,0.0034661004319787025,0,0.5
ea3edbd9-da3a-472d-b6a5-be1b5e2df2b1.jpg,0.0004568961448967457,0,0.5
ea4e3b96-a781-4764-b582-5a4750b05d6e.jpg,2.377646296736202e-06,0,0.5
ea5e4eb9-fdd6-4e58-ae3c-ccdcd20cc8ef.jpg,0.005958289373666048,0,0.5
ea5ee199-2ddf-4d25-b3bd-316e69560773.jpg,2.720634029174107e-06,0,0.5
ea5fcb49-6c8c-4a71-958f-713fce6f6767.jpg,0.00027380051324144006,0,0.5
ea67cf80-df8b-4a2f-bd44-98e8de53ec22.jpg,6.467640645269057e-08,0,0.5
ea6d704e-1eaa-48b0-a4d0-bc4096077824.jpg,0.06974265724420547,0,0.5
ea75b067-b318-439e-8306-0c1df1f6a000.jpg,0.09557093679904938,0,0.5
ea78c296-fce5-4326-b7bc-fbd98465a312.jpg,0.00013015464355703443,0,0.5
ea790aa3-8f66-40d7-ba63-83d63b2b37f6.jpg,0.19235901534557343,0,0.5
ea82277c-836c-4fd9-b59a-65aa09aad799.jpg,0.0010146400891244411,0,0.5
ea859ac6-2b2c-49f0-83e4-ea1d2b89c853.jpg,4.5308595986170985e-07,0,0.5
ea93a3c3-7158-4b87-b54a-14feed3331c0.jpg,1.8752659147747153e-10,0,0.5
ea981be3-0ad0-443c-b3bb-6aedac62ebdf.jpg,0.005282010417431593,0,0.5
eaa1d34a-9b2a-4314-a026-c678e5f09309.jpg,0.08683593571186066,0,0.5
eaa229da-3c55-4c97-886e-70b0617abd54.jpg,0.0002760097268037498,0,0.5
eaa4fcda-ee52-46c1-9fa4-939e5cbbccd0.jpg,0.00482254009693861,0,0.5
eab7bb8c-df09-4ab7-a338-65b1b2627b61.jpg,0.01076469011604786,0,0.5
eabc7811-5f3a-4580-9e83-e3b4407c0692.jpg,2.995646752879111e-08,0,0.5
eabf97dd-7bc2-4f63-b1ee-a8035dc4228b.jpg,0.18921054899692535,0,0.5
eac12611-23cf-4976-a6fb-c32799a086ff.jpg,5.244963858785923e-07,0,0.5
eac1de42-0960-4619-88d3-dec83d47dc0d.jpg,0.00013100882642902434,0,0.5
eac571dc-3543-456b-b841-1db49cd9803a.jpg,0.0019446247024461627,0,0.5
eaeb7203-2661-4b7c-94dd-09c95fbc88d9.jpg,0.00023583814618177712,0,0.5
eaf85aea-458a-4f28-86da-6674079befe6.jpg,4.626157897291705e-05,0,0.5
eb070de0-a28d-4679-9c68-203596ff17e6.jpg,0.001237941556610167,0,0.5
eb134dd2-6567-4e8e-bf47-bd5bde32bbbf.jpg,0.00024300454242620617,0,0.5
eb196606-3d86-492a-bb31-e7af739c2363.jpg,0.002066235989332199,0,0.5
eb26669d-fce9-45cd-8c03-83ac5cdcc63d.jpg,0.027595194056630135,0,0.5
eb2e04b3-ddc2-4367-b9eb-8b6ec6308eef.jpg,0.5873618721961975,1,0.5
eb3818e5-3e1b-4c65-b4c4-d11f6db108de.jpg,0.0015892257215455174,0,0.5
eb3b5c01-43a4-475d-954b-2aa216302b5c.jpg,0.015693798661231995,0,0.5
eb40b886-ebd3-45e9-bd81-86fcaa713fe6.jpg,6.564686191268265e-05,0,0.5
eb471ec5-86ea-47e3-b47b-3d066df8b286.jpg,0.012783272191882133,0,0.5
eb4827cb-4767-44dd-9bfc-5b6ece2802fb.jpg,0.000692628207616508,0,0.5
eb5cd90c-08f9-4736-a9a3-98ee0a59975a.jpg,0.08142729848623276,0,0.5
eb6345d3-33f4-444c-a70a-3fd6ed102358.jpg,7.687562941782744e-08,0,0.5
eb63aaef-4f58-4d0c-b77c-fb9c0a05eb7a.jpg,0.0006332340417429805,0,0.5
eb7066db-ef26-4546-8e8c-a5865ee1a6e5.jpg,0.022074170410633087,0,0.5
eb74436b-6af7-45c8-b84b-c5e50d4b3a51.jpg,2.00810768546944e-06,0,0.5
eb7671cf-9b3d-4aea-a82c-4e4e8452db63.jpg,6.954890068300301e-07,0,0.5
eb79bb6f-f1dc-4051-92de-d7bec40f46da.jpg,2.7532573554367445e-08,0,0.5
eb7dc791-30e5-4ea5-848d-28da6fdbee33.jpg,1.8153787806340915e-08,0,0.5
eb8e3695-a0ef-49f4-aca3-d6605be14fb0.jpg,4.669306861160294e-07,0,0.5
eb960d6f-2b8c-4933-9a10-2d812783b9e9.jpg,2.0351355323189324e-10,0,0.5
eb96796d-91b1-4950-bfdf-65c46ecfa6f6.jpg,2.1756366550107487e-05,0,0.5
eb9cf91d-b1fd-456a-b3b2-d03755759a06.jpg,1.1190416415729487e-07,0,0.5
eba06f51-ecc2-4e87-b51a-3165c1cefd75.jpg,4.657672150187864e-07,0,0.5
eba37b53-5990-4904-8f93-a2b25d188f44.jpg,0.000688142201397568,0,0.5
eba44bac-e334-411a-b1c1-2dbda8e7796a.jpg,0.024237003177404404,0,0.5
eba827d9-9755-4d2f-8ee5-2b71f7223a3e.jpg,1.904341928593567e-07,0,0.5
ebaa9bda-1e8c-4c15-98d2-ba248f354d72.jpg,0.1357615888118744,0,0.5
ebae383b-e05f-4ab4-81dc-4f7839712b1e.jpg,1.0090434443554841e-07,0,0.5
ebaecd34-4347-426b-93f7-0493f7bfc9c8.jpg,0.0014339643530547619,0,0.5
ebafbf1d-dab4-4d5f-a01d-4f60ddeef59b.jpg,5.5831340432632715e-05,0,0.5
ebb20afd-67c9-4fc8-b56c-1be8c551995f.jpg,0.0006422082078643143,0,0.5
ebb3fba6-6f41-4462-8e68-ff98aa236fea.jpg,0.017331121489405632,0,0.5
ebb6e6d8-6370-4d32-921e-83e401a80ca0.jpg,0.0027859860565513372,0,0.5
ebba721c-c5b9-4f3e-a9bb-7cbc903a5ff3.jpg,0.00019280350534245372,0,0.5
ebbe9605-6bdd-452d-9bc9-9d04e9c39df5.jpg,0.00036998564610257745,0,0.5
ebc45bff-88ce-4d33-9d4b-7579be7b3b36.jpg,2.2096840268659435e-07,0,0.5
ebc52e05-3782-43ab-89b8-9545daf3499b.jpg,0.08816865086555481,0,0.5
ebd06831-17d3-4b2f-82a2-248eb5a628fa.jpg,1.4523565141644212e-06,0,0.5
ebd15a34-6fae-4102-a138-97f59bfdfb32.jpg,0.8349149823188782,1,0.5
ebd212c1-950b-4043-b951-c622f11f0b5e.jpg,0.7787905931472778,1,0.5
ebe163b0-dea5-4761-96a8-c5abf6847f97.jpg,0.0004750500957015902,0,0.5
ebe2931d-87ed-4866-8fbb-0ff3302ed673.jpg,3.4920517464342993e-06,0,0.5
ebf3549d-0c69-4587-abcb-1d562b539169.jpg,0.00014269545499701053,0,0.5
ebf5f9d5-660b-4562-b8e8-ca895505f8ac.jpg,1.959912648841211e-10,0,0.5
ebf76f63-92c0-4b87-b19a-a9d8d656da65.jpg,5.496213270816952e-05,0,0.5
ebfc00f4-5ac8-4b00-a073-5c1137549b1d.jpg,3.0814233014098136e-06,0,0.5
ebfcbcd8-4425-4e31-8971-c93269a80423.jpg,0.011211316101253033,0,0.5
ec019da6-bb38-4343-9d9c-2e068fed3c17.jpg,1.97220757058858e-07,0,0.5
ec0cfa01-9179-4b4b-a0f1-2ddb61c7e5d7.jpg,0.002951112575829029,0,0.5
ec13e989-f7a8-4a91-8067-8c8c124d25d0.jpg,4.232060018694028e-05,0,0.5
ec147727-2164-4550-9a98-4a97a3a048f4.jpg,0.00041106948629021645,0,0.5
ec147ccc-88d5-4eec-a8b7-6e1800e79291.jpg,0.07186614722013474,0,0.5
ec19fa3e-3ca8-49c2-aa4e-6f1b27973765.jpg,2.369916001043748e-05,0,0.5
ec1cb2da-b1fc-4803-9a15-d05ca52ec0c7.jpg,0.0015227992553263903,0,0.5
ec1ef4e0-8fb2-4716-9eda-987147a2311c.jpg,0.003504320979118347,0,0.5
ec2588f0-16bf-41bd-925e-fc745e52bb63.jpg,0.010701125487685204,0,0.5
ec2b2b81-a4f8-4c49-898e-3e840a1ea408.jpg,2.1932566596660763e-05,0,0.5
ec2d0db7-8204-496d-97bc-457abb79ebf1.jpg,5.074383352621226e-06,0,0.5
ec2d82fa-d208-4103-8eb7-c76095688d2a.jpg,0.05138758569955826,0,0.5
ec33d720-b751-4d05-a969-0272cd74c13e.jpg,0.03900323808193207,0,0.5
ec408ed0-cefb-44bb-a7f6-c2ce975fc7ec.jpg,0.0003312859043944627,0,0.5
ec4122eb-8376-4502-833b-483007de87ba.jpg,1.223217651613595e-07,0,0.5
ec470890-1b9e-45f0-be00-ea6509ee82e6.jpg,0.16451843082904816,0,0.5
ec4ca5b5-fc34-4e7b-b78e-824f4935dffd.jpg,0.0006929803639650345,0,0.5
ec4dcf74-6722-4171-b7ec-750f32493ffc.jpg,2.1379353256634204e-06,0,0.5
ec50fc5e-e8f3-4135-bbb3-055da487f7dd.jpg,1.3599641306427657e-06,0,0.5
ec556c1a-a7a9-40d3-a0ab-3f969028b17e.jpg,0.12807708978652954,0,0.5
ec573127-5521-4634-95cd-f7e780b7affd.jpg,2.4025048332987353e-06,0,0.5
ec5f95b5-7638-4a10-859d-63ebf8176f0b.jpg,2.605338611516572e-09,0,0.5
ec629d05-0306-4d00-9e50-3d145f7b6c4e.jpg,8.329278600172074e-09,0,0.5
ec632216-2562-4ba1-a490-e949b0bf8525.jpg,5.747378509113332e-06,0,0.5
ec6cdcb3-dd5c-46a8-91e5-50d95e6c824c.jpg,9.233566515831626e-07,0,0.5
ec7284ef-7967-4fad-86eb-60fb91aa5b8b.jpg,0.965519905090332,1,0.5
ec779543-1f9c-487c-82cc-37ec97b18b05.jpg,0.0002871912147384137,0,0.5
ec794526-9f55-4a60-a1a6-6541c7b0cbd4.jpg,0.15331320464611053,0,0.5
ec7e3cf0-1a89-4416-bd85-136a843b8edd.jpg,2.065339867840521e-05,0,0.5
ec82823c-e05f-4624-9b0c-c3d37bea1e14.jpg,0.00033636350417509675,0,0.5
ec87fc2b-df23-4594-8108-5eeaffb681f1.jpg,0.021412646397948265,0,0.5
ec888a77-8c87-4fd8-a378-10d8d4aa654d.jpg,2.8988466738155694e-07,0,0.5
ec91d4b6-f7b3-4318-be06-ee0ae2d90f6e.jpg,0.014851859770715237,0,0.5
eca62f9a-08b3-4c33-8eb7-cdd584642e91.jpg,9.145385143627394e-11,0,0.5
eca7981d-6c70-4205-9cc7-3fc2a3e7f320.jpg,3.029161348422349e-07,0,0.5
ecaa2d33-5d9f-447f-b60a-d2aba97a8bce.jpg,0.018453039228916168,0,0.5
ecae9063-9896-40ab-ab27-05be2dfc1af2.jpg,0.006216553971171379,0,0.5
ecaf9fbb-9c8b-4808-928a-d88abc28a15d.jpg,0.19976070523262024,0,0.5
ecb2f958-cfb4-4118-91bf-e5905ec88fe5.jpg,0.020162390545010567,0,0.5
ecbf9d1c-7091-4e66-8420-e27f63436f99.jpg,0.00010531632142374292,0,0.5
ecc223b3-96e0-43d1-89e4-f52d86440788.jpg,1.9689705595127283e-12,0,0.5
ecc2b26f-9ade-4aa1-ad96-3ecb7622f837.jpg,0.0020359910558909178,0,0.5
ecc9e109-a66a-42c8-8939-2018325e2bd2.jpg,0.09951433539390564,0,0.5
ecd07bea-f6b7-4a79-a372-ffd8003971f4.jpg,4.780983942076489e-10,0,0.5
ecd39d03-fee6-4a08-8e1c-6030506ac98d.jpg,2.882411536120344e-05,0,0.5
ecd5f55f-7510-42c2-801a-2a62b86e5759.jpg,5.009516002019154e-08,0,0.5
ecdcd240-0348-4b30-b6f0-8d91dd2788ad.jpg,0.000179762821062468,0,0.5
ecde44ee-9994-4a78-85f3-9ad45bcc3bac.jpg,1.6525966373137635e-08,0,0.5
ecdf34a4-9945-4aea-966b-32c97a7ec1b6.jpg,4.529431496536063e-09,0,0.5
ecf5a416-acb5-4f74-ba56-075aa3df8897.jpg,0.00011135049135191366,0,0.5
ecf77b06-3503-47ac-bb4a-8c85a7f48552.jpg,1.2703686991244467e-08,0,0.5
ecf9b6cc-ffbe-4a67-84f9-8d6e43013517.jpg,6.417930631386071e-09,0,0.5
ecfde447-4af1-4eb3-9cdf-0d78ce0f391c.jpg,0.2622087299823761,0,0.5
ed00ff7c-9eeb-42da-b27b-87e92f2b66fe.jpg,1.4571953954600758e-07,0,0.5
ed02c2a1-63cc-4f9d-ba30-76bf03811259.jpg,2.6555660497251665e-06,0,0.5
ed061bc2-8e3d-4e65-94c0-eb411b72d9a3.jpg,0.0008099937113001943,0,0.5
ed078832-18ba-40fa-825c-fbb3415b1e37.jpg,0.011833049356937408,0,0.5
ed095923-a3e6-4af1-be67-c9d5af97cf19.jpg,0.00014306398225016892,0,0.5
ed153a51-efe2-4021-9cdf-8e1da9bc101f.jpg,8.728497050469741e-06,0,0.5
ed1c9771-82a9-417a-b365-d61dc168ead6.jpg,0.0040100798942148685,0,0.5
ed21ed0e-5b78-4e70-905e-9a927c86e564.jpg,0.2311195731163025,0,0.5
ed25cca4-ab35-480a-ad5b-d73826a50175.jpg,1.826366496970877e-05,0,0.5
ed2cd1a3-a442-4efd-8ce4-af3204775dad.jpg,4.68778089270927e-05,0,0.5
ed35525b-6af1-4d20-b352-c73d0e4b6753.jpg,0.00044575094943866134,0,0.5
ed36ae25-e398-4b9c-89e8-b6e8db949fba.jpg,1.5434155287152862e-08,0,0.5
ed4bc56a-63b0-42f8-acf7-521d8ccf2661.jpg,0.013639317825436592,0,0.5
ed4e444a-04dd-4e8b-b84f-f05b1cccfedd.jpg,0.00019695576338563114,0,0.5
ed50c092-779c-4b1e-93ff-9882d4a41200.jpg,3.8531248947037966e-07,0,0.5
ed519aad-c13a-437a-ac8a-2b4f7aea1735.jpg,1.686898620789634e-08,0,0.5
ed5307de-ebab-49c0-b91e-3edf52ff96d3.jpg,0.008529107086360455,0,0.5
ed532d31-946f-4c50-bc57-c09af1619dc3.jpg,0.00037833157693967223,0,0.5
ed5802a8-6628-48d8-9f8f-5388552eadee.jpg,9.462887418099086e-11,0,0.5
ed60223d-6c13-437a-90fb-c690ff06a69d.jpg,3.362118832228589e-06,0,0.5
ed635bfe-70c8-4591-b6d2-41028279b539.jpg,1.7370672011907118e-08,0,0.5
ed63c059-89b1-4b47-8d2a-328fe46bebfc.jpg,1.9643159703264246e-06,0,0.5
ed6747fa-b903-474b-a03f-5edc02c4473a.jpg,0.000308829388814047,0,0.5
ed6c0746-80c3-4b2c-95c7-9f1d38b0113d.jpg,1.4253346307668835e-05,0,0.5
ed7742d3-f592-4584-a168-0ddbfde587e1.jpg,2.356356816335392e-07,0,0.5
ed819063-e091-482e-a81f-d7c0be6b86e8.jpg,8.953721817306359e-07,0,0.5
ed88f9e1-d252-4b3e-8439-082a5dba5e66.jpg,0.00017093127826228738,0,0.5
ed9011ad-7bf9-4bc2-b511-ac54111da2a1.jpg,0.002273891121149063,0,0.5
ed954f0b-7a93-4d0a-bb33-7ab4ff12bf88.jpg,6.112380046552346e-11,0,0.5
ed98ada2-61fb-4e00-8cb4-2e8e705cd4db.jpg,0.017346305772662163,0,0.5
ed998f03-501c-401f-a448-3b8b93039790.jpg,4.227367966791462e-08,0,0.5
ed9c20d8-3c81-406e-a0e1-206c21ac5ea7.jpg,0.0021901410073041916,0,0.5
edaaf3d9-a88c-4bba-a7ea-019b24a5e247.jpg,0.0019490328850224614,0,0.5
edacc7d9-ccc3-4767-a23e-d66f4249b645.jpg,0.030234964564442635,0,0.5
edb01114-fab8-48cf-a739-ae376e746469.jpg,8.386051376874093e-06,0,0.5
edb23538-44c3-4f48-91cc-ad5dbf1bef8d.jpg,1.854737474715762e-10,0,0.5
edb42671-c28c-4f87-bf3e-4413700cf14c.jpg,0.0018582571065053344,0,0.5
edb72323-747f-46c7-b8c0-a9c88bbfd9b5.jpg,1.8695395738177467e-06,0,0.5
edbce385-e4c6-4e54-ad2a-3b4e60903d2d.jpg,0.0002025618014158681,0,0.5
edc7d5ae-c80a-48dd-a2c2-f4a439d828d6.jpg,3.791303242905997e-05,0,0.5
edcfe12e-a1f4-4c2d-ae6c-c112076a74ff.jpg,0.07006089389324188,0,0.5
edd290f2-43dd-455b-ab1d-9c90b00f807f.jpg,0.9000536203384399,1,0.5
edd63049-6c91-49a1-986c-07a235b3293d.jpg,9.020264428727387e-07,0,0.5
eddebc23-0166-44c4-a7d1-6e0fe7f6cef9.jpg,5.614744623017032e-06,0,0.5
edf1b333-8789-4765-8502-8c9ce424ee3f.jpg,0.00896864291280508,0,0.5
edf7549c-c6a6-473e-a257-224b12ad0a36.jpg,7.943012860778254e-06,0,0.5
edf94170-91cc-431f-a4ec-141fb99d1f4d.jpg,0.04267756640911102,0,0.5
edfa61bf-84f4-4569-b287-d4dff5efd0b9.jpg,0.0001929050195030868,0,0.5
edfc4158-b1e0-4997-b205-fd7f80ad4563.jpg,1.0643525172326918e-07,0,0.5
ee0c1d7f-0915-4315-862c-346f571f43c4.jpg,7.236825331347063e-05,0,0.5
ee174754-d814-48e9-b314-82bf6b650d89.jpg,2.87703670664996e-07,0,0.5
ee2266cf-1afb-46e0-9abb-675eb749ee29.jpg,0.012715809978544712,0,0.5
ee30658b-d072-4b5c-a8f4-0623802d957c.jpg,0.0005546865868382156,0,0.5
ee3aaffe-d06a-4ca7-8507-b7a954d1bb2f.jpg,0.0004382138722576201,0,0.5
ee3d4890-d507-4529-b222-481831ae1e0b.jpg,4.7475577957811765e-06,0,0.5
ee42446c-174c-4b09-8020-2253c9966ee0.jpg,0.08682608604431152,0,0.5
ee449af7-2fbe-4285-84f9-2875a92972e8.jpg,0.11876731365919113,0,0.5
ee45f850-3cca-4a7e-80cf-375f2046eb70.jpg,1.3366124562708137e-07,0,0.5
ee496fb7-f482-4340-8478-6af9a18d3925.jpg,0.0037507747765630484,0,0.5
ee4d3c78-402b-4f06-8147-a4d293fbca58.jpg,3.90344976040069e-05,0,0.5
ee4e0899-ac9e-4575-84e4-24ca7c721076.jpg,9.816829333431087e-06,0,0.5
ee4f18a4-4077-4c07-9934-5e350090c049.jpg,0.007149264682084322,0,0.5
ee5b20e7-2ac6-4a28-beb3-b6fb300213dc.jpg,2.4000588382477872e-05,0,0.5
ee5ea5f9-ccf9-4891-b9b9-41a20a17a382.jpg,1.282982164951818e-08,0,0.5
ee63b22e-2684-4bc2-a4b2-885b2cecf3c8.jpg,0.00021666962129529566,0,0.5
ee647b5f-f429-44ed-ba39-164d736b035b.jpg,0.00877560768276453,0,0.5
ee688daf-0aa9-4ca8-b934-8a95b9864d84.jpg,0.8503895998001099,1,0.5
ee69203b-3c95-4f9b-987a-66457ab0cba7.jpg,0.00033157787402160466,0,0.5
ee7061dd-569a-4328-8c0e-06a21a3c488e.jpg,0.03957950696349144,0,0.5
ee7454c9-cc0a-4089-8daf-cba2c23d7cc7.jpg,9.443982484924618e-09,0,0.5
ee7494f3-5297-42e7-8bfd-6f5f5161de0c.jpg,7.379042472166475e-06,0,0.5
ee74e5b8-8255-4ec0-9eda-b3272f8b113e.jpg,0.7434760928153992,1,0.5
ee772a10-0180-49e4-9d52-aaad2faf46a5.jpg,3.7194854834998736e-11,0,0.5
ee7ab2e1-96ee-48c2-ad25-d0b566a023d3.jpg,0.00020950361795257777,0,0.5
ee8022ae-ea1d-4043-9464-79b42397e54d.jpg,1.7066980944946408e-05,0,0.5
ee8352b7-e3ac-4c21-b2c9-e023a861a82c.jpg,3.5130193282384425e-05,0,0.5
ee836f10-2c91-4d16-96d2-17606f46b315.jpg,2.895599936891813e-05,0,0.5
ee8ada7f-6b3d-4cf5-a215-c627a55f17ba.jpg,8.472226392663984e-11,0,0.5
ee8f60c3-95a7-48a8-9a16-028ec70bda93.jpg,5.211313327890821e-05,0,0.5
ee94aa44-1924-436f-bdd7-2afe1acad55f.jpg,0.0014017686480656266,0,0.5
ee977c96-e853-464e-a956-7f978bf1a0f8.jpg,0.00025131230358965695,0,0.5
ee98ce90-d5f0-404d-96f1-85f11e9547c6.jpg,0.00013263558503240347,0,0.5
eea0f4bc-7144-41cb-a961-d31029408bc9.jpg,0.018542397767305374,0,0.5
eea70add-a470-4c9e-8d18-6cf3a6e8904c.jpg,1.9215875557421214e-09,0,0.5
eeae366c-d429-4a90-872e-6bea97761026.jpg,0.14582446217536926,0,0.5
eeb325b6-f1eb-4e01-b7aa-a71220a0c976.jpg,0.0011980279814451933,0,0.5
eeb89127-792b-42e8-9c6c-e5b96d28c28e.jpg,0.0009580211481079459,0,0.5
eec5d0cb-1758-43ac-ac38-fa4cade9e5af.jpg,5.4082580192016394e-08,0,0.5
eec772d4-6bcb-4d95-91de-cfa0add0aa07.jpg,0.05022241547703743,0,0.5
eecc3177-f941-42dc-882d-3244ad990fa3.jpg,0.011959386058151722,0,0.5
eecc3c14-633f-4288-97e3-fe434383da7b.jpg,3.438329804339446e-05,0,0.5
eecd5564-30f2-485f-9874-8106986c9553.jpg,1.2338928172539454e-06,0,0.5
eecdb885-8b6f-4187-9a14-6889272742a5.jpg,4.576629180519376e-06,0,0.5
eecfd42c-da4f-44a3-908c-29b7f0557e0a.jpg,2.1809548798046308e-06,0,0.5
eed1ba07-a560-4c7c-8a87-feccc1492387.jpg,3.705911512952298e-05,0,0.5
eed241a0-8b14-446d-a27c-90daaa501e5c.jpg,2.390461339984995e-08,0,0.5
eed650ec-aac7-472b-9b2a-01c10df7810f.jpg,0.0003714006452355534,0,0.5
eedb8d1b-93d6-4d4f-99d3-002056b11a27.jpg,0.07477766275405884,0,0.5
eedce628-0ad6-48bb-a003-6a5f5b9ab0a4.jpg,0.009106219746172428,0,0.5
eede371d-e8dd-4815-8ef4-5dd7c053bd08.jpg,1.592369153513573e-05,0,0.5
eedeccce-587a-4e94-b148-62339599da81.jpg,0.0031510184053331614,0,0.5
eee10112-b7bf-447e-84b5-6a34f3d6767b.jpg,3.1755549571244046e-05,0,0.5
eee98016-b1ac-441c-82d9-74e4dfa7e6b0.jpg,5.740196939996167e-08,0,0.5
eeecabad-2dd3-480d-970e-c76da8ebd5e5.jpg,0.020597923547029495,0,0.5
eeee9963-a3e2-4fe6-a4b5-1dec841dad50.jpg,0.09249056875705719,0,0.5
eef74d93-4ff6-4d28-869d-353b4170354e.jpg,0.000767264689784497,0,0.5
eef7bc57-710e-4728-861a-281c60abda84.jpg,0.0001039428825606592,0,0.5
eef7f7a4-2b2b-4965-a2e7-1ff3b93926e6.jpg,0.007254297379404306,0,0.5
ef00dd68-a183-46c6-93f8-1f338023caa6.jpg,4.72885908209264e-08,0,0.5
ef017ab3-aea2-4758-9fc6-709f7b311622.jpg,0.000729037681594491,0,0.5
ef18b395-5ed2-494a-98f6-29d87edea50d.jpg,0.0022506469395011663,0,0.5
ef248506-39fe-4032-9a1e-8b9e918ca3f9.jpg,3.580105840228498e-05,0,0.5
ef26d3bf-fa08-4835-baaa-b023931e6d4e.jpg,0.0003583731013350189,0,0.5
ef2df6e4-d9f8-4d5f-bd26-e75e1563d01b.jpg,0.023555727675557137,0,0.5
ef339d25-5897-4787-9eee-7c0ab85e8c91.jpg,7.985462957549316e-07,0,0.5
ef373ed4-27f7-4d40-9ecc-35a2871d5e22.jpg,4.7295943659264594e-05,0,0.5
ef37b986-fbb3-4258-b8cf-da84a103e577.jpg,0.0001524262479506433,0,0.5
ef39582e-d8a2-4fab-91e5-5086cdd5bc9b.jpg,0.2415158599615097,0,0.5
ef4f8a25-e50c-4bf2-a6f1-c999f8383001.jpg,0.0014159712009131908,0,0.5
ef504821-c7d9-4b77-9b15-d63b0710dee8.jpg,0.04190020635724068,0,0.5
ef547bc8-8c5e-4220-b4ae-a1a41b83bfca.jpg,1.7311235112060785e-08,0,0.5
ef55af08-cf1a-4c2d-8e51-93330a225d1b.jpg,3.499307422316633e-05,0,0.5
ef5a7963-9670-4d61-8afe-9b46b40a24ef.jpg,0.00024222960928454995,0,0.5
ef5d860d-b415-4767-b117-95f552234bea.jpg,8.952553616836667e-05,0,0.5
ef664200-7ee9-47bd-927a-50778179540a.jpg,2.6967782673636975e-07,0,0.5
ef6f9df3-1b40-4173-880e-42b9890a8ca5.jpg,1.243062541789186e-09,0,0.5
ef78a86e-ffee-43da-b8ed-004d463a02dc.jpg,1.7990581246962734e-11,0,0.5
ef816ffe-3cc0-461b-b079-40df087b7a98.jpg,3.881855718645966e-06,0,0.5
ef843eb7-e102-420a-b63d-e758e4b1494c.jpg,2.469490269826208e-13,0,0.5
ef86a144-279b-40ce-ba00-b44c7a7b765b.jpg,8.0103279742616e-07,0,0.5
ef968839-0207-4dfb-b7cc-280e04685330.jpg,1.8378423227716212e-09,0,0.5
ef9bc781-ceeb-4bc8-9ac8-31845c57545e.jpg,5.257603419295265e-08,0,0.5
efc23ac1-5829-4f64-b11a-d7c711d1eca1.jpg,0.002528197132050991,0,0.5
efc24d00-41f7-48c2-8df2-d868c0082b72.jpg,0.001630749087780714,0,0.5
efc93d68-e230-42fe-bcea-1005ac672dc5.jpg,3.4469198340048024e-07,0,0.5
efcbb6b1-0064-4955-98fd-6127603d12d7.jpg,0.0003258425567764789,0,0.5
efcbb999-db11-46d3-85f9-44d7558ed885.jpg,1.3142666830390226e-05,0,0.5
efd92cd3-54df-4e5e-874e-bdaed6a45cf3.jpg,0.0019218514207750559,0,0.5
efe3e12a-5137-46bd-8600-ba30b76fc282.jpg,1.8528093278291635e-05,0,0.5
efeaaa2a-d337-472c-8ca7-f7c09c2b31d9.jpg,0.1343233734369278,0,0.5
eff3bc09-8524-4b78-960f-93aa89861a25.jpg,0.005965788848698139,0,0.5
effcdab2-e950-40b9-b092-081e878567ce.jpg,0.00026508999872021377,0,0.5
f01232ce-0602-435e-89ca-e23806d2e8c9.jpg,0.00032555218786001205,0,0.5
f0124d5b-f636-40fb-b4de-506dbdc5537f.jpg,0.0002916143275797367,0,0.5
f012ef7f-9985-4d98-a6ae-09ed8b7d0dd3.jpg,0.00033340396475978196,0,0.5
f01e46e3-219c-4e12-8694-88135af2e8eb.jpg,2.8398751510394504e-06,0,0.5
f0368167-1c16-4e1a-8640-54ba5190610c.jpg,0.005842654965817928,0,0.5
f037ba85-61ed-45b0-a904-6f93b323782f.jpg,0.01614450104534626,0,0.5
f03b38e1-2d41-4854-b00d-10845153b309.jpg,0.01753736287355423,0,0.5
f0460c94-c709-457a-a46d-6e356c3eb274.jpg,1.026290647132555e-06,0,0.5
f0493607-b5c1-4dfc-9077-c4b67ebbc069.jpg,0.01476269867271185,0,0.5
f04af50b-8134-419d-bf25-5bb34b0da68a.jpg,3.746637730728253e-06,0,0.5
f05052ed-a1ad-4ca8-9ef9-d935e19486f5.jpg,2.8102286719899894e-08,0,0.5
f05117c6-3c78-4ad2-810e-75b1ee450828.jpg,1.865659048690821e-13,0,0.5
f0573408-3c4a-473c-af32-92b9ef48b4d9.jpg,0.18312253057956696,0,0.5
f05de6a1-86b3-4828-8b2d-7d8364eee6ee.jpg,0.00040999441989697516,0,0.5
f062533c-5d0d-49f3-be4d-ec75f13f3ac5.jpg,0.004251481499522924,0,0.5
f064c207-7b34-4fbf-9f95-21447920a44f.jpg,1.852716913219865e-08,0,0.5
f0682bf2-ea98-4374-afac-19164fce54b2.jpg,0.06609456241130829,0,0.5
f06ad8ad-2313-4252-9207-d0aa025cf203.jpg,1.2265729310456663e-05,0,0.5
f06cb2dc-1910-439b-b5d4-34199f92a8db.jpg,1.8100703869095014e-07,0,0.5
f0759217-da1a-4b0e-9f4e-f9cec6e46336.jpg,0.0008733735303394496,0,0.5
f075a9ee-6efd-4434-bda4-fd27cf630892.jpg,8.439894008915871e-05,0,0.5
f078e165-b8bd-4de5-91f7-56e5b77ca2e6.jpg,7.846527871890885e-09,0,0.5
f083595c-dcc0-4866-9867-4deefd337e40.jpg,0.0006629513227380812,0,0.5
f09d57f3-5a8a-4475-a111-ba203ab78468.jpg,0.0001241491991095245,0,0.5
f0a27b3f-28a3-4122-87f3-f8ad53156567.jpg,3.746673655768973e-06,0,0.5
f0a31481-24b6-4e16-9a13-c3f55687148d.jpg,0.0005418478394858539,0,0.5
f0a44ad8-6001-4d6a-9798-b6e4d5bee897.jpg,4.23999154008925e-06,0,0.5
f0a87c0c-5870-40cf-b95b-9b1d40f98b48.jpg,5.705201328964904e-05,0,0.5
f0bf9721-9a1c-4b14-8217-c15e3175c85a.jpg,2.802387643896509e-05,0,0.5
f0c91027-f618-4788-8c15-4d1d56cc6dbc.jpg,0.00015628161781933159,0,0.5
f0ce93c6-fdc2-4d63-ac5c-bd69a26a8d99.jpg,1.0486992323421873e-05,0,0.5
f0d00e33-6718-476b-9571-471700136aff.jpg,0.0006898383144289255,0,0.5
f0d42c83-a8cd-4618-918a-276b55a5c19c.jpg,1.3565440003943108e-13,0,0.5
f0d7669c-aee1-4a7b-9370-c8603a7eebe8.jpg,0.13329270482063293,0,0.5
f0dc4b57-116b-45ba-baf1-d80cc5502d9f.jpg,7.353620458161458e-05,0,0.5
f0e10e77-bd16-48c7-8133-5610c68afffc.jpg,0.00786235835403204,0,0.5
f0e22d74-fad2-4ffe-b0e0-81441b851515.jpg,6.855296669527888e-05,0,0.5
f0e693a6-783a-4ee8-9731-9bfcc4f86e9f.jpg,2.0385996322147548e-05,0,0.5
f0ea5a0a-5eaf-4724-94fa-b16b914bd2dd.jpg,0.0005451695178635418,0,0.5
f0f4c103-45d1-4935-9fa1-6c488df95d0f.jpg,2.7679176128003746e-05,0,0.5
f0f63aa2-1b94-4854-86bd-e243aad61bca.jpg,7.22485565347597e-05,0,0.5
f0f7cac1-2ffb-46af-a1ba-820cd2c57c85.jpg,0.00017634229152463377,0,0.5
f0fcd151-ac94-4ca5-88f4-48da49d3fb76.jpg,0.00010780997399706393,0,0.5
f1033d0c-7dfa-47bb-8535-aa95dc5b6461.jpg,9.53794369706884e-05,0,0.5
f108fca8-ceb1-4b66-8f81-c1f9840f61ec.jpg,0.16185353696346283,0,0.5
f1090369-da0b-4b31-85ca-5111a2258396.jpg,0.0664302259683609,0,0.5
f1141d1e-2247-4cfa-91cb-d782d9475d33.jpg,3.5487377658682817e-07,0,0.5
f1155af0-eebb-45e5-9d53-9b901b1e242f.jpg,0.0010508488630875945,0,0.5
f12bbc78-e41f-4a8b-9692-f335cb7f4ce8.jpg,0.0012013636296615005,0,0.5
f12caf7a-6734-40f9-ba38-7034172ac6f6.jpg,0.012546646408736706,0,0.5
f12e64a1-8538-4d28-a97e-afe5ff82ed6b.jpg,0.7235067486763,1,0.5
f130ef96-1051-4fd3-9fa4-a25d74100e88.jpg,1.235524905496277e-06,0,0.5
f130f3b2-add5-40a3-a11b-486320d813cd.jpg,1.1001512234543043e-07,0,0.5
f139278c-2f68-450d-843c-ecca104fd790.jpg,0.26421287655830383,0,0.5
f140a20e-fd7c-48b7-9c41-9f9fbd69df03.jpg,0.00029294801061041653,0,0.5
f14aeb40-e78b-4261-981a-1a1b078c9c25.jpg,0.0005751305725425482,0,0.5
f1574c3a-c9c4-43b9-8f93-c3ee43112eb4.jpg,3.2717441627028165e-06,0,0.5
f1578c08-e270-49bc-abf6-4a19e75b26e1.jpg,0.0028372665401548147,0,0.5
f15f2ae0-296a-45c8-b0ea-94e73f6b5206.jpg,3.520817699609324e-05,0,0.5
f16eb22a-af71-4a8c-afb7-fcc46368bf80.jpg,0.001053527696058154,0,0.5
f16f5d14-3771-45c7-adc9-44be15caa39b.jpg,1.503369340127847e-08,0,0.5
f17a146e-1dc0-4df5-9a65-e03b66cb70ed.jpg,3.933322659577243e-06,0,0.5
f17bfa79-6e0d-4003-8d61-5ec893ca3b86.jpg,1.3552148629969452e-05,0,0.5
f17dbdc3-03d5-4657-b9df-7a3ca7dac6ad.jpg,6.807212571402488e-10,0,0.5
f1837fe5-4485-4299-809b-06a6fcae4319.jpg,0.00023893344041425735,0,0.5
f18c8589-5236-45c6-8d75-45cce3bf234e.jpg,3.6751836773873947e-07,0,0.5
f198e825-03da-4d08-a1d0-7f0bd09c956b.jpg,9.250921721104532e-05,0,0.5
f19d0beb-d8b8-4c9c-88dd-84236f8d5903.jpg,1.0394097671451163e-06,0,0.5
f1b0de68-3b11-4047-bea5-96c45d0e8946.jpg,0.0008515785448253155,0,0.5
f1b3092e-107c-46a6-bff8-6c891d5ed023.jpg,3.1304377898777602e-06,0,0.5
f1bdce18-97d8-478c-aa5b-4fb12d4284d3.jpg,0.003847825573757291,0,0.5
f1c7c7bf-73d5-4002-a7a7-3ab631f8fa28.jpg,1.562955631584373e-08,0,0.5
f1cf1c9f-1ebf-42ea-beb3-b0b4c6d094f3.jpg,2.2622728579335671e-07,0,0.5
f1d125d4-0d09-4e0f-b645-a7b6de8ab2dc.jpg,7.067096419177687e-08,0,0.5
f1d73ea2-5db6-47ad-9682-3ce96d7d44bc.jpg,5.580781362368725e-05,0,0.5
f1e18f67-5998-4dda-98fd-d4b6edf1c14a.jpg,0.001197515637613833,0,0.5
f1e9b046-f116-4a95-9bf8-ab03dae526e6.jpg,5.2052932005608454e-05,0,0.5
f1f1099a-bf7d-409f-9a6b-6966c312d0a0.jpg,0.0015192660503089428,0,0.5
f1f1eabc-044a-4e11-a226-2e09f3496df7.jpg,2.0455514615491666e-08,0,0.5
f1f5f220-ecb0-407f-94c2-4ca647b4bcb3.jpg,4.391734087505483e-09,0,0.5
f1f6c027-60c9-4e73-95ce-f2f5a4dbfb19.jpg,0.0012494701659306884,0,0.5
f1fc21ee-3bc4-43f5-8c02-086ac4b9f1f8.jpg,2.2877716387981195e-10,0,0.5
f207b769-ee3a-4707-a905-290d4f808da1.jpg,0.0010619470849633217,0,0.5
f2099544-8959-49fb-b05b-b0a131cc8c5f.jpg,7.144011077153678e-11,0,0.5
f20c3f60-d5e6-475f-b7a3-9c2c61ec27cd.jpg,2.077896882335395e-10,0,0.5
f211919b-aa0c-406f-8297-f3c5394db5b3.jpg,6.0859629229526035e-06,0,0.5
f21e3f13-f2cd-459d-9906-e345a95d8ba2.jpg,0.06862796097993851,0,0.5
f222ea90-4aa0-4493-a472-dab87c36da93.jpg,1.629842039108098e-08,0,0.5
f2311e7d-f009-4480-bb45-0eabaee5df40.jpg,0.0003482189495116472,0,0.5
f2323bb5-8ea2-48e0-bf2d-952bc3b1671a.jpg,7.215408714955629e-08,0,0.5
f23286b3-e911-4125-8909-be1c61ca97e7.jpg,0.001973978942260146,0,0.5
f236915b-9e98-4371-8fb9-e0c35b7ef60a.jpg,0.0012405129382386804,0,0.5
f23e0dfd-0235-4302-b463-84bdf0f43fe3.jpg,1.4478356433755835e-06,0,0.5
f2457d5c-5005-4a68-ae0f-14f2dc2bb884.jpg,0.0005484400899149477,0,0.5
f2479e91-11f0-459a-8fce-10cb5be72852.jpg,5.589605507339002e-07,0,0.5
f248fec6-78e6-453f-98db-a32dc864e86f.jpg,8.604532086842198e-10,0,0.5
f2492a9e-a2ee-4400-b449-fa2d3c86f1ce.jpg,8.279693247459363e-06,0,0.5
f24b85dd-de1d-4097-a2c1-728cae2753b9.jpg,0.0007940556388348341,0,0.5
f24efe89-da87-4daf-9578-5f40663088a7.jpg,5.4259297030512244e-05,0,0.5
f25eadc9-ead5-4572-a5bd-e57e78c53b7a.jpg,8.249751886069134e-07,0,0.5
f2619759-2bdc-41ff-a977-ad3892d1cd58.jpg,0.0015090132365003228,0,0.5
f262e84d-aabd-4ba3-ab34-ce93af6ca147.jpg,5.724266429751879e-07,0,0.5
f267e75e-f051-4d72-9485-115b4f889fec.jpg,2.0297033188398927e-05,0,0.5
f2708281-4eee-4e82-95aa-326ba0e5d79d.jpg,0.004265294875949621,0,0.5
f276629c-375c-406d-8c85-440ac3b89d66.jpg,0.02992257848381996,0,0.5
f279652b-df18-4160-b9f6-194577fc9ab5.jpg,5.852365120295744e-11,0,0.5
f27c2428-d14a-4602-a499-9b8dad99211c.jpg,6.919991574250162e-05,0,0.5
f28520f5-2749-47a9-bb17-253741e9d16a.jpg,0.028420768678188324,0,0.5
f28b8348-327a-4437-8529-da51a94b80f0.jpg,1.790039641491603e-05,0,0.5
f2963882-e666-4a1b-bafa-aa0eaaae3148.jpg,7.220740371849388e-06,0,0.5
f2a26085-7cf5-48a9-bf93-aaeef7ceb118.jpg,0.007123206276446581,0,0.5
f2a72d94-7653-414b-b2e6-1befb1a259b1.jpg,0.00013416196452453732,0,0.5
f2b74f69-3760-4748-8c08-f82ea50d307a.jpg,4.643117790692486e-06,0,0.5
f2bb0b1d-2750-43b8-8fc7-fe27096ce0fd.jpg,0.00029584960429929197,0,0.5
f2dae93e-2767-4b06-a586-b74aa49ed0f2.jpg,8.835117114358582e-06,0,0.5
f2dfb17a-60b0-4dbf-ac74-7019cb059f7a.jpg,1.8891392755904235e-05,0,0.5
f2e9d355-1bfc-42e5-9d0e-1415c34bed1b.jpg,0.0005557931726798415,0,0.5
f2eb734b-fc9d-477e-a61c-e5486761e7b1.jpg,0.7442041635513306,1,0.5
f2f07471-a0a8-4c88-8737-ba677accd17d.jpg,3.676393589557847e-06,0,0.5
f2fb1ae3-b53d-4c25-8fc6-79ff8d503fc3.jpg,2.431243410683237e-05,0,0.5
f30460f4-0085-482c-8b5b-de852862fcf2.jpg,7.794800330884755e-05,0,0.5
f30c2e3d-1e4f-4ced-9c37-80fe3cbb3ee1.jpg,0.000905227439943701,0,0.5
f31f2e46-b19c-4e50-b78b-5d198d7e236e.jpg,4.636749963538023e-06,0,0.5
f321c2bc-5bd9-4efb-8aa1-80b847aca91f.jpg,0.0010676804231479764,0,0.5
f3224276-d658-4626-a310-9b14e0387db5.jpg,5.305787271936424e-05,0,0.5
f323c467-9f0a-42a7-a225-952fc77b3ded.jpg,8.350333473572391e-07,0,0.5
f3318450-b2dc-4689-8230-596187bfee46.jpg,1.7138296115604135e-08,0,0.5
f331d14b-d637-43f5-9ccf-b16791624846.jpg,0.00010374316480010748,0,0.5
f3362c30-df80-428b-a6ec-9b8a5cb264de.jpg,0.8693987727165222,1,0.5
f343eecc-c845-4955-bceb-bd5fa9b46159.jpg,2.5330788133715032e-08,0,0.5
f34d2f63-525d-4baf-953c-5b8b7e7c403a.jpg,0.1947403848171234,0,0.5
f3575874-1daa-4a1e-93a9-068a3e1497c6.jpg,0.00012368294119369239,0,0.5
f358d3b5-a5f5-428e-a762-d9f9dae747b8.jpg,1.726683990455058e-06,0,0.5
f35d7771-6d46-4d89-8941-e6ef2eecb015.jpg,0.0005855326307937503,0,0.5
f36152bc-75a0-46b2-94c7-d663a57eb21c.jpg,8.208587678382173e-05,0,0.5
f362794d-e9de-4ab9-b044-6324052ff9a1.jpg,6.159664917504415e-05,0,0.5
f372fe59-a136-408e-a57f-7abb22d3457b.jpg,0.0023208714555948973,0,0.5
f37366a6-9dbc-4c4a-b7fc-88b2793d6a6f.jpg,0.05530198663473129,0,0.5
f3780f5b-80cf-454c-b2f0-221271f2d9da.jpg,0.1232592761516571,0,0.5
f378cecb-7e4b-4de0-8e8f-f32ab382e1f5.jpg,0.0024807562585920095,0,0.5
f38b2911-4745-4996-b9e0-a0947e852bc2.jpg,0.13997606933116913,0,0.5
f38e365e-b795-4b0a-a171-f14d0933953e.jpg,0.28445228934288025,0,0.5
f391c642-9a36-411c-91e6-b40d1e4ddb09.jpg,1.219832984622471e-10,0,0.5
f39a81aa-1e23-4bb0-85d8-cee1499301d6.jpg,0.001055536326020956,0,0.5
f39aadcc-ede3-4131-afd0-3dcd4584bba5.jpg,5.696405764865631e-07,0,0.5
f3b01547-8764-4da6-8cfe-68f80da94eea.jpg,0.2713807225227356,0,0.5
f3b3e8fe-33e5-4cb0-aa9d-7005bb2a520a.jpg,5.3189924686947165e-11,0,0.5
f3b5a470-b3bb-48b3-8c24-6b6797432a6a.jpg,0.00041655421955510974,0,0.5
f3bf617b-7748-48f6-bf10-106f0299b814.jpg,5.364059688872658e-06,0,0.5
f3d5cf03-014e-45e1-8b07-917df5535ef8.jpg,0.0867241695523262,0,0.5
f3dc5d6d-d09c-4c5d-96e0-1423f4aeca86.jpg,0.7415826320648193,1,0.5
f3e73f10-51a8-4f2b-9244-913286fb9e48.jpg,3.257242269683047e-06,0,0.5
f3ef3bf1-aaf5-4cec-b4c1-18e6ba8cb060.jpg,1.0961622720628839e-09,0,0.5
f3ef4968-e2a3-42aa-827a-5127dd34ca92.jpg,0.15859030187129974,0,0.5
f3f29008-2bd5-4365-b9e9-a52108306da3.jpg,0.008476112969219685,0,0.5
f408a811-7043-417b-b46e-2831a1664c81.jpg,0.07299444824457169,0,0.5
f40d9ca9-92db-4b32-b132-fb2aa3aeafb4.jpg,0.013028116896748543,0,0.5
f411cc35-3c87-485f-a7ce-5a8017133616.jpg,0.15024057030677795,0,0.5
f415daa9-cd44-4502-9e5c-4a9453e8b7b8.jpg,0.0022731926292181015,0,0.5
f4264ff0-215e-4784-97e1-65600fa9d93a.jpg,0.03299006074666977,0,0.5
f42aa806-c7db-4c98-a420-025499d34db0.jpg,2.0450255533432937e-07,0,0.5
f42cc196-e928-42f0-9e55-19409afc6251.jpg,0.00042615243000909686,0,0.5
f4304eff-86aa-403b-9182-492918755cd2.jpg,0.005509955808520317,0,0.5
f4316757-3d0b-4a34-b4ed-45aad9089829.jpg,0.004669191315770149,0,0.5
f432888c-bed5-4478-acaf-3c170c3b0ae6.jpg,6.190167823660886e-06,0,0.5
f43372c5-b2bb-4053-bc7a-bfd9a7c4f0a4.jpg,6.198549817781895e-05,0,0.5
f435d271-5613-4c8c-9f27-8694448b36ab.jpg,5.234177933743922e-06,0,0.5
f43819ef-1264-40fc-91e4-3d0fcc63bdc1.jpg,6.352385753416456e-06,0,0.5
f44b27ff-4d92-43fd-98f3-3b3c6bc9c8f3.jpg,0.00011610209185164422,0,0.5
f44b5d8f-7284-410a-8423-a9a5b012d52c.jpg,0.6550440192222595,1,0.5
f4607ba0-69fc-46d9-835f-e90df16ba691.jpg,0.9872733354568481,1,0.5
f4680305-e5dc-49f7-a0fa-e027f81e9a95.jpg,9.111165127251297e-06,0,0.5
f46c4354-790f-441f-a274-4dc79ae1bf7f.jpg,0.0004135803319513798,0,0.5
f46d3e0f-6b8c-4493-b3d0-831bacf93d02.jpg,0.0003426163166295737,0,0.5
f473db51-a1f1-4735-932a-33e9b97dabf4.jpg,6.973552899580682e-07,0,0.5
f47488c0-d2ff-4c45-8258-5c55dccd4b30.jpg,0.000492313236463815,0,0.5
f474c57d-deb8-48d5-a07e-019c3258ab44.jpg,6.770327445337898e-07,0,0.5
f49e7e39-8b14-40e6-91b0-66fef31d32f4.jpg,3.5491168091539294e-05,0,0.5
f4a75107-7e31-447d-bb21-adaad6c253cc.jpg,4.4122481313024764e-07,0,0.5
f4b0a9c3-9878-4477-8e16-d57304443f8d.jpg,2.5858649678411894e-05,0,0.5
f4b56657-9e25-4697-b3a0-918b9c11fc57.jpg,8.453926966467407e-06,0,0.5
f4b62b9c-3635-4cd3-8f5c-883fc13e9d66.jpg,2.8155409381724894e-07,0,0.5
f4bb640f-f026-4750-9299-482d6635fcd6.jpg,0.07604379951953888,0,0.5
f4c44b05-6245-4c3a-85af-af8e2908c0f8.jpg,0.9101356863975525,1,0.5
f4c4b9fe-07d6-4a6d-87a9-d9e3ba76a4f0.jpg,1.8650962718691488e-10,0,0.5
f4c8cbbe-823c-42a7-bd75-5ec14bfcd4b2.jpg,1.2834339031542186e-05,0,0.5
f4d03b7f-5bc5-41e8-aeed-98c67e68a6f4.jpg,0.0003083195479121059,0,0.5
f4dd146e-26c0-4ed3-9c7e-d968bbf85897.jpg,0.5466724038124084,1,0.5
f4dfd57e-813e-4f4b-89f5-4e601f87a6f8.jpg,0.12580172717571259,0,0.5
f4e9e765-27f5-4a93-88c4-42282539a198.jpg,0.000835755723528564,0,0.5
f4ee9ca3-d17e-47db-a048-b5f6bcc79f7f.jpg,0.09233886003494263,0,0.5
f4f77ae8-e114-4ee8-a8be-f1beadf13706.jpg,0.9069864749908447,1,0.5
f505bb36-7ca5-4030-b7a5-5516e1317722.jpg,0.0003701296227518469,0,0.5
f514057d-3baa-4cdb-a788-5a55c920d37f.jpg,0.0010946034453809261,0,0.5
f515fb75-32da-4d81-84ef-a05105e094d5.jpg,1.4826041478954721e-06,0,0.5
f51b7ec4-cea2-4938-9d10-f6c1893e0850.jpg,1.7325625094599673e-06,0,0.5
f524408d-de95-48b3-b656-e19e97a037bb.jpg,0.006455967668443918,0,0.5
f5278b35-7f88-40bc-bf7d-c285d95b23bf.jpg,1.14562749331526e-06,0,0.5
f529030b-e73d-4c3b-a6e2-494192b21c30.jpg,2.998745003424119e-06,0,0.5
f52f0d4a-1378-495d-a90f-f27ffaf45db8.jpg,5.118340777698904e-05,0,0.5
f52f7b2a-6266-4de9-97ba-575fb7e59ca3.jpg,3.2319075415898624e-08,0,0.5
f53361a7-eac6-40bf-8d17-06fa99c88932.jpg,0.006460658274590969,0,0.5
f53704d0-e903-40f5-b67a-fda4fd68b754.jpg,3.508468353174976e-06,0,0.5
f53f38ff-730c-4525-b120-31a62a0f1a83.jpg,3.3733147120074136e-06,0,0.5
f55f9ae2-6132-4606-8228-0d22a39d91f9.jpg,0.00014318310422822833,0,0.5
f56460e0-8869-4772-b023-95168bd308ec.jpg,0.000271761033218354,0,0.5
f567a514-e1c2-4fd8-aa36-e28ba00a4ede.jpg,0.0013815894490107894,0,0.5
f56cad18-a037-4eb8-9bfb-7da7682c4d69.jpg,6.71358939143829e-05,0,0.5
f56f7334-68c2-4798-83b0-548ee7179610.jpg,0.00014416579506359994,0,0.5
f57cf553-aca2-4a96-84fd-6afd4d52c229.jpg,0.002859988948330283,0,0.5
f58078f8-306a-4092-bd53-c7207a1a2753.jpg,0.38585686683654785,0,0.5
f5890372-09df-4856-8ad0-6b14ae1ad65c.jpg,0.35458043217658997,0,0.5
f58ab06a-8164-4547-879c-322583455f47.jpg,1.3344060079134579e-08,0,0.5
f597f07b-2742-4276-a268-e6cf4345e109.jpg,5.423315542429918e-06,0,0.5
f599914a-8323-497e-bc12-4fc048b53497.jpg,1.537761917802527e-08,0,0.5
f5a77c29-95b7-41c0-a4b9-369213ede8ce.jpg,0.0016022308263927698,0,0.5
f5a8d4e7-7cc7-49f5-b3e6-802716401db6.jpg,0.0029465423431247473,0,0.5
f5abdd1c-954f-4626-9306-7d826b554471.jpg,5.399888181045753e-08,0,0.5
f5af9561-d1b0-4ef3-9059-89a40330640c.jpg,0.03254866972565651,0,0.5
f5b236b7-aa95-4ede-9073-df964456a4a0.jpg,0.07462111860513687,0,0.5
f5b5c2c5-f0ba-4805-99f7-6bd37d0c7bfa.jpg,0.006038452032953501,0,0.5
f5bcc547-920e-483c-b792-433f05d0bc19.jpg,1.3625211067846976e-05,0,0.5
f5c0e41c-55cf-4eef-b8cc-66c3dd3030f1.jpg,0.00016846167272888124,0,0.5
f5c7af27-a945-4d31-a643-118228bfc195.jpg,0.015655290335416794,0,0.5
f5c977c5-a2cd-415d-800e-961269a10918.jpg,0.0047278753481805325,0,0.5
f5cc7ad1-fd4d-46ea-bd6d-f083838882ca.jpg,0.00040305755101144314,0,0.5
f5ce42d8-2f7e-4599-9786-2326e15e1ce9.jpg,0.03895923122763634,0,0.5
f5d48ed9-6282-4da0-af95-4532f7d7cbc8.jpg,1.2463684129215835e-07,0,0.5
f5d4e76c-92e1-4ef1-b64a-dd669e2dca4d.jpg,0.0004980504745617509,0,0.5
f5d6df6d-6e63-4d47-b8a7-de6027ad3e20.jpg,0.11580077558755875,0,0.5
f5df97cc-80a4-4637-b199-32417685842b.jpg,2.810990008583758e-05,0,0.5
f5e37b36-9e6b-47b2-a5e3-6408bd5f94af.jpg,0.0002861127723008394,0,0.5
f5f7cd30-a2b7-49c6-a473-8d4b4b4b1fe6.jpg,2.79806113212544e-06,0,0.5
f5fad540-b59f-4f0e-8860-90531d3fcabe.jpg,3.730376008093117e-08,0,0.5
f5fc3166-dd9c-4975-a1fc-84b624600c6b.jpg,0.0022527656983584166,0,0.5
f6073612-cb1c-4759-8eae-308248304b19.jpg,7.06149023699254e-07,0,0.5
f609e3bb-d7e7-43dc-94ab-6aa7772f115d.jpg,0.003253096016123891,0,0.5
f626db52-9470-4cbb-b878-04a73df127c5.jpg,9.318098376231987e-11,0,0.5
f627636d-7945-4228-accd-10e58bdb4c01.jpg,1.83769998329808e-06,0,0.5
f641c8b4-d3f6-4658-a5d1-8d734c8eab77.jpg,6.03773478360381e-05,0,0.5
f64c4043-bf69-4f95-b7ca-a051d28c9a67.jpg,0.0005060511757619679,0,0.5
f64c62f9-ea62-484f-93c4-30d92ff83669.jpg,2.575513644842431e-05,0,0.5
f64ee2c8-f7eb-4d89-b2ca-5d6a87d91376.jpg,3.2161710360884e-12,0,0.5
f6557b38-3eac-47e5-a8c1-398fe7380d72.jpg,1.9056874134282253e-10,0,0.5
f656060b-fcbc-4b2a-a07d-fe0b7b2cd97e.jpg,1.7685898967556568e-08,0,0.5
f65b6ec8-2e8f-4d6d-b7ef-61aea2a11b07.jpg,0.0030794928316026926,0,0.5
f65f6809-e67d-467e-bd29-05c923204ecf.jpg,0.946147620677948,1,0.5
f66640de-9171-4c73-a4ca-867120bdf4da.jpg,0.00029545105644501746,0,0.5
f66c796d-4f1c-409c-8aac-6c71fb73a85d.jpg,0.01864938624203205,0,0.5
f66cc367-cfe1-4057-8705-2d09b556ab0c.jpg,0.0002196450950577855,0,0.5
f6716181-8822-47e8-a70b-abee65bf37a9.jpg,6.082615868763241e-07,0,0.5
f6845bad-00ca-488b-b951-3204893db816.jpg,1.0587838232822833e-06,0,0.5
f68b294c-6226-476c-bba3-27c377eefc98.jpg,0.00041765443165786564,0,0.5
f6921b2f-fdc3-4c54-a9a1-53b5a974eb1f.jpg,0.0060242642648518085,0,0.5
f698c188-8d87-431e-9b5b-e56e07ccc789.jpg,6.948433650677543e-08,0,0.5
f6997077-b43c-480f-8013-e72ac44024e4.jpg,1.168948529084446e-06,0,0.5
f69d939a-ff69-40bb-a365-ecd15f94ca5e.jpg,9.242966712008638e-07,0,0.5
f69fb911-0499-4cc2-ac96-c6eb196eb6d5.jpg,0.036584362387657166,0,0.5
f6a0fd89-9f69-4a7a-bc34-3e217840a109.jpg,6.613937330257613e-06,0,0.5
f6a5d4fd-4a5f-4b19-b7c4-e92ba00eaa06.jpg,2.0568797935993643e-06,0,0.5
f6a638ad-6de2-49ee-a91c-96c4a45caa81.jpg,4.07405495934654e-05,0,0.5
f6a7a2f9-21d3-442b-91bf-0535aa9b4715.jpg,2.3437607524101622e-05,0,0.5
f6ae153e-cbf7-49d7-a285-aca3f4816a36.jpg,0.00044039252679795027,0,0.5
f6af8cec-61de-44d3-a352-1e861aa6472f.jpg,1.798378548301116e-06,0,0.5
f6b9cac5-3d20-462e-a049-b7f0f23fe91e.jpg,0.3479424715042114,0,0.5
f6d2b8b1-f006-43b2-9b4e-c20fbb6666da.jpg,0.0005576988332904875,0,0.5
f6d991a9-cb5b-4f9d-afc6-90cc8c51e7a9.jpg,5.425293420557864e-05,0,0.5
f6db45e8-7cf4-40f8-a7be-4b3d2684b02a.jpg,2.532356847950723e-05,0,0.5
f6dcd7e0-d1e4-4ce5-94ef-cace99981f75.jpg,0.029115378856658936,0,0.5
f6ded694-e585-4b49-98aa-7f0373ee7a74.jpg,9.206010531670472e-07,0,0.5
f6e9a039-70b1-48aa-86d5-326e680b12e8.jpg,0.0035752332769334316,0,0.5
f6f5d973-49a6-451d-bcee-0b5bae701db5.jpg,3.913752152584493e-05,0,0.5
f6f7b920-9562-4436-a55c-25924ab95495.jpg,9.612506255507469e-05,0,0.5
f6fa7a85-589e-4ab6-acba-2d42d6ce72c2.jpg,3.320497398817679e-06,0,0.5
f702a895-3e78-4575-a817-c787f13be045.jpg,1.4767309721719357e-06,0,0.5
f709f9f8-cada-4d77-ae51-ba2b0426d2f0.jpg,9.637552693675389e-07,0,0.5
f70fb6cf-9963-4ba2-9cf2-fc0395952097.jpg,0.021261019632220268,0,0.5
f714a867-8700-41f5-9ef5-19b70583f349.jpg,8.672676465870666e-11,0,0.5
f716d01f-da75-41d4-aa14-1f37ca193ff2.jpg,9.82049823505804e-05,0,0.5
f71723aa-9d5b-4f62-96d0-ac3da2f5bfd5.jpg,1.0399611033440337e-10,0,0.5
f71d93f6-fb89-4f21-a892-75b543b1fbaa.jpg,0.00012028893252136186,0,0.5
f72ad5b5-cb30-47f6-89c9-301e074174b1.jpg,0.00685321819037199,0,0.5
f732b30f-9fe8-40a3-8372-2f89c5d4aeee.jpg,0.024080390110611916,0,0.5
f7391eb7-3ecc-499a-92bb-5dcea5224ffd.jpg,0.2983117699623108,0,0.5
f73a941f-624d-4a6e-a102-8dcce2a409e8.jpg,0.12481559813022614,0,0.5
f73b809a-bde6-4dd8-bb1e-da8aed7f230e.jpg,3.221131191821769e-05,0,0.5
f7416689-b3d5-49da-861e-7af8099e5347.jpg,2.0959560060873628e-06,0,0.5
f741a592-945f-4695-ac7c-3669cf99b143.jpg,0.009889582172036171,0,0.5
f75ad563-ee4b-4c16-9a7d-3f2763bc6df9.jpg,0.00024116308486554772,0,0.5
f75ebf8c-c9a2-42bf-829d-7bf95b1b262d.jpg,0.38539013266563416,0,0.5
f76668b6-adf6-4477-80a4-7f3209033476.jpg,0.0016987626440823078,0,0.5
f76a3c12-cf7e-4d3e-b22b-17f3958d17f6.jpg,1.1368356354068965e-05,0,0.5
f76cd78a-0802-48de-8446-8df71aaccd88.jpg,0.00038397443131543696,0,0.5
f7749c0d-a269-4f4b-9877-f8286e907287.jpg,0.0014241068856790662,0,0.5
f77a6b06-2231-48e6-8207-09cef8e13500.jpg,1.1181651643710211e-05,0,0.5
f77ffa02-dc86-4965-a1aa-fb744b449fcc.jpg,5.519018486666027e-07,0,0.5
f789064e-b217-4051-a25b-68526d073413.jpg,0.0017765590455383062,0,0.5
f78da6ea-0e0c-4975-9bb6-a2504d99d0b6.jpg,0.0002964535669889301,0,0.5
f78fa4a0-68e0-4e0b-941d-4d16c2b21f3d.jpg,0.0005160664441064,0,0.5
f791cba9-c9ec-4e61-bc0f-0551307d1413.jpg,0.0002310554846189916,0,0.5
f799ed85-e3b9-4e94-8118-2f858c8d6de1.jpg,0.06658570468425751,0,0.5
f79dcc65-e354-43f6-974a-deea774b6778.jpg,2.47350897097931e-07,0,0.5
f79eb522-e1d5-40b1-aac5-952330464083.jpg,4.175746198598063e-06,0,0.5
f7a0e2c7-ca30-467b-8281-bfdad2b13fcc.jpg,0.05635084956884384,0,0.5
f7a17662-cc77-42ba-9d28-3d5f6534db04.jpg,0.013309396803379059,0,0.5
f7a34937-beb6-44d9-aad6-147a9d956ba9.jpg,1.799494566512294e-05,0,0.5
f7ad3504-1d41-49eb-91d2-5a94874e929a.jpg,0.29001566767692566,0,0.5
f7b6544e-5ffa-4011-be3d-f4e5143c804a.jpg,0.001423441688530147,0,0.5
f7be6d83-2a90-4dc6-be12-b7d3026177d0.jpg,0.0005233358242549002,0,0.5
f7c4a2e3-a78a-4817-90ce-b806a29ea3bc.jpg,0.027831317856907845,0,0.5
f7cdcba0-a1e6-4175-ab0c-5860b5d7f09c.jpg,0.000629880465567112,0,0.5
f7d5e4dc-c006-4b9b-a673-8b1b39edece0.jpg,9.130913980470723e-08,0,0.5
f7d91969-efee-46a4-b20d-25cd7c5ee9ea.jpg,3.6241769976186333e-06,0,0.5
f7ddc9e3-e668-4be9-bc63-74158bce1dde.jpg,1.8785431166179478e-05,0,0.5
f7df1cce-7f09-40f5-9d74-f909078c037a.jpg,1.8435927131577046e-06,0,0.5
f7f0619d-0be5-43bc-a1a2-9bc4193a02ff.jpg,0.9540495872497559,1,0.5
f8059cdb-2843-462a-953f-cd678488d5ce.jpg,1.4138298354282597e-07,0,0.5
f8089adc-7a90-4aaa-99c7-7d830bde66ec.jpg,6.246013072086498e-05,0,0.5
f8097e5a-4b97-46fe-a0e8-390c8a34bd2b.jpg,2.610162823657447e-07,0,0.5
f8189f8e-3abf-4996-b082-28f2cefc9160.jpg,2.622446118039079e-07,0,0.5
f82352c4-d1d6-4ad2-b923-7328dd8f9c6a.jpg,0.003954397980123758,0,0.5
f82b56e0-d076-486d-a882-7d66b568fb20.jpg,9.393856453243643e-05,0,0.5
f83a7a5f-2a3b-4d92-8e98-1fb72556e809.jpg,0.00014195106632541865,0,0.5
f8446763-beb8-47ee-8327-9c6306b8fec4.jpg,0.00043679485679604113,0,0.5
f84d2f19-2c82-4b80-a8f3-17757b617947.jpg,0.0004864486982114613,0,0.5
f8520412-da36-4e9d-9373-9097a9422065.jpg,0.05025133490562439,0,0.5
f8542b38-4bac-4a2e-b769-5294cd01962b.jpg,0.29344964027404785,0,0.5
f858fc40-cf0e-4b24-bc49-6f540233519e.jpg,0.0010585003765299916,0,0.5
f8600631-308f-4e42-a7ed-00bc7bf6a81e.jpg,4.190839675288771e-08,0,0.5
f8725b1c-a57f-4fa8-b960-4188b2a2a41f.jpg,0.005412801168859005,0,0.5
f8766683-6d1b-41dc-a50e-e8fdf77aab26.jpg,3.0266744488471886e-06,0,0.5
f8767db9-97ba-4b65-8caa-4a9488402f1c.jpg,0.0021743804682046175,0,0.5
f877484f-22a5-4ea7-8b02-472015ff827f.jpg,1.815479549804877e-06,0,0.5
f87d2332-1657-4b25-bdfa-5f6571ce9b44.jpg,0.0009386766469106078,0,0.5
f88746ff-5ef7-4e5a-86e1-a07eff7acde6.jpg,3.71024725609459e-05,0,0.5
f88df9b8-99e0-4daa-9a6c-d255e918c624.jpg,3.501776424386094e-09,0,0.5
f893a354-6f79-4d2c-a052-ee76057903c2.jpg,0.022495944052934647,0,0.5
f8a0ec86-8244-442b-b748-603b7e9628fa.jpg,0.0008936154772527516,0,0.5
f8b23e1c-7d8d-4fba-b1e9-bc6f83855b1d.jpg,7.225931040011346e-05,0,0.5
f8bdff61-68cc-4056-b568-7b68532e6e88.jpg,0.002561238594353199,0,0.5
f8c07bea-c070-48b8-8075-bda55fcf8e15.jpg,2.474129789931112e-09,0,0.5
f8cc5c2e-302d-4968-9b47-a64f195ee8f5.jpg,0.006079181097447872,0,0.5
f8ccdfb5-238f-442d-a0a6-3b574129f2cb.jpg,2.856134244666464e-07,0,0.5
f8d41f8f-aab4-4bbf-a9e7-0cea7abd19f0.jpg,0.046288829296827316,0,0.5
f8ef400b-9691-4080-83c6-8e8acdf4f18c.jpg,0.0006426928448490798,0,0.5
f8f0c0ae-d51f-4bc9-8e2d-9df77c0ddc47.jpg,6.350210696837166e-06,0,0.5
f907cc03-0ce2-4b0d-aac6-9defd231acfb.jpg,4.278950971325912e-09,0,0.5
f90b4574-f1d6-4352-bf97-b907b59d7b8f.jpg,7.889789412729442e-05,0,0.5
f90d8af8-e36b-44ec-9951-fef39841970e.jpg,0.11485829949378967,0,0.5
f92d2d1a-81d0-4cbe-85a1-0c311c5e16f6.jpg,1.68673054190549e-07,0,0.5
f92d3c62-07b9-47ea-83f7-f6b7d9c361dd.jpg,8.839702059049159e-05,0,0.5
f936354d-edbc-4d19-bba7-6fa7a6dbf081.jpg,1.755550442794629e-07,0,0.5
f936c2e2-cd47-414f-afe2-a3957f29e5aa.jpg,0.0006756957154721022,0,0.5
f93773e1-d47e-402b-a391-2920d7d71038.jpg,0.4127002954483032,0,0.5
f93bc8e9-b1ac-4a8e-9157-67ba95c9b517.jpg,7.870774538787373e-07,0,0.5
f93bf5f2-5c1b-475f-9ecb-a065d4b01513.jpg,1.813747189771675e-06,0,0.5
f9422b4c-9e53-4748-9bfb-c1c43bef9290.jpg,0.15553134679794312,0,0.5
f947962d-236c-4268-88b1-4907261032fd.jpg,0.0007931571453809738,0,0.5
f94a360d-896e-4d15-bac9-9bab3cbe587e.jpg,3.147458846797235e-05,0,0.5
f951c575-f5c1-465c-b258-31ebd3705206.jpg,0.00026379659539088607,0,0.5
f954da61-8d9e-44e2-ac69-c45e8309e6e8.jpg,0.011315631680190563,0,0.5
f957d861-a3c8-48d5-9cda-7abd4fef40d8.jpg,4.4625556938626687e-07,0,0.5
f95c8641-34fd-4d50-aaa2-a6cb7c982260.jpg,0.00486740842461586,0,0.5
f9623043-f115-4f9a-bd3a-8088a15c4901.jpg,0.002131853951141238,0,0.5
f965de9f-a97e-44ec-b200-71f85bfbbe5b.jpg,2.3045597117743455e-05,0,0.5
f96ca050-28ac-4802-8deb-2218034f3d9f.jpg,0.00013582764950115234,0,0.5
f9702142-ea37-47a2-bffd-f783486bd822.jpg,0.0008512565400451422,0,0.5
f9738ea2-3515-4ca9-a76f-ffe93d030757.jpg,0.00022681358677800745,0,0.5
f97c9cf2-1c73-4b5e-bfec-10c82ff25230.jpg,1.8577718947199173e-05,0,0.5
f980b621-184a-4697-abad-28f971a8757a.jpg,1.9105837054667063e-05,0,0.5
f98ae0b2-38be-42c3-b666-3a04c419802d.jpg,0.2911362051963806,0,0.5
f98ce1f5-e805-4fd3-b981-38f9e1ee51a5.jpg,1.2015513675578404e-05,0,0.5
f98e0d86-29d0-402f-b9b6-f46a7f165b45.jpg,0.11921978741884232,0,0.5
f996b26d-1383-4539-9a76-36ffa9bda746.jpg,6.264953555934483e-10,0,0.5
f9a05659-9057-4245-a8bc-22237b725686.jpg,0.07396268844604492,0,0.5
f9ad9b1b-0df1-4143-a0ca-7f9383795293.jpg,9.23970011612596e-10,0,0.5
f9b16b16-a823-4c43-b1e1-8365f72c2df4.jpg,0.00010406040382804349,0,0.5
f9b35b47-b7dd-4731-8ad5-95f666211f09.jpg,3.881033626385033e-05,0,0.5
f9b5fbe2-5a92-413e-a6df-33e3fbfc24cf.jpg,1.1822359497620782e-12,0,0.5
f9b70bf1-2865-44e2-a164-a571633159e4.jpg,1.8207280163551331e-06,0,0.5
f9b833ab-5e3d-45e5-a67b-650bf5b7b470.jpg,1.6044708900153637e-05,0,0.5
f9c6faa7-72e3-42bd-b825-3f747e1212b9.jpg,0.00011969121260335669,0,0.5
f9cd0099-1fe0-4f8f-85be-ed35e30cfd59.jpg,1.0632588782755192e-05,0,0.5
f9d14ae3-8c77-4e61-92ad-e374d9d358dd.jpg,7.198145613074303e-05,0,0.5
f9d1b4ed-d394-455c-9299-6300ad12674d.jpg,1.5606559600200853e-08,0,0.5
f9d458f7-ca21-4bba-a103-3782ad129fa5.jpg,3.37192523147678e-06,0,0.5
f9eaaad6-e761-44dc-b538-924f6f3c3a34.jpg,1.267840798391262e-05,0,0.5
f9f37f12-a18e-4875-be62-c1c3c0eacb3f.jpg,0.00025732838548719883,0,0.5
f9fd76b0-cd9a-4d0d-bf18-ef9bfca2629d.jpg,0.004471724387258291,0,0.5
fa01077a-212d-4c9c-b1d4-a7bf22265a8e.jpg,0.26614904403686523,0,0.5
fa1390f4-b4ea-407d-8136-20c674eb03fa.jpg,0.002303586108610034,0,0.5
fa165ea2-ee5d-46ca-b432-9074cafdd4e4.jpg,0.018560880795121193,0,0.5
fa303f0f-5950-4d25-b5b4-1ac200d7ef2f.jpg,0.0008619471336714923,0,0.5
fa329605-a3c2-4fd0-b70d-1557a1eba755.jpg,0.007958635687828064,0,0.5
fa35f4d2-341c-4b44-9031-f5723aea667f.jpg,3.2436087149534387e-09,0,0.5
fa40b28a-bc4e-42d7-a209-d18e70088e34.jpg,0.07864652574062347,0,0.5
fa46ae17-c8c2-461a-83ac-89fcbe5c12c7.jpg,0.0030724911484867334,0,0.5
fa471d4a-260d-46e8-b4ad-1b7534402603.jpg,0.002964697079733014,0,0.5
fa479b4b-d48d-46ff-bf38-4367a3cc9677.jpg,3.8297563362786613e-13,0,0.5
fa4edb42-2979-4497-a7bd-08e659138e6d.jpg,2.226898914159392e-06,0,0.5
fa595754-e6b0-4dbf-bb78-d695af080436.jpg,0.00045947518083266914,0,0.5
fa65b1f8-cca4-44ce-a886-8b3f003bd77a.jpg,0.0018487339839339256,0,0.5
fa6f1874-2eb3-49bd-a418-0f3b336d77ae.jpg,0.0006286224815994501,0,0.5
fa7438f0-275e-4b97-921a-370e94d99157.jpg,1.2069713761775347e-07,0,0.5
fa7484bf-0b54-4e02-a1e6-9ac1899e415c.jpg,0.3567996621131897,0,0.5
fa76125d-6ac8-4864-a3db-cc5fd81b53ee.jpg,0.0007506751571781933,0,0.5
fa7ba3d7-4734-440a-98fb-c8e3db763611.jpg,0.19644242525100708,0,0.5
fa7dcfed-3690-418b-a77f-1da13cafb6c1.jpg,0.0021934311371296644,0,0.5
fa8198c9-e1f7-42fc-a5e0-9fab38c9218e.jpg,0.00042941488209180534,0,0.5
fa87b107-32d2-4638-a0f7-bf673e496982.jpg,0.303799569606781,0,0.5
fa887efd-c34b-4ee5-84e3-585b725a6bdd.jpg,5.5082001459982877e-11,0,0.5
fa931cc3-753e-40e7-91a6-36dcc0485890.jpg,3.023711542482488e-06,0,0.5
faa2b00f-965f-4bb3-97a2-f9e9cb2ba412.jpg,2.371375273924059e-07,0,0.5
faa72e4e-ae44-4da9-a2d1-fe673969bb98.jpg,0.000383582926588133,0,0.5
faa9645b-2a17-4ee3-89e3-f2dfed90dc9a.jpg,6.543502628630904e-09,0,0.5
faaacc85-f2ee-4eef-a60c-d7cbca5b226d.jpg,0.0001239770936081186,0,0.5
faaace86-a760-4a1e-a21f-7157472add1d.jpg,0.0010752989910542965,0,0.5
faae06ee-bb86-43e5-8b8e-f80415a92aef.jpg,4.6157307309613316e-08,0,0.5
fabb53ea-8aa7-4f8f-8e24-76863cd0c1e9.jpg,0.026155875995755196,0,0.5
fabc197e-2010-4d5a-8084-059f070019c5.jpg,0.0005236815777607262,0,0.5
fac4897e-0df1-4d75-87da-ce3349e45557.jpg,0.03583031892776489,0,0.5
faced4ee-d4cb-44f4-9fe4-876953e091e0.jpg,0.006551223807036877,0,0.5
fad5dba5-506a-401c-8f3a-ea566b6f34e8.jpg,5.129417331772856e-06,0,0.5
fadab97d-b630-40a9-9ef9-904cba80078a.jpg,0.00029875122709199786,0,0.5
fae258ba-a6a9-4d08-80f9-adff1604a801.jpg,8.147117114276625e-06,0,0.5
fae369eb-16aa-4dd1-978b-3fdcc366e94d.jpg,1.3892627976019867e-05,0,0.5
fae79966-c053-4fcf-8090-f937b1b0e9ee.jpg,0.5751281976699829,1,0.5
faefefcd-a77d-4f22-a531-36d800f0d65b.jpg,8.41715248611763e-08,0,0.5
faf07107-7814-4659-953b-c7565b6594d6.jpg,0.1721855252981186,0,0.5
faf24843-392c-45bf-89fd-d3ae8291ee7a.jpg,2.533413180572097e-06,0,0.5
faf41c24-6ae3-4844-85f5-1efae5a67ea0.jpg,1.426687656902459e-09,0,0.5
faf49028-2db3-496f-9ec7-790e9bc01b77.jpg,4.9681453674566e-05,0,0.5
faf5f1f3-6ea5-4e75-8fc9-4dac0d32e2c2.jpg,0.0001726039918139577,0,0.5
fafbcb34-394f-46d1-8978-b18d62fea86a.jpg,0.16466006636619568,0,0.5
fafd6604-76fa-4d07-abd7-c6a1a1aa5feb.jpg,6.294903442949362e-08,0,0.5
fb00d611-fd21-4d31-9c39-33e6f7a5f8fe.jpg,4.262899437890155e-06,0,0.5
fb1c0b79-5701-43a9-b708-b6a1093e4c7f.jpg,1.024112847858305e-07,0,0.5
fb298438-7bd6-483c-a1d6-80895000efdd.jpg,2.9481807928277703e-07,0,0.5
fb2bcbfd-59a1-43c9-90fe-31c62de828e5.jpg,0.0017132830107584596,0,0.5
fb2e5089-6aa1-4df1-8c7d-d7d3ad715002.jpg,0.7120984792709351,1,0.5
fb342117-3468-4a0e-90b0-a8f47892e060.jpg,1.8727693174014348e-08,0,0.5
fb3ab2e4-13c8-4a85-bd96-d3abf127754b.jpg,0.005899549461901188,0,0.5
fb42e3d2-6fdc-4fc2-9467-bede25b9e2ba.jpg,1.3419500533018436e-07,0,0.5
fb4cb70b-d031-4bf8-92bc-1f57504591ea.jpg,8.506927107188034e-11,0,0.5
fb4cebf7-a696-421b-9814-28609871d2f4.jpg,0.04976695403456688,0,0.5
fb55edad-26c7-4e6c-989d-74ad9004dd71.jpg,0.007105606142431498,0,0.5
fb5a3097-8b3e-4da0-8c84-b97e7eacadff.jpg,1.0558637519864078e-08,0,0.5
fb5b24bc-3742-4d64-86d9-746b059346d4.jpg,2.592279315649648e-06,0,0.5
fb5e394a-59e3-470d-ba17-b3661cf3d65e.jpg,0.003414224134758115,0,0.5
fb60a9c2-d2a2-4167-8b28-4337cabd8b2f.jpg,0.0065384842455387115,0,0.5
fb6910ea-f22c-41e5-a8ba-a73d1108418b.jpg,8.754849113756791e-05,0,0.5
fb6f67e0-3d23-408a-9b08-286226954a65.jpg,7.955938485793013e-07,0,0.5
fb72d47e-d08e-49b9-a5ed-4899ec511696.jpg,3.1638755899621174e-06,0,0.5
fb78b423-7f36-43e8-b77b-b538982dee6c.jpg,3.7702007830375805e-05,0,0.5
fb7905c6-ebfe-4bd2-9ddf-9b52d688372b.jpg,0.0013709657359868288,0,0.5
fb89b0d1-92f5-4658-81f9-7b038ab266f7.jpg,0.0007503476226702332,0,0.5
fb8b5464-e153-4369-9dbb-452bd30275ad.jpg,1.0170981834534132e-09,0,0.5
fb984992-2235-4dd3-9e3f-533071b3bdc0.jpg,4.7229912070179125e-07,0,0.5
fb9c4d39-7ff1-4510-bcc3-24cf05eafd46.jpg,0.008470429107546806,0,0.5
fba6790c-d862-4ce4-ac75-324468b13c9c.jpg,2.380016468350732e-07,0,0.5
fba9f37a-dfe6-4fc8-8b63-e2ad95d1b3d3.jpg,0.00011356494360370561,0,0.5
fbb3d884-112a-4e21-b75b-ad3232c76009.jpg,5.124533575262546e-10,0,0.5
fbb946fd-5c0d-4716-8d1a-331b4662ceb2.jpg,0.08503112196922302,0,0.5
fbbd47de-5a2b-4058-a74d-b61e377c1b1b.jpg,6.883539299451513e-06,0,0.5
fbbd8204-b39a-430f-a849-aa4a4d555ef7.jpg,0.04853544756770134,0,0.5
fbc2296b-8434-497a-93af-fdc90c0a3a22.jpg,1.0082745575346053e-05,0,0.5
fbc6ab1d-cbe1-4cee-ad99-e0754f3925e2.jpg,5.8534567415335914e-08,0,0.5
fbcbbf6d-2808-48cc-a2fa-80df007ec086.jpg,2.1616857281969715e-07,0,0.5
fbccc99b-5a1b-408e-ba09-ddb3f332ff96.jpg,0.05388789251446724,0,0.5
fbe04c36-5c0e-4538-adb7-8104eb0fd042.jpg,5.126034920976963e-07,0,0.5
fbea2f91-36f7-4019-ad29-694cac0437c1.jpg,2.5337344595754985e-06,0,0.5
fbededca-ce15-4287-aeda-84cd0d4a1ade.jpg,0.002357141813263297,0,0.5
fbf673de-256d-4027-85fb-82e5e1bfd3c8.jpg,0.0002346871915506199,0,0.5
fbfccb37-62ad-4e53-ad73-2cae858bea48.jpg,5.4435894014659425e-08,0,0.5
fbfcfc51-97d2-45e4-8fb8-de28c641c5a4.jpg,6.449015927501023e-05,0,0.5
fc07c4b7-22ae-42c4-b289-63a3d7cb688a.jpg,1.2623284419532865e-05,0,0.5
fc1c3430-d893-4728-92a4-7060d183cc9a.jpg,4.6399385610129684e-05,0,0.5
fc24a059-246a-4780-a670-2fdb8fa5b82a.jpg,5.445725491881603e-06,0,0.5
fc24df29-025a-46a3-aed7-57d7953720ec.jpg,0.0007921959040686488,0,0.5
fc30f553-2ecd-46ca-9145-7363db2db0f9.jpg,0.7028048038482666,1,0.5
fc329c94-2e3d-4222-91f3-f1cfa005565f.jpg,1.2137113536425659e-09,0,0.5
fc3aaf41-1f7f-4c4f-a813-40d5171454b4.jpg,0.02859102375805378,0,0.5
fc4b2f34-f674-4b96-89d5-9e0a88c2f56d.jpg,5.59329055249691e-05,0,0.5
fc5486bb-e508-46a2-8677-0ef9a943c233.jpg,0.0023147426545619965,0,0.5
fc562185-f457-489e-802a-391d356a1e19.jpg,7.774651322733916e-08,0,0.5
fc5a6f02-84ed-4360-9d29-768a99dab500.jpg,1.8569593862594047e-07,0,0.5
fc5dc812-0303-43ac-b55b-ed8b539f91a6.jpg,2.4693363798178325e-08,0,0.5
fc5dcd41-ce33-4e7f-af8a-03361b24d245.jpg,7.370054663624614e-05,0,0.5
fc5e0537-d523-464d-981f-bf162a6be219.jpg,8.196470844268333e-06,0,0.5
fc5eb1c0-0375-45dd-8dee-00727990ea31.jpg,4.919873536346486e-11,0,0.5
fc611165-07e8-4423-a8a5-c005092bc7df.jpg,2.3391710328724002e-06,0,0.5
fc681920-461e-41e9-94d2-6b4fe4290f2a.jpg,2.2816426081817553e-08,0,0.5
fc74a0ef-8098-402e-87b6-6da743aca033.jpg,7.564196130260825e-05,0,0.5
fc80979f-1536-437a-8115-799e55be5d2a.jpg,0.00017354181909468025,0,0.5
fc80a1eb-473c-4492-91f9-ae898b3d3ed1.jpg,0.10875760018825531,0,0.5
fc882198-da29-4e20-9574-2f88c5043862.jpg,0.0006348429014906287,0,0.5
fc89576c-192f-445f-b981-a0402c571964.jpg,9.142360113401082e-07,0,0.5
fc8c18b9-5cc2-4ea4-974f-f9018b659889.jpg,0.022571928799152374,0,0.5
fc911476-ecff-430f-96d7-e801de2da2bd.jpg,2.609403679798561e-07,0,0.5
fc99cad7-744f-4059-b930-2d231e7bc8f7.jpg,4.791940000359318e-07,0,0.5
fca03509-1296-4d69-8ecc-9c810bd1ca92.jpg,0.001667817123234272,0,0.5
fcaa4da7-a62e-41b8-8db1-59c4fe4d743d.jpg,0.0016985961701720953,0,0.5
fcaf39b7-9441-4193-b560-e5502363b17b.jpg,4.993150469090324e-06,0,0.5
fcaffad0-62e4-41b5-a3a2-ceee1b5c803d.jpg,0.0014760521007701755,0,0.5
fcc900ba-6471-44d4-bd72-2ea0fce551e2.jpg,0.00035948792356066406,0,0.5
fcc9fd08-1351-4aa2-8dec-f7964b3cd88f.jpg,0.003907641861587763,0,0.5
fcd530d1-1d0e-40a1-bafe-34a0ca57f0dc.jpg,0.007994938641786575,0,0.5
fcdc943f-d303-4fb8-8c6d-00d2120d1442.jpg,1.6171929928532336e-06,0,0.5
fceb17fd-3f5e-4ec0-98d9-85956f493503.jpg,0.1414746791124344,0,0.5
fcfdef24-8d5c-417e-bfe3-7177c4940c24.jpg,3.3898586480063386e-06,0,0.5
fd00ac96-ca9b-4581-a06b-a6bc9a981ef5.jpg,0.33372730016708374,0,0.5
fd078597-0ca7-4a4e-a764-d05a12bf07d2.jpg,0.004321568179875612,0,0.5
fd0efb4e-bb80-4ee2-94ff-0d63bd4fe18a.jpg,0.05605924874544144,0,0.5
fd14c8f3-34a7-4bf6-9bf8-9ab7e4769521.jpg,1.6383501222350105e-09,0,0.5
fd1d8792-a78a-4487-9d0b-2a2aa25aa509.jpg,0.000502303650137037,0,0.5
fd1e24a6-3cc5-4ef0-a819-7d5c5487861b.jpg,4.23717028752435e-06,0,0.5
fd28531e-b23b-43fd-85f0-ecb533b1bab0.jpg,0.13230261206626892,0,0.5
fd2c5a87-4cee-43bb-a534-7ecfa5c14643.jpg,0.11725090444087982,0,0.5
fd3e6b3c-413d-4e21-97e2-b111180f86c4.jpg,1.571141001477372e-05,0,0.5
fd3efe67-ef53-498f-b7ea-b6af6c2a85b5.jpg,1.1220299862835237e-14,0,0.5
fd44423f-071a-4a9a-95b5-c2409cfe2352.jpg,0.09587555378675461,0,0.5
fd4c6033-9c6e-4ce0-a124-bbe2c519aec6.jpg,0.006934657692909241,0,0.5
fd5ec5b8-5c5a-4508-97d2-793b08056640.jpg,0.00011216477287234738,0,0.5
fd684efc-2c8d-4ba7-9f43-6e8175c3b1f5.jpg,4.655692464439198e-06,0,0.5
fd698328-b964-477e-b2e1-83cce1571481.jpg,2.4291621230077e-05,0,0.5
fd6b7276-2b88-4235-bcef-d96970eb763f.jpg,7.135303349059541e-06,0,0.5
fd76888c-91c0-41ca-9366-14ce4b976e32.jpg,0.0007959442446008325,0,0.5
fd7f30d7-eb67-4101-b730-57313d2f14fc.jpg,0.053339652717113495,0,0.5
fd7fe333-2e5e-4684-8279-46a41779c43a.jpg,0.9993247985839844,1,0.5
fd8ff466-4dfb-4743-acc1-1e62f981e369.jpg,0.000660309917293489,0,0.5
fd93e60a-5f70-4129-be08-4b88d5da7f13.jpg,8.789925050223246e-05,0,0.5
fd95782d-edff-428b-a5b5-1bf50eba5c03.jpg,1.313317596896013e-07,0,0.5
fd98d430-6bac-4da1-8084-fadeb3e29e57.jpg,1.8397060557617806e-05,0,0.5
fda2e57a-9457-4231-ac0e-6132970e4c91.jpg,0.002687321975827217,0,0.5
fdab34d5-162a-4589-b736-8cc8d07d858c.jpg,7.793462282279506e-05,0,0.5
fdb58601-5d5e-4860-b35f-bf2abc65ca4b.jpg,2.4531591407139786e-05,0,0.5
fdb6bdee-2b76-4663-b831-48ca19550399.jpg,2.9361154929574695e-07,0,0.5
fdbe8e13-9327-4c8f-97ad-bb38b202abdd.jpg,6.810113859501143e-07,0,0.5
fddca2ef-96d6-4c6a-a1a9-de90a18d4d8a.jpg,0.001645364216528833,0,0.5
fde9892f-0ecb-4be6-b17c-9d68efea92bc.jpg,0.0005941817071288824,0,0.5
fded9b0b-c874-4664-9bdc-90f1eb29f51c.jpg,8.211409885383603e-10,0,0.5
fdf939ab-66b5-43fc-9f72-b619913c0403.jpg,0.00011587038898142055,0,0.5
fdfac057-79cf-49a5-a94b-930788dab5ee.jpg,0.06484059244394302,0,0.5
fe01abeb-57db-43b4-aec6-4e88a18b22d3.jpg,0.00012104074994567782,0,0.5
fe020a02-6db4-420a-b933-92d11a2ceaa5.jpg,0.0006603341898880899,0,0.5
fe0c9bb9-28b6-40a1-b735-b2164651a06e.jpg,1.5550918885942622e-10,0,0.5
fe12c543-6dcc-49ea-983c-4e6b5ee09922.jpg,2.5676319637568668e-05,0,0.5
fe171976-bd6a-4dff-bb72-d11b1525def5.jpg,9.975585271604359e-06,0,0.5
fe197b32-5b30-4fe0-9c41-23e3f802236d.jpg,0.19452731311321259,0,0.5
fe34ccb1-0ec2-446e-830e-bb55549cc79c.jpg,1.5888455891399644e-05,0,0.5
fe3b3e39-7414-4642-9f97-af8b9342bc79.jpg,0.005229603499174118,0,0.5
fe3bf266-385e-4018-b74b-0e4353381fb0.jpg,0.8820710778236389,1,0.5
fe56d0ef-803d-42a7-b2f9-0dd9ea267ebe.jpg,4.892649485555012e-08,0,0.5
fe686b19-07b6-4c4a-ba47-de8dca8aa644.jpg,0.012146661058068275,0,0.5
fe731921-9a8a-4d89-b3af-6529974d6238.jpg,3.513129922794178e-05,0,0.5
fe79a42d-8018-406d-9907-00cd6b0d7862.jpg,0.00037344335578382015,0,0.5
fe7ea16d-183b-44fc-9c9d-d48e41990a5d.jpg,8.90881801751675e-06,0,0.5
fe83cee6-32f8-4cd6-827b-c151972b0749.jpg,0.0009123090421780944,0,0.5
fe8ecdab-3f2a-43ca-8fa4-06bd2800ea9e.jpg,0.0003091607941314578,0,0.5
fe8ff1ef-d254-4b44-a2d3-bc0bf930de68.jpg,2.346604048852896e-07,0,0.5
fe913011-edca-429f-89e9-a7e3b6434ab6.jpg,1.8892009165938362e-06,0,0.5
fe96478b-c877-44ad-8e78-c734535684ee.jpg,3.8764994769735495e-08,0,0.5
fe97d556-86a3-43de-bb88-07613de50aff.jpg,0.0001619319518795237,0,0.5
fe9a4bc7-4270-4c30-8eef-668bb05e01a8.jpg,1.175657962448895e-05,0,0.5
fea0de50-2c3e-47ac-bf81-7d1953e024e5.jpg,0.0008077818201854825,0,0.5
feb70701-d2a7-4b5c-a4ce-dc9000da1a05.jpg,0.00011421645467635244,0,0.5
feba8d95-3b21-4b01-ab52-be54cc041e44.jpg,0.00017884743283502758,0,0.5
fec2e505-3215-4817-af4a-6902eaa391e9.jpg,1.0430836482555605e-05,0,0.5
feced0dd-1eae-4e63-9027-a5455d7a8085.jpg,0.0003000871802214533,0,0.5
fed862df-d57e-4f31-a059-f9e3b19ebb29.jpg,1.5371227846117108e-08,0,0.5
fee75a5d-c0a6-4afb-9598-540cfc47837f.jpg,5.802384293929208e-06,0,0.5
feef049c-a638-43b6-8406-60a8f7b5eae7.jpg,4.2062049033120275e-05,0,0.5
ff08e178-97e3-47b3-93e2-1cfdf7c1007b.jpg,1.599778198801971e-09,0,0.5
ff0a6ab3-2482-4eb4-aae8-a44fc42f7c9e.jpg,1.5334526892729627e-07,0,0.5
ff21d6f5-cca5-4c85-b374-76df4e2686db.jpg,1.692938234043595e-09,0,0.5
ff319eb3-9fdf-4af8-a27d-d521efe224a0.jpg,1.3763618881057482e-05,0,0.5
ff33ec9b-606e-4169-a172-6d5bec1ae38a.jpg,1.2533002191617015e-08,0,0.5
ff3459d3-76d9-4ce8-a29f-ef1867e47d58.jpg,0.024463506415486336,0,0.5
ff3bbad9-2aa2-4182-b21b-3818be8aaebe.jpg,9.65275770425933e-09,0,0.5
ff3ec2e6-4019-4dda-8842-1dd16bad82f9.jpg,0.0007500334177166224,0,0.5
ff49eed0-d388-4b6b-ab3d-a42ebaf44953.jpg,2.2723609163222136e-06,0,0.5
ff4eb94b-e30d-4fbb-bf37-8f2c34706ac1.jpg,3.343691423651762e-05,0,0.5
ff574dff-bfd4-44d6-b016-424be1de6719.jpg,1.2077341580152279e-06,0,0.5
ff5a3380-d0f9-4367-bfaa-27d145066520.jpg,0.001430282834917307,0,0.5
ff5b2d02-dc69-4e04-8bba-37e7a4a47018.jpg,9.961705472960602e-06,0,0.5
ff69d287-8af5-4e70-864b-66afb4cfc1bb.jpg,1.2563929885800462e-05,0,0.5
ff6af7f6-385b-4f2e-95fe-0f3d6e74e68f.jpg,0.00020041147945448756,0,0.5
ff7722c8-1255-4000-b4a8-8690498464da.jpg,3.6577046103047905e-07,0,0.5
ff79d8b1-6abe-4531-bf62-03657b21f5b9.jpg,1.2732767800116562e-06,0,0.5
ff8047f5-3012-41f4-912a-755ffa181308.jpg,1.7190153300816746e-08,0,0.5
ff81f806-7ce5-428b-9c35-5e71446f58f5.jpg,0.13464997708797455,0,0.5
ff8d1687-e1b3-48bf-a057-5e2aeee4d6fd.jpg,0.005323891062289476,0,0.5
ff8f3897-3c12-4a0a-ac3d-1b7f9abbe0d9.jpg,0.4810981750488281,0,0.5
ff917b84-ebd0-464b-b905-753df15f876f.jpg,0.08113697171211243,0,0.5
ff934af4-4b4e-470d-a719-983f641c9658.jpg,1.55369550558504e-10,0,0.5
ff94a7fe-aa53-47c5-bfc3-d5bf412a9129.jpg,5.8065463235834613e-05,0,0.5
ff988828-46e4-4672-b632-e921b1fa362c.jpg,1.3546242882966908e-07,0,0.5
ff9b9f6e-c494-4b78-bcc1-d1a6eabbc252.jpg,0.0035132323391735554,0,0.5
ffb58c28-b81b-4049-89cf-21e2e7475a50.jpg,0.002495107240974903,0,0.5
ffbba8e2-edd9-4e20-a5a7-f10764d2ac22.jpg,0.0008865129784680903,0,0.5
ffc044ca-e291-42f5-9f46-28e50449ee79.jpg,0.006854481529444456,0,0.5
ffc04767-a915-4a12-896f-0f082ac77d45.jpg,0.0001285363541683182,0,0.5
ffc38e3d-a620-4ca2-a0bc-abe732b364dd.jpg,0.0006578573957085609,0,0.5
ffc60ce6-a7d6-47b1-a4f7-6f4aeecd6618.jpg,0.04830026626586914,0,0.5
ffc63ce8-0f8a-45e1-a4cb-ef4e7053bf92.jpg,0.00036639737663790584,0,0.5
ffca1f84-a646-428a-860e-7214fcf84326.jpg,0.0118089085444808,0,0.5
ffcabb99-3890-4c62-a8dd-f3ba12e7e740.jpg,8.776559923262539e-08,0,0.5
ffcc1783-fed3-4dab-aa06-826f96e0d572.jpg,3.6274416803649956e-09,0,0.5
ffcf726d-d6c2-47af-9a78-73a5afe8447e.jpg,1.556515235279221e-05,0,0.5
ffd00e3f-f80f-4e9f-8da7-ba0cb033dcc5.jpg,0.00012947616050951183,0,0.5
ffd3f4b4-59d4-43b6-ba85-7c38061a6d2f.jpg,0.0001784010382834822,0,0.5
ffde1448-7d67-4891-831b-43e3778b46a1.jpg,1.1402679547245498e-06,0,0.5
ffea83d8-582c-4937-acc0-3914e8abd18b.jpg,0.030325524508953094,0,0.5
fffc6552-2571-49ac-9293-d64d1833ee77.jpg,2.6346333470428362e-05,0,0.5
fffeda81-22a6-4207-9465-9b7dbcaa1450.jpg,0.020356319844722748,0,0.5
